{
"type": "FeatureCollection",
"name": "strade_unnamed",
"crs": { "type": "name", "properties": { "name": "urn:ogc:def:crs:OGC:1.3:CRS84" } },
"features": [
{ "type": "Feature", "properties": { "name": "", "name_manual": "", "name_original": null, "highway": "service", "status": "unnamed", "description": "unnamed" }, "geometry": { "type": "LineString", "coordinates": [ [ 14.3934149, 40.6339459 ], [ 14.3934457, 40.6339588 ], [ 14.3943481, 40.6343553 ] ] } },
{ "type": "Feature", "properties": { "name": "", "name_manual": "", "name_original": null, "highway": "service", "status": "unnamed", "description": "unnamed" }, "geometry": { "type": "LineString", "coordinates": [ [ 14.39506, 40.6335777 ], [ 14.3950819, 40.6335531 ], [ 14.3953883, 40.6332079 ] ] } },
{ "type": "Feature", "properties": { "name": "", "name_manual": "", "name_original": null, "highway": "residential", "status": "unnamed", "description": "unnamed" }, "geometry": { "type": "LineString", "coordinates": [ [ 14.4083861, 40.6247765 ], [ 14.408147, 40.6247326 ], [ 14.4075121, 40.6244878 ], [ 14.4073838, 40.6244508 ], [ 14.4073288, 40.6244406 ], [ 14.4072796, 40.6244354 ], [ 14.407239, 40.6244345 ], [ 14.4071806, 40.624437 ], [ 14.4070821, 40.6244487 ], [ 14.4068915, 40.6244685 ], [ 14.4068407, 40.6244721 ], [ 14.4067917, 40.624466 ], [ 14.406757, 40.6244519 ] ] } },
{ "type": "Feature", "properties": { "name": "", "name_manual": "", "name_original": null, "highway": "footway", "status": "unnamed", "description": "unnamed" }, "geometry": { "type": "LineString", "coordinates": [ [ 14.3902687, 40.6349569 ], [ 14.39037, 40.6348162 ], [ 14.3904101, 40.6347999 ] ] } },
{ "type": "Feature", "properties": { "name": "", "name_manual": "", "name_original": null, "highway": "footway", "status": "unnamed", "description": "unnamed" }, "geometry": { "type": "LineString", "coordinates": [ [ 14.3903113, 40.6347726 ], [ 14.3903032, 40.6347829 ], [ 14.3901712, 40.6349518 ], [ 14.3901387, 40.6349932 ] ] } },
{ "type": "Feature", "properties": { "name": "", "name_manual": "", "name_original": null, "highway": "footway", "status": "unnamed", "description": "unnamed" }, "geometry": { "type": "LineString", "coordinates": [ [ 14.3901387, 40.6349932 ], [ 14.3899094, 40.6351683 ] ] } },
{ "type": "Feature", "properties": { "name": "", "name_manual": "", "name_original": null, "highway": "footway", "status": "unnamed", "description": "unnamed" }, "geometry": { "type": "LineString", "coordinates": [ [ 14.3902253, 40.634655 ], [ 14.3902002, 40.6346954 ], [ 14.3901927, 40.6347198 ], [ 14.3900549, 40.6349131 ], [ 14.3900232, 40.6349352 ], [ 14.3899812, 40.6349412 ], [ 14.3899059, 40.6350294 ], [ 14.3898424, 40.6351192 ], [ 14.3900616, 40.6352197 ], [ 14.3902687, 40.6349569 ] ] } },
{ "type": "Feature", "properties": { "name": "", "name_manual": "", "name_original": null, "highway": "steps", "status": "unnamed", "description": "unnamed" }, "geometry": { "type": "LineString", "coordinates": [ [ 14.3899048, 40.6351764 ], [ 14.3898489, 40.6351515 ], [ 14.3898207, 40.6351411 ], [ 14.389795, 40.6351382 ], [ 14.3897676, 40.635176 ], [ 14.3897627, 40.635196 ], [ 14.3897651, 40.6352197 ], [ 14.3897858, 40.6352448 ], [ 14.3898177, 40.6352535 ], [ 14.3898636, 40.6352586 ], [ 14.3898894, 40.6352469 ], [ 14.3899038, 40.635235 ], [ 14.3899675, 40.6352272 ] ] } },
{ "type": "Feature", "properties": { "name": "", "name_manual": "", "name_original": null, "highway": "service", "status": "unnamed", "description": "unnamed" }, "geometry": { "type": "LineString", "coordinates": [ [ 14.4071203, 40.6175966 ], [ 14.4071026, 40.6176654 ], [ 14.4070331, 40.617937 ], [ 14.4069601, 40.6180714 ], [ 14.4067603, 40.6184064 ], [ 14.4065724, 40.6183564 ], [ 14.4063848, 40.6182934 ], [ 14.4062626, 40.6181823 ], [ 14.406122, 40.6180379 ], [ 14.4060487, 40.6178234 ], [ 14.4060938, 40.6176235 ] ] } },
{ "type": "Feature", "properties": { "name": "", "name_manual": "", "name_original": null, "highway": "service", "status": "unnamed", "description": "unnamed" }, "geometry": { "type": "LineString", "coordinates": [ [ 14.4014549, 40.6214073 ], [ 14.4014233, 40.621404 ], [ 14.4011591, 40.6212433 ], [ 14.4008882, 40.6211266 ], [ 14.4006877, 40.6211223 ], [ 14.4006178, 40.6212017 ], [ 14.4005629, 40.6212433 ], [ 14.4004677, 40.62128 ], [ 14.4003081, 40.6213166 ], [ 14.4002276, 40.6213636 ], [ 14.3997126, 40.6217992 ], [ 14.3996174, 40.6218451 ], [ 14.3995947, 40.6218235 ], [ 14.3996107, 40.6217809 ], [ 14.3997148, 40.6217017 ], [ 14.39984, 40.6215081 ] ] } },
{ "type": "Feature", "properties": { "name": "", "name_manual": "", "name_original": null, "highway": "footway", "status": "unnamed", "description": "unnamed" }, "geometry": { "type": "LineString", "coordinates": [ [ 14.4029963, 40.6171357 ], [ 14.4032476, 40.6171939 ], [ 14.403238, 40.6174346 ], [ 14.4031187, 40.6178232 ], [ 14.4030596, 40.6179932 ], [ 14.4030206, 40.6182771 ] ] } },
{ "type": "Feature", "properties": { "name": "", "name_manual": "", "name_original": null, "highway": "steps", "status": "unnamed", "description": "unnamed" }, "geometry": { "type": "LineString", "coordinates": [ [ 14.4029963, 40.6171357 ], [ 14.4026899, 40.6171614 ] ] } },
{ "type": "Feature", "properties": { "name": "", "name_manual": "", "name_original": null, "highway": "steps", "status": "unnamed", "description": "unnamed" }, "geometry": { "type": "LineString", "coordinates": [ [ 14.4058987, 40.6151725 ], [ 14.4059904, 40.6150764 ], [ 14.4060811, 40.6148122 ] ] } },
{ "type": "Feature", "properties": { "name": "", "name_manual": "", "name_original": null, "highway": "service", "status": "unnamed", "description": "unnamed" }, "geometry": { "type": "LineString", "coordinates": [ [ 14.4079581, 40.6129768 ], [ 14.408436, 40.6129833 ] ] } },
{ "type": "Feature", "properties": { "name": "", "name_manual": "", "name_original": null, "highway": "service", "status": "unnamed", "description": "unnamed" }, "geometry": { "type": "LineString", "coordinates": [ [ 14.3894316, 40.6319639 ], [ 14.3893919, 40.6320049 ], [ 14.38934, 40.6320586 ], [ 14.3892955, 40.6321046 ], [ 14.3892499, 40.6322349 ], [ 14.3892708, 40.6324356 ], [ 14.3893218, 40.6326249 ], [ 14.3893164, 40.6327531 ], [ 14.3892816, 40.6328895 ], [ 14.3892628, 40.6330198 ], [ 14.3892547, 40.6331256 ], [ 14.3892092, 40.633201 ], [ 14.3891636, 40.6332498 ], [ 14.3891153, 40.6333333 ], [ 14.3890053, 40.6333984 ], [ 14.3889248, 40.6334208 ] ] } },
{ "type": "Feature", "properties": { "name": "", "name_manual": "", "name_original": null, "highway": "steps", "status": "unnamed", "description": "unnamed" }, "geometry": { "type": "LineString", "coordinates": [ [ 14.40653, 40.61431 ], [ 14.40671, 40.61426 ], [ 14.40677, 40.61414 ], [ 14.40679, 40.61418 ], [ 14.40682, 40.61418 ], [ 14.40687, 40.61413 ], [ 14.40693, 40.6141 ], [ 14.40694, 40.61409 ], [ 14.40702, 40.61395 ], [ 14.4070647, 40.6139534 ], [ 14.4070999, 40.6139443 ], [ 14.4071982, 40.6139585 ], [ 14.4072792, 40.6138159 ], [ 14.4074482, 40.6138053 ] ] } },
{ "type": "Feature", "properties": { "name": "", "name_manual": "", "name_original": null, "highway": "service", "status": "unnamed", "description": "unnamed" }, "geometry": { "type": "LineString", "coordinates": [ [ 14.4011724, 40.6239207 ], [ 14.401191, 40.6239008 ], [ 14.4012409, 40.6238474 ], [ 14.4013294, 40.6238168 ], [ 14.4015567, 40.6238056 ], [ 14.4016553, 40.6238003 ] ] } },
{ "type": "Feature", "properties": { "name": "", "name_manual": "", "name_original": null, "highway": "steps", "status": "unnamed", "description": "unnamed" }, "geometry": { "type": "LineString", "coordinates": [ [ 14.4124342, 40.608803 ], [ 14.4123994, 40.6087013 ], [ 14.4124725, 40.608545 ], [ 14.4124964, 40.6085029 ], [ 14.41256, 40.60843 ], [ 14.41264, 40.60842 ], [ 14.4126779, 40.6083956 ], [ 14.4127625, 40.6084171 ], [ 14.41283, 40.60845 ] ] } },
{ "type": "Feature", "properties": { "name": "", "name_manual": "", "name_original": null, "highway": "service", "status": "unnamed", "description": "unnamed" }, "geometry": { "type": "LineString", "coordinates": [ [ 14.4096559, 40.6253151 ], [ 14.40958, 40.62549 ], [ 14.40941, 40.62563 ], [ 14.4093374, 40.6256743 ], [ 14.4088902, 40.6259472 ], [ 14.40893, 40.62619 ], [ 14.40883, 40.62636 ], [ 14.40868, 40.6265 ], [ 14.40871, 40.62666 ], [ 14.40871, 40.6267176 ] ] } },
{ "type": "Feature", "properties": { "name": "", "name_manual": "", "name_original": null, "highway": "track", "status": "unnamed", "description": "unnamed" }, "geometry": { "type": "LineString", "coordinates": [ [ 14.4013128, 40.6148562 ], [ 14.4013223, 40.6148193 ], [ 14.401368, 40.6146766 ], [ 14.4014428, 40.6145296 ], [ 14.4015044, 40.614401 ], [ 14.4015396, 40.6143142 ], [ 14.4015594, 40.6142552 ], [ 14.4015777, 40.6141766 ], [ 14.4016371, 40.6141164 ], [ 14.4017117, 40.6140956 ], [ 14.4017955, 40.614069 ], [ 14.4018367, 40.6140378 ], [ 14.4019357, 40.61398 ], [ 14.4020804, 40.6139106 ], [ 14.4022312, 40.6138597 ], [ 14.402376, 40.6138146 ], [ 14.4024628, 40.6137753 ], [ 14.4025725, 40.6136804 ], [ 14.4026182, 40.6136365 ], [ 14.4027066, 40.6135648 ] ] } },
{ "type": "Feature", "properties": { "name": "", "name_manual": "", "name_original": null, "highway": "service", "status": "unnamed", "description": "unnamed" }, "geometry": { "type": "LineString", "coordinates": [ [ 14.394801, 40.6276908 ], [ 14.3948961, 40.6277357 ], [ 14.3952284, 40.6278441 ], [ 14.3954753, 40.6279345 ], [ 14.3957296, 40.6280277 ], [ 14.3959576, 40.6281121 ], [ 14.3960635, 40.6279614 ] ] } },
{ "type": "Feature", "properties": { "name": "", "name_manual": "", "name_original": null, "highway": "service", "status": "unnamed", "description": "unnamed" }, "geometry": { "type": "LineString", "coordinates": [ [ 14.407315, 40.6098463 ], [ 14.4072158, 40.6099111 ], [ 14.4071305, 40.6099894 ], [ 14.4070671, 40.6100805 ], [ 14.4070542, 40.6101325 ], [ 14.4070512, 40.6102966 ], [ 14.4070492, 40.6103704 ], [ 14.4070899, 40.6104081 ], [ 14.4071484, 40.6103945 ], [ 14.4072208, 40.6103245 ], [ 14.4072992, 40.6102619 ] ] } },
{ "type": "Feature", "properties": { "name": "", "name_manual": "", "name_original": null, "highway": "residential", "status": "unnamed", "description": "unnamed" }, "geometry": { "type": "LineString", "coordinates": [ [ 14.4080151, 40.6104289 ], [ 14.4079176, 40.6104116 ], [ 14.4078951, 40.6103841 ], [ 14.4078802, 40.6103288 ], [ 14.4078677, 40.6102692 ], [ 14.4078755, 40.6101727 ], [ 14.4078747, 40.610059 ], [ 14.4078504, 40.6100371 ], [ 14.4078135, 40.6100555 ], [ 14.4078006, 40.6101506 ], [ 14.4077837, 40.6101616 ], [ 14.4077559, 40.6101558 ], [ 14.4077461, 40.6101341 ], [ 14.4077447, 40.6100629 ], [ 14.4077317, 40.6100463 ], [ 14.4077009, 40.6100451 ], [ 14.4076816, 40.6100588 ], [ 14.4076489, 40.6101305 ], [ 14.4074958, 40.6102466 ], [ 14.4074618, 40.6102662 ], [ 14.4073922, 40.610273 ], [ 14.4072992, 40.6102619 ] ] } },
{ "type": "Feature", "properties": { "name": "", "name_manual": "", "name_original": null, "highway": "service", "status": "unnamed", "description": "unnamed" }, "geometry": { "type": "LineString", "coordinates": [ [ 14.4073097, 40.6101804 ], [ 14.4072992, 40.6102619 ] ] } },
{ "type": "Feature", "properties": { "name": "", "name_manual": "", "name_original": null, "highway": "residential", "status": "unnamed", "description": "unnamed" }, "geometry": { "type": "LineString", "coordinates": [ [ 14.4078504, 40.6100371 ], [ 14.4079171, 40.6099841 ], [ 14.4083496, 40.6097816 ], [ 14.4086313, 40.6096377 ], [ 14.4090092, 40.609457 ], [ 14.4092109, 40.6093708 ], [ 14.4094443, 40.6092613 ], [ 14.4097433, 40.6091483 ] ] } },
{ "type": "Feature", "properties": { "name": "", "name_manual": "", "name_original": null, "highway": "service", "status": "unnamed", "description": "unnamed" }, "geometry": { "type": "LineString", "coordinates": [ [ 14.4097433, 40.6091483 ], [ 14.4098223, 40.6090532 ], [ 14.4099081, 40.6089223 ], [ 14.4100669, 40.608787 ], [ 14.410164, 40.6087223 ], [ 14.4103187, 40.6086447 ], [ 14.4105261, 40.608593 ], [ 14.4108124, 40.6085278 ], [ 14.4111309, 40.608456 ] ] } },
{ "type": "Feature", "properties": { "name": "", "name_manual": "", "name_original": null, "highway": "service", "status": "unnamed", "description": "unnamed" }, "geometry": { "type": "LineString", "coordinates": [ [ 14.4025936, 40.6084134 ], [ 14.4026879, 40.6083496 ], [ 14.4028445, 40.6081998 ], [ 14.4028891, 40.6081736 ], [ 14.4029968, 40.6081318 ], [ 14.4030948, 40.6080991 ], [ 14.4031874, 40.6080497 ], [ 14.4033109, 40.6079535 ], [ 14.4033861, 40.6079047 ], [ 14.4034398, 40.607883 ], [ 14.4036135, 40.607816 ], [ 14.4039789, 40.6076491 ], [ 14.4040112, 40.6076456 ], [ 14.404148, 40.6077618 ], [ 14.4042189, 40.6077632 ], [ 14.4044745, 40.6077462 ] ] } },
{ "type": "Feature", "properties": { "name": "", "name_manual": "", "name_original": null, "highway": "path", "status": "unnamed", "description": "unnamed" }, "geometry": { "type": "LineString", "coordinates": [ [ 14.4038619, 40.6091125 ], [ 14.4039554, 40.6090905 ], [ 14.4040741, 40.609137 ], [ 14.4042289, 40.6092817 ], [ 14.4044124, 40.6094211 ], [ 14.4045671, 40.6095085 ], [ 14.4048442, 40.6095058 ], [ 14.4051033, 40.6094566 ], [ 14.405276, 40.6093692 ], [ 14.4052041, 40.6092899 ], [ 14.4051033, 40.609096 ], [ 14.4049702, 40.6089321 ], [ 14.404945, 40.6087326 ], [ 14.4049378, 40.6085715 ], [ 14.4049198, 40.6084567 ], [ 14.404909, 40.6082873 ], [ 14.4049018, 40.6081316 ], [ 14.4047902, 40.6079486 ], [ 14.4046601, 40.607834 ], [ 14.4046319, 40.6078092 ], [ 14.4045239, 40.6077464 ], [ 14.4044745, 40.6077462 ] ] } },
{ "type": "Feature", "properties": { "name": "", "name_manual": "", "name_original": null, "highway": "footway", "status": "unnamed", "description": "unnamed" }, "geometry": { "type": "LineString", "coordinates": [ [ 14.4038619, 40.6091125 ], [ 14.4037574, 40.6091643 ], [ 14.4036783, 40.6092954 ], [ 14.4035487, 40.6095522 ] ] } },
{ "type": "Feature", "properties": { "name": "", "name_manual": "", "name_original": null, "highway": "path", "status": "unnamed", "description": "unnamed" }, "geometry": { "type": "LineString", "coordinates": [ [ 14.408726, 40.6071682 ], [ 14.408735, 40.607106 ], [ 14.4087437, 40.6070693 ], [ 14.4087632, 40.6070224 ], [ 14.4087694, 40.6069852 ], [ 14.4087657, 40.6069645 ], [ 14.4087662, 40.6069269 ], [ 14.4087069, 40.606842 ], [ 14.408689, 40.606788 ], [ 14.4086725, 40.6067397 ], [ 14.4086313, 40.6066844 ], [ 14.4085923, 40.6066449 ], [ 14.4085686, 40.6065949 ], [ 14.4085361, 40.6065536 ], [ 14.4084808, 40.6064893 ], [ 14.408431, 40.6064471 ], [ 14.4083948, 40.6064088 ], [ 14.4083391, 40.6063632 ], [ 14.4082768, 40.6063253 ], [ 14.4082361, 40.6063181 ], [ 14.4081974, 40.6062899 ], [ 14.4081047, 40.6062297 ], [ 14.408072, 40.6062024 ], [ 14.4079878, 40.6061632 ], [ 14.4079289, 40.6061226 ], [ 14.407876, 40.606097 ], [ 14.407825, 40.606056 ], [ 14.4077977, 40.6060429 ], [ 14.4077397, 40.6060279 ], [ 14.40767, 40.6060098 ], [ 14.4076223, 40.6060043 ], [ 14.4075812, 40.6059828 ], [ 14.4074314, 40.6058897 ], [ 14.4073591, 40.6058655 ], [ 14.4073206, 40.6058373 ], [ 14.4072486, 40.6057939 ], [ 14.4072095, 40.6057767 ], [ 14.4071418, 40.6057515 ], [ 14.40703, 40.605682 ], [ 14.406806, 40.605579 ], [ 14.406566, 40.605549 ], [ 14.4065241, 40.6055359 ], [ 14.4064623, 40.6055307 ], [ 14.4064195, 40.6055283 ], [ 14.4063931, 40.6055146 ], [ 14.406304, 40.6054968 ], [ 14.4061851, 40.6054652 ], [ 14.4060275, 40.6054366 ], [ 14.405956, 40.6054156 ], [ 14.4058913, 40.605371 ], [ 14.405699, 40.60533 ], [ 14.4056803, 40.605319 ], [ 14.40558, 40.60526 ], [ 14.405386, 40.605222 ], [ 14.4052325, 40.6051435 ], [ 14.4050948, 40.6050287 ], [ 14.4050492, 40.604924 ], [ 14.4050245, 40.604803 ], [ 14.4050169, 40.6047729 ], [ 14.4049984, 40.604747 ], [ 14.4049604, 40.604717 ], [ 14.4049014, 40.6046875 ], [ 14.4047522, 40.6046296 ], [ 14.404674, 40.604542 ], [ 14.404599, 40.604456 ], [ 14.4045767, 40.6044365 ], [ 14.4045686, 40.6044132 ], [ 14.4045871, 40.6043893 ], [ 14.4046154, 40.6043514 ], [ 14.40463, 40.604271 ], [ 14.4046173, 40.6042399 ], [ 14.4045459, 40.6041843 ], [ 14.4044922, 40.6041796 ], [ 14.404363, 40.604161 ], [ 14.4042398, 40.6041741 ], [ 14.4041638, 40.6041976 ], [ 14.404103, 40.604264 ], [ 14.404069, 40.6042998 ], [ 14.4040361, 40.6043155 ], [ 14.404004, 40.604309 ], [ 14.4039806, 40.6042881 ], [ 14.4039799, 40.6042362 ], [ 14.4039861, 40.6042174 ], [ 14.4039713, 40.6042054 ], [ 14.4039466, 40.6042087 ], [ 14.4039331, 40.604204 ], [ 14.4038962, 40.6041687 ], [ 14.4038302, 40.604099 ], [ 14.4038279, 40.6040741 ], [ 14.4038247, 40.6040412 ], [ 14.4037963, 40.6040139 ], [ 14.4037469, 40.6039756 ], [ 14.4037438, 40.6039506 ], [ 14.403742, 40.6039299 ], [ 14.4037266, 40.6039061 ], [ 14.4036837, 40.6038785 ], [ 14.4035911, 40.6038594 ], [ 14.4034498, 40.603837 ], [ 14.403427, 40.6038261 ], [ 14.4034214, 40.6038125 ], [ 14.4034327, 40.6037918 ], [ 14.4034309, 40.6037734 ], [ 14.4034107, 40.6037595 ], [ 14.4033194, 40.6037218 ], [ 14.4032894, 40.6036933 ], [ 14.40326, 40.6036672 ], [ 14.403239, 40.6036601 ], [ 14.4032195, 40.6036622 ], [ 14.4032006, 40.6036469 ], [ 14.4031631, 40.603634 ], [ 14.4031602, 40.603618 ], [ 14.4031623, 40.6035997 ], [ 14.4031776, 40.6035771 ], [ 14.4031794, 40.6035321 ], [ 14.4031778, 40.60351 ], [ 14.4031528, 40.6034935 ], [ 14.4031092, 40.6034813 ], [ 14.4030524, 40.6034771 ], [ 14.403, 40.6034909 ], [ 14.4029396, 40.6034902 ], [ 14.4028826, 40.6034753 ], [ 14.4028457, 40.6034585 ], [ 14.402824, 40.603424 ], [ 14.4028162, 40.6034073 ], [ 14.4027829, 40.6033955 ], [ 14.4027704, 40.6033703 ], [ 14.402767, 40.603314 ], [ 14.4027569, 40.6032955 ], [ 14.402703, 40.6032598 ], [ 14.402697, 40.6032415 ], [ 14.402707, 40.6032202 ], [ 14.4027429, 40.6032012 ], [ 14.4027891, 40.6031543 ], [ 14.402806, 40.603125 ], [ 14.402871, 40.602959 ], [ 14.4028636, 40.6029138 ], [ 14.4028708, 40.6028328 ], [ 14.4028722, 40.6027948 ], [ 14.4028724, 40.6027651 ], [ 14.4028575, 40.6027282 ], [ 14.4027884, 40.602702 ], [ 14.4027419, 40.602661 ], [ 14.4026939, 40.6026166 ], [ 14.4026654, 40.6025516 ], [ 14.4025927, 40.6025091 ], [ 14.402461, 40.6024883 ], [ 14.4022939, 40.6024478 ], [ 14.4022284, 40.6024408 ], [ 14.4021982, 40.6024376 ], [ 14.4021517, 40.6024452 ], [ 14.4021053, 40.6024666 ], [ 14.4020536, 40.6025447 ], [ 14.4019925, 40.6027164 ], [ 14.4019751, 40.6027386 ], [ 14.4018811, 40.6028123 ] ] } },
{ "type": "Feature", "properties": { "name": "", "name_manual": "", "name_original": null, "highway": "steps", "status": "unnamed", "description": "unnamed" }, "geometry": { "type": "LineString", "coordinates": [ [ 14.3981072, 40.6308506 ], [ 14.3981294, 40.6307802 ] ] } },
{ "type": "Feature", "properties": { "name": "", "name_manual": "", "name_original": null, "highway": "service", "status": "unnamed", "description": "unnamed" }, "geometry": { "type": "LineString", "coordinates": [ [ 14.3976436, 40.6309275 ], [ 14.3977166, 40.6309447 ], [ 14.3977312, 40.6309481 ], [ 14.3980506, 40.6310135 ], [ 14.3981611, 40.6310362 ] ] } },
{ "type": "Feature", "properties": { "name": "", "name_manual": "", "name_original": null, "highway": "service", "status": "unnamed", "description": "unnamed" }, "geometry": { "type": "LineString", "coordinates": [ [ 14.3988327, 40.6313143 ], [ 14.3987782, 40.6312995 ], [ 14.3987422, 40.6312891 ], [ 14.3986626, 40.6312489 ], [ 14.3984317, 40.6311708 ], [ 14.3983171, 40.6311406 ], [ 14.3983667, 40.6309758 ] ] } },
{ "type": "Feature", "properties": { "name": "", "name_manual": "", "name_original": null, "highway": "footway", "status": "unnamed", "description": "unnamed" }, "geometry": { "type": "LineString", "coordinates": [ [ 14.3889013, 40.6344611 ], [ 14.3891946, 40.6342977 ], [ 14.3893008, 40.6342422 ], [ 14.3893888, 40.6342112 ], [ 14.3895476, 40.6343766 ], [ 14.3895914, 40.6343923 ], [ 14.3897363, 40.6344808 ], [ 14.3898137, 40.6345373 ], [ 14.3898589, 40.634579 ], [ 14.3899052, 40.6346523 ], [ 14.3898616, 40.6346655 ], [ 14.389936, 40.6348151 ], [ 14.3898857, 40.6348467 ], [ 14.3898719, 40.6348533 ], [ 14.3897671, 40.6349037 ], [ 14.3897261, 40.6350334 ], [ 14.3897033, 40.6350792 ], [ 14.3895639, 40.6351322 ], [ 14.3892447, 40.634749 ] ] } },
{ "type": "Feature", "properties": { "name": "", "name_manual": "", "name_original": null, "highway": "footway", "status": "unnamed", "description": "unnamed" }, "geometry": { "type": "LineString", "coordinates": [ [ 14.3903323, 40.6347434 ], [ 14.3904241, 40.6347775 ] ] } },
{ "type": "Feature", "properties": { "name": "", "name_manual": "", "name_original": null, "highway": "footway", "status": "unnamed", "description": "unnamed" }, "geometry": { "type": "LineString", "coordinates": [ [ 14.3903323, 40.6347434 ], [ 14.3902002, 40.6346954 ], [ 14.3901777, 40.634687 ], [ 14.3901711, 40.6346659 ], [ 14.3901571, 40.6346351 ], [ 14.3901459, 40.6346161 ], [ 14.3901434, 40.6345931 ], [ 14.3901534, 40.634573 ], [ 14.3901644, 40.6345529 ] ] } },
{ "type": "Feature", "properties": { "name": "", "name_manual": "", "name_original": null, "highway": "footway", "status": "unnamed", "description": "unnamed" }, "geometry": { "type": "LineString", "coordinates": [ [ 14.3901449, 40.6349403 ], [ 14.3901712, 40.6349518 ] ] } },
{ "type": "Feature", "properties": { "name": "", "name_manual": "", "name_original": null, "highway": "path", "status": "unnamed", "description": "unnamed" }, "geometry": { "type": "LineString", "coordinates": [ [ 14.41283, 40.60845 ], [ 14.41292, 40.60844 ], [ 14.41298, 40.60846 ], [ 14.41299, 40.60846 ], [ 14.41329, 40.6085 ], [ 14.4135247, 40.6084562 ], [ 14.4136971, 40.6083755 ], [ 14.4139534, 40.6083165 ], [ 14.41413, 40.60831 ], [ 14.4144494, 40.6083882 ], [ 14.4145685, 40.6084498 ], [ 14.41451, 40.60868 ], [ 14.41455, 40.60875 ], [ 14.41472, 40.60886 ], [ 14.4147539, 40.6088732 ], [ 14.4147707, 40.6088532 ], [ 14.41482, 40.60867 ], [ 14.41496, 40.6085 ], [ 14.41491, 40.60846 ], [ 14.41495, 40.60841 ], [ 14.41493, 40.60837 ], [ 14.41494, 40.60836 ], [ 14.41501, 40.6082 ], [ 14.41514, 40.60827 ], [ 14.41514, 40.60823 ], [ 14.41519, 40.60824 ], [ 14.41512, 40.60806 ], [ 14.41498, 40.608 ], [ 14.41479, 40.60797 ], [ 14.41463, 40.60781 ], [ 14.4144, 40.60764 ], [ 14.41422, 40.60757 ], [ 14.4139112, 40.6076561 ], [ 14.4138226, 40.6076945 ], [ 14.4136918, 40.6076989 ], [ 14.4136003, 40.6075994 ], [ 14.4135049, 40.6075261 ], [ 14.4133511, 40.6074482 ], [ 14.4132543, 40.6074166 ], [ 14.4132402, 40.607447 ], [ 14.4132223, 40.6074194 ], [ 14.4131, 40.60742 ], [ 14.4130633, 40.6074341 ], [ 14.413012, 40.6073916 ], [ 14.4131255, 40.6073766 ], [ 14.4130606, 40.6073216 ], [ 14.4129197, 40.6073275 ], [ 14.4128473, 40.6073433 ], [ 14.4128532, 40.6073072 ], [ 14.4127625, 40.6072955 ], [ 14.4126171, 40.6072332 ], [ 14.41251, 40.60716 ], [ 14.41241, 40.60704 ], [ 14.41227, 40.60697 ], [ 14.41213, 40.60683 ], [ 14.41199, 40.60673 ], [ 14.41184, 40.60661 ], [ 14.41153, 40.60655 ], [ 14.4112, 40.60644 ], [ 14.41107, 40.60627 ], [ 14.41109, 40.60621 ], [ 14.41121, 40.60606 ], [ 14.41123, 40.60598 ], [ 14.41113, 40.60585 ], [ 14.4111, 40.60561 ], [ 14.41107, 40.60553 ], [ 14.4111, 40.60535 ], [ 14.41113, 40.60529 ], [ 14.41124, 40.60521 ], [ 14.41127, 40.6052 ], [ 14.41134, 40.60508 ], [ 14.41125, 40.605 ], [ 14.41103, 40.6049 ], [ 14.41081, 40.60489 ], [ 14.41064, 40.60494 ], [ 14.4104, 40.60497 ], [ 14.41025, 40.60487 ], [ 14.41008, 40.60494 ], [ 14.40997, 40.605 ], [ 14.40986, 40.60498 ], [ 14.40989, 40.6048 ], [ 14.4097149, 40.6048947 ], [ 14.4096698, 40.604871 ], [ 14.40961, 40.60486 ], [ 14.40966, 40.6048 ], [ 14.4096, 40.60477 ], [ 14.40944, 40.60477 ], [ 14.40953, 40.60469 ], [ 14.40973, 40.6046 ], [ 14.40976, 40.60455 ], [ 14.4096, 40.60456 ], [ 14.40945, 40.60449 ], [ 14.40935, 40.60445 ], [ 14.40924, 40.60444 ], [ 14.4091249, 40.6043869 ], [ 14.40911, 40.60438 ], [ 14.40911, 40.60439 ], [ 14.40909, 40.60438 ], [ 14.40909, 40.60435 ], [ 14.40894, 40.60414 ], [ 14.4088, 40.604 ], [ 14.40863, 40.60371 ], [ 14.40862, 40.6036 ], [ 14.40853, 40.60348 ], [ 14.40849, 40.60331 ], [ 14.4085, 40.60327 ], [ 14.40841, 40.60307 ], [ 14.4084, 40.6029 ], [ 14.40831, 40.60278 ], [ 14.4083, 40.60268 ], [ 14.40817, 40.60252 ], [ 14.40781, 40.6022098 ], [ 14.4076748, 40.602155 ], [ 14.4076336, 40.6020953 ], [ 14.40754, 40.60207 ], [ 14.4073269, 40.6019432 ], [ 14.4073284, 40.6019051 ], [ 14.4073473, 40.6018804 ], [ 14.40731, 40.60179 ], [ 14.40735, 40.60175 ], [ 14.40734, 40.60171 ], [ 14.40732, 40.60163 ], [ 14.40731, 40.60149 ], [ 14.40738, 40.60131 ], [ 14.40738, 40.60126 ], [ 14.40737, 40.6012 ], [ 14.40734, 40.60099 ], [ 14.40735, 40.60083 ], [ 14.40743, 40.60076 ], [ 14.40768, 40.60021 ], [ 14.40794, 40.6002 ], [ 14.40799, 40.60023 ], [ 14.40807, 40.60022 ], [ 14.4082, 40.60029 ], [ 14.40831, 40.60029 ], [ 14.40834, 40.60022 ], [ 14.40826, 40.60007 ], [ 14.40826, 40.60002 ], [ 14.40819, 40.60001 ], [ 14.40803, 40.59988 ], [ 14.40795, 40.59979 ], [ 14.40794, 40.59976 ], [ 14.40797, 40.59973 ], [ 14.40802, 40.59973 ], [ 14.40802, 40.59969 ], [ 14.40806, 40.59965 ], [ 14.40804, 40.59962 ], [ 14.40806, 40.59961 ] ] } },
{ "type": "Feature", "properties": { "name": "", "name_manual": "", "name_original": null, "highway": "path", "status": "unnamed", "description": "unnamed" }, "geometry": { "type": "LineString", "coordinates": [ [ 14.40731, 40.60179 ], [ 14.4072329, 40.6016843 ], [ 14.4071797, 40.6016176 ], [ 14.4071143, 40.6014545 ], [ 14.4070263, 40.6013877 ], [ 14.4069527, 40.6013411 ], [ 14.4069057, 40.6012278 ], [ 14.4064884, 40.6008737 ], [ 14.4063411, 40.6008457 ], [ 14.4062798, 40.6008752 ], [ 14.4062082, 40.6008395 ], [ 14.4061325, 40.6007448 ], [ 14.4058359, 40.6006734 ], [ 14.4058809, 40.6007293 ], [ 14.4058871, 40.6007619 ], [ 14.4058421, 40.6007914 ], [ 14.4057214, 40.6008085 ], [ 14.4056887, 40.6008318 ], [ 14.4057009, 40.6008566 ], [ 14.4055373, 40.6008488 ], [ 14.4053819, 40.6008613 ], [ 14.4050035, 40.600869 ], [ 14.404902, 40.6008816 ], [ 14.4048069, 40.600861 ], [ 14.4047192, 40.6009032 ], [ 14.4046926, 40.6008877 ], [ 14.4045801, 40.6008908 ], [ 14.4044717, 40.6008846 ], [ 14.404351, 40.6009001 ], [ 14.4038376, 40.6009311 ], [ 14.4035901, 40.6009451 ], [ 14.4035001, 40.6009746 ], [ 14.4034061, 40.6009777 ], [ 14.4030113, 40.6008395 ], [ 14.4027147, 40.6008162 ], [ 14.4024325, 40.6007137 ], [ 14.4020582, 40.6006578 ], [ 14.4019886, 40.6006625 ], [ 14.401735, 40.6008846 ], [ 14.4015959, 40.6009684 ], [ 14.4014302, 40.6009995 ], [ 14.4013771, 40.6010461 ], [ 14.4011071, 40.6011594 ], [ 14.4010355, 40.6012542 ], [ 14.4009803, 40.6012448 ], [ 14.4008473, 40.6012076 ], [ 14.4007573, 40.6011424 ], [ 14.4007266, 40.6009886 ], [ 14.4005303, 40.6007681 ], [ 14.4004464, 40.600706 ], [ 14.4003646, 40.6005817 ], [ 14.4003585, 40.6005367 ], [ 14.4003217, 40.6004466 ], [ 14.4002746, 40.6004171 ], [ 14.4000251, 40.6003814 ], [ 14.399976, 40.600327 ], [ 14.3999555, 40.6002665 ], [ 14.3998696, 40.6001764 ], [ 14.3997817, 40.6000009 ], [ 14.3998165, 40.5998767 ], [ 14.3998083, 40.5997431 ], [ 14.3996978, 40.5996111 ], [ 14.3992765, 40.5993642 ], [ 14.3992315, 40.5992772 ], [ 14.3992479, 40.5992369 ], [ 14.3992131, 40.5992136 ], [ 14.3990883, 40.5992431 ], [ 14.3989636, 40.5991856 ], [ 14.3988695, 40.5990862 ], [ 14.3989186, 40.599007 ], [ 14.3988633, 40.5989061 ], [ 14.3987733, 40.5988036 ], [ 14.3986956, 40.5986824 ], [ 14.3986895, 40.5985939 ], [ 14.3986567, 40.5985722 ], [ 14.3986527, 40.5985054 ], [ 14.3985299, 40.5983967 ], [ 14.3983459, 40.5983097 ], [ 14.3981659, 40.598246 ], [ 14.3981116, 40.5982422 ], [ 14.3980391, 40.5982771 ], [ 14.3979102, 40.5983361 ], [ 14.397855, 40.5985085 ], [ 14.3978509, 40.5985892 ], [ 14.3978877, 40.5986265 ], [ 14.3977936, 40.5987057 ], [ 14.3975932, 40.5987585 ], [ 14.3975318, 40.5988284 ], [ 14.3974357, 40.5988533 ], [ 14.3973457, 40.598861 ], [ 14.3973068, 40.5988874 ], [ 14.3972557, 40.5988781 ], [ 14.3972659, 40.5988517 ], [ 14.3973109, 40.5988191 ], [ 14.3972107, 40.5987461 ], [ 14.3971698, 40.5986778 ], [ 14.3972025, 40.5985877 ], [ 14.397315, 40.5984883 ], [ 14.3973395, 40.59842 ], [ 14.3973109, 40.5982849 ], [ 14.3972598, 40.5981699 ], [ 14.3972741, 40.5980581 ], [ 14.3972434, 40.5979649 ], [ 14.3972373, 40.5979059 ], [ 14.3973027, 40.5977894 ], [ 14.3973498, 40.5977646 ], [ 14.3974254, 40.5976792 ], [ 14.3974091, 40.5976543 ], [ 14.3973334, 40.597673 ], [ 14.397272, 40.5976202 ], [ 14.3970982, 40.5976108 ], [ 14.3969284, 40.5975254 ], [ 14.3968037, 40.5975363 ], [ 14.3966789, 40.5974555 ], [ 14.3966339, 40.5973686 ], [ 14.396595, 40.5972971 ], [ 14.3965582, 40.5972568 ], [ 14.3965275, 40.5972164 ], [ 14.3964989, 40.5972272 ], [ 14.3962432, 40.59719 ], [ 14.3961062, 40.597162 ], [ 14.3960387, 40.5971278 ], [ 14.3959364, 40.5971247 ], [ 14.395783, 40.5970735 ], [ 14.3955969, 40.5970067 ], [ 14.3954169, 40.5969648 ], [ 14.395284, 40.5969694 ], [ 14.3952328, 40.5969788 ], [ 14.3951571, 40.5969524 ], [ 14.3950958, 40.5969741 ], [ 14.3950365, 40.5969586 ], [ 14.3948892, 40.5969741 ], [ 14.3948442, 40.5970657 ], [ 14.3946969, 40.5970688 ], [ 14.3945538, 40.5970875 ], [ 14.3944945, 40.5971216 ], [ 14.3944147, 40.5971325 ], [ 14.394249, 40.597103 ], [ 14.394204, 40.5971185 ], [ 14.394069, 40.5971884 ], [ 14.3939872, 40.5972335 ], [ 14.3938171, 40.5972748 ] ] } },
{ "type": "Feature", "properties": { "name": "", "name_manual": "", "name_original": null, "highway": "service", "status": "unnamed", "description": "unnamed" }, "geometry": { "type": "LineString", "coordinates": [ [ 14.4028434, 40.6253238 ], [ 14.4027542, 40.6252428 ], [ 14.4027066, 40.6251859 ], [ 14.4026788, 40.6251256 ], [ 14.4026626, 40.6250868 ] ] } },
{ "type": "Feature", "properties": { "name": "", "name_manual": "", "name_original": null, "highway": "footway", "status": "unnamed", "description": "unnamed" }, "geometry": { "type": "LineString", "coordinates": [ [ 14.4007999, 40.6298657 ], [ 14.4007999, 40.6298889 ] ] } },
{ "type": "Feature", "properties": { "name": "", "name_manual": "", "name_original": null, "highway": "footway", "status": "unnamed", "description": "unnamed" }, "geometry": { "type": "LineString", "coordinates": [ [ 14.3887823, 40.6345473 ], [ 14.3888658, 40.6344813 ], [ 14.3888551, 40.6344559 ], [ 14.3889785, 40.6343856 ], [ 14.3891166, 40.6343083 ], [ 14.3892095, 40.6342558 ], [ 14.3893003, 40.6342126 ], [ 14.3894237, 40.6341587 ] ] } },
{ "type": "Feature", "properties": { "name": "", "name_manual": "", "name_original": null, "highway": "footway", "status": "unnamed", "description": "unnamed" }, "geometry": { "type": "LineString", "coordinates": [ [ 14.3887197, 40.6347134 ], [ 14.3887253, 40.6346358 ], [ 14.3887505, 40.6345791 ], [ 14.3887823, 40.6345473 ] ] } },
{ "type": "Feature", "properties": { "name": "", "name_manual": "", "name_original": null, "highway": "footway", "status": "unnamed", "description": "unnamed" }, "geometry": { "type": "LineString", "coordinates": [ [ 14.3896811, 40.634165 ], [ 14.389664, 40.6341582 ] ] } },
{ "type": "Feature", "properties": { "name": "", "name_manual": "", "name_original": null, "highway": "footway", "status": "unnamed", "description": "unnamed" }, "geometry": { "type": "LineString", "coordinates": [ [ 14.389664, 40.6341582 ], [ 14.3895783, 40.6341009 ], [ 14.3894237, 40.6341587 ] ] } },
{ "type": "Feature", "properties": { "name": "", "name_manual": "", "name_original": null, "highway": "footway", "status": "unnamed", "description": "unnamed" }, "geometry": { "type": "LineString", "coordinates": [ [ 14.3902767, 40.6323945 ], [ 14.3902536, 40.6324759 ], [ 14.3902392, 40.6325128 ], [ 14.3902159, 40.632589 ], [ 14.389988, 40.6331834 ], [ 14.3896648, 40.6339163 ], [ 14.3896058, 40.6340587 ], [ 14.3896191, 40.6341292 ], [ 14.3896811, 40.634165 ], [ 14.3898586, 40.6342676 ], [ 14.3897544, 40.6343887 ], [ 14.3901405, 40.6345444 ], [ 14.3901644, 40.6345529 ], [ 14.3901773, 40.6345575 ], [ 14.390219, 40.6345738 ] ] } },
{ "type": "Feature", "properties": { "name": "", "name_manual": "", "name_original": null, "highway": "service", "status": "unnamed", "description": "unnamed" }, "geometry": { "type": "LineString", "coordinates": [ [ 14.3894247, 40.6312355 ], [ 14.3897791, 40.6313822 ], [ 14.3898422, 40.6314056 ] ] } },
{ "type": "Feature", "properties": { "name": "", "name_manual": "", "name_original": null, "highway": "path", "status": "unnamed", "description": "unnamed" }, "geometry": { "type": "LineString", "coordinates": [ [ 14.4130906, 40.6167956 ], [ 14.4130164, 40.6168751 ], [ 14.4128957, 40.6169424 ], [ 14.4127742, 40.616984 ], [ 14.4126745, 40.6170223 ], [ 14.4126135, 40.6170232 ], [ 14.4125728, 40.6169833 ], [ 14.4125001, 40.6169078 ], [ 14.4124666, 40.6168574 ], [ 14.4124554, 40.6167947 ], [ 14.4124245, 40.6167266 ], [ 14.4123893, 40.6166797 ], [ 14.4123488, 40.6166453 ], [ 14.412305, 40.6166136 ], [ 14.4121595, 40.616498 ], [ 14.4120951, 40.6164354 ], [ 14.4119913, 40.6163704 ], [ 14.4116767, 40.6162608 ], [ 14.4114605, 40.6161894 ], [ 14.4112621, 40.616394 ] ] } },
{ "type": "Feature", "properties": { "name": "", "name_manual": "", "name_original": null, "highway": "path", "status": "unnamed", "description": "unnamed" }, "geometry": { "type": "LineString", "coordinates": [ [ 14.4064882, 40.6120075 ], [ 14.4061584, 40.6120532 ], [ 14.405972, 40.6120501 ], [ 14.4057977, 40.6121346 ], [ 14.4056528, 40.6122323 ], [ 14.4055898, 40.6122099 ], [ 14.405563, 40.6122425 ], [ 14.4055469, 40.6123891 ], [ 14.4054999, 40.6123983 ] ] } },
{ "type": "Feature", "properties": { "name": "", "name_manual": "", "name_original": null, "highway": "steps", "status": "unnamed", "description": "unnamed" }, "geometry": { "type": "LineString", "coordinates": [ [ 14.4054999, 40.6123983 ], [ 14.4054758, 40.612496 ], [ 14.4054423, 40.6125133 ], [ 14.4054289, 40.61255 ], [ 14.4054235, 40.6125795 ], [ 14.4054262, 40.6126131 ], [ 14.4054262, 40.6126436 ], [ 14.4054181, 40.612665 ], [ 14.4053262, 40.6127198 ] ] } },
{ "type": "Feature", "properties": { "name": "", "name_manual": "", "name_original": null, "highway": "path", "status": "unnamed", "description": "unnamed" }, "geometry": { "type": "LineString", "coordinates": [ [ 14.4009434, 40.6153846 ], [ 14.4010597, 40.6152609 ], [ 14.4011006, 40.6151928 ], [ 14.4011854, 40.6150673 ], [ 14.4012275, 40.6150008 ], [ 14.401215, 40.6149583 ], [ 14.4012519, 40.614916 ], [ 14.4012855, 40.6148796 ], [ 14.4013128, 40.6148562 ] ] } },
{ "type": "Feature", "properties": { "name": "", "name_manual": "", "name_original": null, "highway": "footway", "status": "unnamed", "description": "unnamed" }, "geometry": { "type": "LineString", "coordinates": [ [ 14.3992953, 40.6161251 ], [ 14.3993914, 40.6161426 ], [ 14.3994607, 40.6161828 ], [ 14.3995575, 40.6162179 ], [ 14.3996631, 40.6162413 ], [ 14.3997995, 40.616243 ], [ 14.3999645, 40.6162329 ], [ 14.4001251, 40.6162062 ], [ 14.4002395, 40.6161528 ], [ 14.4003451, 40.6161027 ], [ 14.4004375, 40.6160359 ], [ 14.4005233, 40.6159624 ], [ 14.4005761, 40.6159023 ], [ 14.4005827, 40.6158305 ], [ 14.4006178, 40.6157321 ], [ 14.4006311, 40.6156301 ], [ 14.4006443, 40.6155967 ], [ 14.4006993, 40.6155533 ], [ 14.4008202, 40.6154832 ], [ 14.4008928, 40.6154247 ], [ 14.4009434, 40.6153846 ] ] } },
{ "type": "Feature", "properties": { "name": "", "name_manual": "", "name_original": null, "highway": "service", "status": "unnamed", "description": "unnamed" }, "geometry": { "type": "LineString", "coordinates": [ [ 14.4027194, 40.6140583 ], [ 14.4027436, 40.6140135 ], [ 14.4027624, 40.6138791 ], [ 14.4027677, 40.6138445 ], [ 14.4027972, 40.6138038 ], [ 14.40313, 40.613519 ], [ 14.4032139, 40.6134514 ] ] } },
{ "type": "Feature", "properties": { "name": "", "name_manual": "", "name_original": null, "highway": "footway", "status": "unnamed", "description": "unnamed" }, "geometry": { "type": "LineString", "coordinates": [ [ 14.407047, 40.6260125 ], [ 14.4073671, 40.6262285 ], [ 14.4076664, 40.6263912 ], [ 14.4077046, 40.6264316 ], [ 14.4077246, 40.6264531 ], [ 14.4077429, 40.6265048 ], [ 14.4077811, 40.6265578 ], [ 14.4079148, 40.6266221 ] ] } },
{ "type": "Feature", "properties": { "name": "", "name_manual": "", "name_original": null, "highway": "steps", "status": "unnamed", "description": "unnamed" }, "geometry": { "type": "LineString", "coordinates": [ [ 14.4066616, 40.6121349 ], [ 14.406716, 40.612049 ] ] } },
{ "type": "Feature", "properties": { "name": "", "name_manual": "", "name_original": null, "highway": "service", "status": "unnamed", "description": "unnamed" }, "geometry": { "type": "LineString", "coordinates": [ [ 14.4071907, 40.6120889 ], [ 14.4072359, 40.6121565 ], [ 14.4071966, 40.6122351 ], [ 14.407137, 40.6122783 ], [ 14.4070139, 40.6123135 ], [ 14.406938, 40.6123402 ], [ 14.4068661, 40.6123281 ], [ 14.4067649, 40.6122981 ], [ 14.4066395, 40.6122619 ] ] } },
{ "type": "Feature", "properties": { "name": "", "name_manual": "", "name_original": null, "highway": "service", "status": "unnamed", "description": "unnamed" }, "geometry": { "type": "LineString", "coordinates": [ [ 14.4015326, 40.6260461 ], [ 14.4015458, 40.6260471 ], [ 14.4017836, 40.6260613 ] ] } },
{ "type": "Feature", "properties": { "name": "", "name_manual": "", "name_original": null, "highway": "path", "status": "unnamed", "description": "unnamed" }, "geometry": { "type": "LineString", "coordinates": [ [ 14.3984595, 40.6305968 ], [ 14.3984279, 40.6307535 ] ] } },
{ "type": "Feature", "properties": { "name": "", "name_manual": "", "name_original": null, "highway": "path", "status": "unnamed", "description": "unnamed" }, "geometry": { "type": "LineString", "coordinates": [ [ 14.3984731, 40.6305634 ], [ 14.3985001, 40.6305431 ], [ 14.3986357, 40.6304413 ] ] } },
{ "type": "Feature", "properties": { "name": "", "name_manual": "", "name_original": null, "highway": "path", "status": "unnamed", "description": "unnamed" }, "geometry": { "type": "LineString", "coordinates": [ [ 14.3984284, 40.6305697 ], [ 14.3984452, 40.6305843 ], [ 14.3984595, 40.6305968 ], [ 14.3984891, 40.6305773 ], [ 14.3984731, 40.6305634 ], [ 14.3984672, 40.6305582 ], [ 14.398458, 40.6305502 ], [ 14.3984536, 40.6305531 ], [ 14.3984284, 40.6305697 ] ] } },
{ "type": "Feature", "properties": { "name": "", "name_manual": "", "name_original": null, "highway": "path", "status": "unnamed", "description": "unnamed" }, "geometry": { "type": "LineString", "coordinates": [ [ 14.3984595, 40.6305968 ], [ 14.3985851, 40.6307061 ] ] } },
{ "type": "Feature", "properties": { "name": "", "name_manual": "", "name_original": null, "highway": "path", "status": "unnamed", "description": "unnamed" }, "geometry": { "type": "LineString", "coordinates": [ [ 14.3985996, 40.6306299 ], [ 14.3985001, 40.6305431 ] ] } },
{ "type": "Feature", "properties": { "name": "", "name_manual": "", "name_original": null, "highway": "path", "status": "unnamed", "description": "unnamed" }, "geometry": { "type": "LineString", "coordinates": [ [ 14.3983691, 40.6306414 ], [ 14.3982816, 40.6305749 ], [ 14.3982673, 40.6305641 ] ] } },
{ "type": "Feature", "properties": { "name": "", "name_manual": "", "name_original": null, "highway": "path", "status": "unnamed", "description": "unnamed" }, "geometry": { "type": "LineString", "coordinates": [ [ 14.3983851, 40.630501 ], [ 14.3983095, 40.6304435 ] ] } },
{ "type": "Feature", "properties": { "name": "", "name_manual": "", "name_original": null, "highway": "path", "status": "unnamed", "description": "unnamed" }, "geometry": { "type": "LineString", "coordinates": [ [ 14.3984536, 40.6305531 ], [ 14.3983851, 40.630501 ] ] } },
{ "type": "Feature", "properties": { "name": "", "name_manual": "", "name_original": null, "highway": "path", "status": "unnamed", "description": "unnamed" }, "geometry": { "type": "LineString", "coordinates": [ [ 14.3982481, 40.6307322 ], [ 14.3983691, 40.6306414 ], [ 14.3984452, 40.6305843 ] ] } },
{ "type": "Feature", "properties": { "name": "", "name_manual": "", "name_original": null, "highway": "path", "status": "unnamed", "description": "unnamed" }, "geometry": { "type": "LineString", "coordinates": [ [ 14.3983851, 40.630501 ], [ 14.3982816, 40.6305749 ] ] } },
{ "type": "Feature", "properties": { "name": "", "name_manual": "", "name_original": null, "highway": "path", "status": "unnamed", "description": "unnamed" }, "geometry": { "type": "LineString", "coordinates": [ [ 14.3984943, 40.6304215 ], [ 14.3984672, 40.6305582 ] ] } },
{ "type": "Feature", "properties": { "name": "", "name_manual": "", "name_original": null, "highway": "path", "status": "unnamed", "description": "unnamed" }, "geometry": { "type": "LineString", "coordinates": [ [ 14.3986363, 40.6304379 ], [ 14.3984943, 40.6304215 ], [ 14.3983241, 40.6304019 ] ] } },
{ "type": "Feature", "properties": { "name": "", "name_manual": "", "name_original": null, "highway": "path", "status": "unnamed", "description": "unnamed" }, "geometry": { "type": "LineString", "coordinates": [ [ 14.3985727, 40.6307707 ], [ 14.3985851, 40.6307061 ], [ 14.3985996, 40.6306299 ], [ 14.3986357, 40.6304413 ], [ 14.3986363, 40.6304379 ], [ 14.3986591, 40.6303189 ], [ 14.3985378, 40.6302985 ], [ 14.3984587, 40.6302866 ], [ 14.3984173, 40.6302805 ], [ 14.3983958, 40.6302787 ], [ 14.3983765, 40.6302832 ], [ 14.3983619, 40.6302928 ], [ 14.3983552, 40.6303124 ], [ 14.3983497, 40.6303286 ], [ 14.3983296, 40.630386 ], [ 14.3983241, 40.6304019 ], [ 14.3983095, 40.6304435 ], [ 14.3982673, 40.6305641 ], [ 14.398223, 40.6306905 ], [ 14.3982227, 40.6307066 ], [ 14.398227, 40.6307181 ], [ 14.3982469, 40.6307321 ], [ 14.3982481, 40.6307322 ], [ 14.3984279, 40.6307535 ], [ 14.3985727, 40.6307707 ] ] } },
{ "type": "Feature", "properties": { "name": "", "name_manual": "", "name_original": null, "highway": "footway", "status": "unnamed", "description": "unnamed" }, "geometry": { "type": "LineString", "coordinates": [ [ 14.3990752, 40.6308959 ], [ 14.3990773, 40.6308931 ], [ 14.3990917, 40.6308738 ], [ 14.3991157, 40.6308417 ] ] } },
{ "type": "Feature", "properties": { "name": "", "name_manual": "", "name_original": null, "highway": "footway", "status": "unnamed", "description": "unnamed" }, "geometry": { "type": "LineString", "coordinates": [ [ 14.3979201, 40.6301986 ], [ 14.3979202, 40.6301962 ], [ 14.3979228, 40.6301664 ], [ 14.3979232, 40.6301381 ], [ 14.3979234, 40.6301254 ] ] } },
{ "type": "Feature", "properties": { "name": "", "name_manual": "", "name_original": null, "highway": "footway", "status": "unnamed", "description": "unnamed" }, "geometry": { "type": "LineString", "coordinates": [ [ 14.3982495, 40.6302989 ], [ 14.3982554, 40.6302996 ], [ 14.398293, 40.6303042 ], [ 14.3983468, 40.6303108 ] ] } },
{ "type": "Feature", "properties": { "name": "", "name_manual": "", "name_original": null, "highway": "footway", "status": "unnamed", "description": "unnamed" }, "geometry": { "type": "LineString", "coordinates": [ [ 14.3981207, 40.6306708 ], [ 14.3981265, 40.6306719 ], [ 14.3981629, 40.6306793 ], [ 14.3982144, 40.6306896 ] ] } },
{ "type": "Feature", "properties": { "name": "", "name_manual": "", "name_original": null, "highway": "footway", "status": "unnamed", "description": "unnamed" }, "geometry": { "type": "LineString", "coordinates": [ [ 14.3984859, 40.6301772 ], [ 14.3984845, 40.6301851 ], [ 14.3984722, 40.6302362 ], [ 14.3984604, 40.6302802 ] ] } },
{ "type": "Feature", "properties": { "name": "", "name_manual": "", "name_original": null, "highway": "footway", "status": "unnamed", "description": "unnamed" }, "geometry": { "type": "LineString", "coordinates": [ [ 14.3990801, 40.630332 ], [ 14.3990721, 40.6303718 ], [ 14.3990709, 40.6303778 ] ] } },
{ "type": "Feature", "properties": { "name": "", "name_manual": "", "name_original": null, "highway": "footway", "status": "unnamed", "description": "unnamed" }, "geometry": { "type": "LineString", "coordinates": [ [ 14.3993473, 40.6305397 ], [ 14.3993626, 40.630547 ], [ 14.3994117, 40.6305703 ], [ 14.399464, 40.6305951 ], [ 14.3994799, 40.6306027 ] ] } },
{ "type": "Feature", "properties": { "name": "", "name_manual": "", "name_original": null, "highway": "footway", "status": "unnamed", "description": "unnamed" }, "geometry": { "type": "LineString", "coordinates": [ [ 14.3990547, 40.6309474 ], [ 14.3990735, 40.6309552 ], [ 14.3991046, 40.6309682 ], [ 14.3991568, 40.63099 ], [ 14.3991686, 40.6309949 ] ] } },
{ "type": "Feature", "properties": { "name": "", "name_manual": "", "name_original": null, "highway": "footway", "status": "unnamed", "description": "unnamed" }, "geometry": { "type": "LineString", "coordinates": [ [ 14.398243, 40.6307382 ], [ 14.398234, 40.6307599 ], [ 14.3982212, 40.6307907 ] ] } },
{ "type": "Feature", "properties": { "name": "", "name_manual": "", "name_original": null, "highway": "footway", "status": "unnamed", "description": "unnamed" }, "geometry": { "type": "LineString", "coordinates": [ [ 14.398787, 40.631282 ], [ 14.398965, 40.6310616 ], [ 14.3990547, 40.6309474 ], [ 14.3990857, 40.6309079 ], [ 14.399082, 40.6308985 ], [ 14.3990752, 40.6308959 ], [ 14.3990688, 40.6308933 ], [ 14.3987749, 40.6308509 ], [ 14.3986329, 40.6308333 ], [ 14.3983726, 40.6308044 ], [ 14.3982789, 40.6307974 ], [ 14.3982212, 40.6307907 ], [ 14.3981294, 40.6307802 ], [ 14.3980044, 40.6307634 ], [ 14.3979022, 40.6307545 ], [ 14.397841, 40.6307585 ], [ 14.3978087, 40.6307662 ], [ 14.3977742, 40.6307851 ], [ 14.3977506, 40.63081 ], [ 14.3977239, 40.6308564 ], [ 14.3977101, 40.6308802 ], [ 14.3977012, 40.6309021 ], [ 14.397703, 40.6309077 ], [ 14.3977074, 40.6309115 ], [ 14.3977273, 40.6309174 ], [ 14.3977936, 40.6309316 ], [ 14.3978347, 40.63094 ], [ 14.3978631, 40.6309388 ], [ 14.3978922, 40.6309307 ], [ 14.3979079, 40.6309226 ], [ 14.3979211, 40.6309124 ], [ 14.3979304, 40.6309022 ], [ 14.3979425, 40.6308823 ], [ 14.3980473, 40.6309026 ], [ 14.3980865, 40.6309102 ], [ 14.3981313, 40.6309188 ] ] } },
{ "type": "Feature", "properties": { "name": "", "name_manual": "", "name_original": null, "highway": "footway", "status": "unnamed", "description": "unnamed" }, "geometry": { "type": "LineString", "coordinates": [ [ 14.3978477, 40.6310225 ], [ 14.3976576, 40.6309842 ], [ 14.3976423, 40.6309849 ], [ 14.3976315, 40.6309913 ], [ 14.3976238, 40.6309999 ], [ 14.3975923, 40.6310615 ], [ 14.3975831, 40.6310589 ], [ 14.3975622, 40.6310531 ], [ 14.3975336, 40.6310454 ], [ 14.3976943, 40.6307652 ], [ 14.3977141, 40.6307402 ], [ 14.3977737, 40.6307095 ], [ 14.3978267, 40.6306954 ], [ 14.3979028, 40.6306943 ], [ 14.3979889, 40.6306987 ], [ 14.3980147, 40.6307019 ], [ 14.3980641, 40.630708 ], [ 14.3980808, 40.6307083 ], [ 14.3980931, 40.6307069 ], [ 14.3981047, 40.6306988 ], [ 14.3981114, 40.6306898 ], [ 14.3981207, 40.6306708 ], [ 14.3982478, 40.6303134 ], [ 14.3982495, 40.6302989 ], [ 14.3982474, 40.6302844 ], [ 14.3982415, 40.6302706 ], [ 14.398232, 40.630258 ], [ 14.3982194, 40.6302471 ], [ 14.3982042, 40.6302383 ], [ 14.3981863, 40.6302318 ], [ 14.3981635, 40.6302254 ], [ 14.3979932, 40.6302011 ], [ 14.3979201, 40.6301986 ], [ 14.397726, 40.6301922 ], [ 14.3976477, 40.6301927 ], [ 14.397624, 40.6301914 ] ] } },
{ "type": "Feature", "properties": { "name": "", "name_manual": "", "name_original": null, "highway": "service", "status": "unnamed", "description": "unnamed" }, "geometry": { "type": "LineString", "coordinates": [ [ 14.3980698, 40.6301785 ], [ 14.3980775, 40.6301394 ], [ 14.3981131, 40.6299039 ], [ 14.3981127, 40.6298591 ], [ 14.3980014, 40.6297314 ], [ 14.3979914, 40.6297105 ], [ 14.3980001, 40.6296805 ], [ 14.3981677, 40.6294296 ], [ 14.3982549, 40.6292377 ], [ 14.398332, 40.6291349 ], [ 14.3988376, 40.6292963 ], [ 14.3988571, 40.6292642 ], [ 14.3983823, 40.6291013 ], [ 14.3984158, 40.6290474 ], [ 14.3974067, 40.6286692 ] ] } },
{ "type": "Feature", "properties": { "name": "", "name_manual": "", "name_original": null, "highway": "footway", "status": "unnamed", "description": "unnamed" }, "geometry": { "type": "LineString", "coordinates": [ [ 14.3958278, 40.6295828 ], [ 14.3958228, 40.6295944 ], [ 14.3957792, 40.6296692 ], [ 14.3957362, 40.6297431 ], [ 14.3957309, 40.6297521 ] ] } },
{ "type": "Feature", "properties": { "name": "", "name_manual": "", "name_original": null, "highway": "steps", "status": "unnamed", "description": "unnamed" }, "geometry": { "type": "LineString", "coordinates": [ [ 14.3960734, 40.6296534 ], [ 14.3960674, 40.6296636 ] ] } },
{ "type": "Feature", "properties": { "name": "", "name_manual": "", "name_original": null, "highway": "footway", "status": "unnamed", "description": "unnamed" }, "geometry": { "type": "LineString", "coordinates": [ [ 14.396112, 40.6295976 ], [ 14.3961158, 40.6296164 ], [ 14.3960853, 40.6296674 ] ] } },
{ "type": "Feature", "properties": { "name": "", "name_manual": "", "name_original": null, "highway": "footway", "status": "unnamed", "description": "unnamed" }, "geometry": { "type": "LineString", "coordinates": [ [ 14.3960734, 40.6296534 ], [ 14.3960934, 40.6296183 ], [ 14.3961158, 40.6296164 ] ] } },
{ "type": "Feature", "properties": { "name": "", "name_manual": "", "name_original": null, "highway": "footway", "status": "unnamed", "description": "unnamed" }, "geometry": { "type": "LineString", "coordinates": [ [ 14.3957792, 40.6296692 ], [ 14.3958331, 40.6296876 ] ] } },
{ "type": "Feature", "properties": { "name": "", "name_manual": "", "name_original": null, "highway": "service", "status": "unnamed", "description": "unnamed" }, "geometry": { "type": "LineString", "coordinates": [ [ 14.3960373, 40.6290729 ], [ 14.3960476, 40.6290987 ], [ 14.3960494, 40.6291032 ], [ 14.3960512, 40.6291076 ], [ 14.3960783, 40.6291792 ], [ 14.3960334, 40.6292601 ] ] } },
{ "type": "Feature", "properties": { "name": "", "name_manual": "", "name_original": null, "highway": "service", "status": "unnamed", "description": "unnamed" }, "geometry": { "type": "LineString", "coordinates": [ [ 14.3972197, 40.6301089 ], [ 14.3972283, 40.6300783 ], [ 14.397233, 40.6300615 ], [ 14.3972379, 40.6300438 ] ] } },
{ "type": "Feature", "properties": { "name": "", "name_manual": "", "name_original": null, "highway": "footway", "status": "unnamed", "description": "unnamed" }, "geometry": { "type": "LineString", "coordinates": [ [ 14.3957295, 40.6297556 ], [ 14.3958329, 40.6297833 ], [ 14.3958449, 40.6297932 ], [ 14.3959124, 40.6298181 ], [ 14.3959876, 40.6298424 ], [ 14.3962341, 40.6299277 ], [ 14.3964091, 40.6299745 ], [ 14.3965129, 40.6299993 ], [ 14.396562, 40.630007 ], [ 14.3965958, 40.6300108 ], [ 14.3965961, 40.6300089 ], [ 14.3965976, 40.6299968 ] ] } },
{ "type": "Feature", "properties": { "name": "", "name_manual": "", "name_original": null, "highway": "footway", "status": "unnamed", "description": "unnamed" }, "geometry": { "type": "LineString", "coordinates": [ [ 14.3964965, 40.6299822 ], [ 14.3964639, 40.6299736 ], [ 14.3964769, 40.6299541 ] ] } },
{ "type": "Feature", "properties": { "name": "", "name_manual": "", "name_original": null, "highway": "steps", "status": "unnamed", "description": "unnamed" }, "geometry": { "type": "LineString", "coordinates": [ [ 14.3965691, 40.629994 ], [ 14.3965141, 40.6299868 ], [ 14.3964965, 40.6299822 ] ] } },
{ "type": "Feature", "properties": { "name": "", "name_manual": "", "name_original": null, "highway": "footway", "status": "unnamed", "description": "unnamed" }, "geometry": { "type": "LineString", "coordinates": [ [ 14.3975706, 40.6301868 ], [ 14.3975905, 40.6301885 ], [ 14.397624, 40.6301914 ] ] } },
{ "type": "Feature", "properties": { "name": "", "name_manual": "", "name_original": null, "highway": "footway", "status": "unnamed", "description": "unnamed" }, "geometry": { "type": "LineString", "coordinates": [ [ 14.3971315, 40.6301446 ], [ 14.3971326, 40.630139 ], [ 14.3971397, 40.6301012 ], [ 14.3971456, 40.6300701 ], [ 14.3971488, 40.630053 ] ] } },
{ "type": "Feature", "properties": { "name": "", "name_manual": "", "name_original": null, "highway": "footway", "status": "unnamed", "description": "unnamed" }, "geometry": { "type": "LineString", "coordinates": [ [ 14.3958574, 40.6298587 ], [ 14.3959932, 40.6299029 ], [ 14.396235, 40.6299747 ], [ 14.3963846, 40.6300129 ], [ 14.3963893, 40.6300125 ], [ 14.3966489, 40.6300676 ], [ 14.3966574, 40.6300665 ], [ 14.3967656, 40.6300895 ], [ 14.3968345, 40.6301051 ], [ 14.396862, 40.6301113 ], [ 14.3971315, 40.6301446 ], [ 14.3972378, 40.630158 ], [ 14.3975706, 40.6301868 ] ] } },
{ "type": "Feature", "properties": { "name": "", "name_manual": "", "name_original": null, "highway": "footway", "status": "unnamed", "description": "unnamed" }, "geometry": { "type": "LineString", "coordinates": [ [ 14.3965691, 40.629994 ], [ 14.3965976, 40.6299968 ], [ 14.3968996, 40.6300264 ], [ 14.3971488, 40.630053 ], [ 14.397233, 40.6300615 ], [ 14.3973567, 40.630074 ], [ 14.3976059, 40.6300992 ], [ 14.3976819, 40.630106 ], [ 14.3979234, 40.6301254 ], [ 14.3980259, 40.6301335 ] ] } },
{ "type": "Feature", "properties": { "name": "", "name_manual": "", "name_original": null, "highway": "path", "status": "unnamed", "description": "unnamed" }, "geometry": { "type": "LineString", "coordinates": [ [ 14.3975685, 40.6292458 ], [ 14.3975793, 40.6292245 ], [ 14.3976038, 40.6292021 ], [ 14.3977719, 40.629191 ], [ 14.3977856, 40.6291849 ], [ 14.3977894, 40.6291744 ], [ 14.3977856, 40.6291605 ], [ 14.3977724, 40.6291467 ], [ 14.3977501, 40.6291368 ], [ 14.3977145, 40.6291209 ], [ 14.3972883, 40.6289308 ], [ 14.3972021, 40.6288923 ] ] } },
{ "type": "Feature", "properties": { "name": "", "name_manual": "", "name_original": null, "highway": "path", "status": "unnamed", "description": "unnamed" }, "geometry": { "type": "LineString", "coordinates": [ [ 14.3975595, 40.6292635 ], [ 14.3975606, 40.6292614 ], [ 14.3975673, 40.6292481 ], [ 14.3975685, 40.6292458 ] ] } },
{ "type": "Feature", "properties": { "name": "", "name_manual": "", "name_original": null, "highway": "path", "status": "unnamed", "description": "unnamed" }, "geometry": { "type": "LineString", "coordinates": [ [ 14.3975539, 40.6293268 ], [ 14.3974759, 40.6294256 ], [ 14.3977444, 40.62955 ], [ 14.3977387, 40.6295597 ], [ 14.3976843, 40.6296411 ], [ 14.3975362, 40.6298355 ], [ 14.3973706, 40.6300561 ], [ 14.3973567, 40.630074 ] ] } },
{ "type": "Feature", "properties": { "name": "", "name_manual": "", "name_original": null, "highway": "path", "status": "unnamed", "description": "unnamed" }, "geometry": { "type": "LineString", "coordinates": [ [ 14.3977501, 40.6291368 ], [ 14.3977736, 40.6290999 ], [ 14.3978051, 40.6290961 ], [ 14.3978478, 40.6291099 ], [ 14.3978937, 40.6291228 ], [ 14.3979296, 40.6291367 ], [ 14.3979371, 40.6291558 ], [ 14.3979321, 40.6291686 ], [ 14.3979102, 40.6291965 ], [ 14.3978874, 40.6292148 ], [ 14.3978626, 40.6292199 ], [ 14.3978351, 40.6292296 ], [ 14.3978016, 40.6292545 ], [ 14.3977755, 40.6292754 ], [ 14.3977553, 40.6293013 ], [ 14.3977372, 40.6293339 ], [ 14.3977218, 40.6293792 ], [ 14.3977124, 40.6294113 ], [ 14.3976957, 40.6294281 ], [ 14.3976782, 40.6294362 ], [ 14.3976534, 40.6294357 ], [ 14.3976299, 40.6294275 ], [ 14.3976118, 40.6294118 ], [ 14.3976025, 40.6293945 ], [ 14.3975539, 40.6293268 ], [ 14.3975504, 40.6293008 ], [ 14.3975548, 40.6292727 ], [ 14.3975595, 40.6292635 ] ] } },
{ "type": "Feature", "properties": { "name": "", "name_manual": "", "name_original": null, "highway": "footway", "status": "unnamed", "description": "unnamed" }, "geometry": { "type": "LineString", "coordinates": [ [ 14.4056328, 40.6108051 ], [ 14.4054365, 40.6108765 ], [ 14.4052727, 40.610934 ], [ 14.4051479, 40.6109377 ], [ 14.4050109, 40.6109043 ], [ 14.4049742, 40.6108727 ], [ 14.4049379, 40.6107061 ] ] } },
{ "type": "Feature", "properties": { "name": "", "name_manual": "", "name_original": null, "highway": "service", "status": "unnamed", "description": "unnamed" }, "geometry": { "type": "LineString", "coordinates": [ [ 14.3977545, 40.6323172 ], [ 14.3977166, 40.6323007 ], [ 14.3977031, 40.6322948 ], [ 14.3976906, 40.6322894 ], [ 14.3976011, 40.6322494 ] ] } },
{ "type": "Feature", "properties": { "name": "", "name_manual": "", "name_original": null, "highway": "service", "status": "unnamed", "description": "unnamed" }, "geometry": { "type": "LineString", "coordinates": [ [ 14.3980884, 40.6319556 ], [ 14.3980514, 40.6319348 ], [ 14.3980409, 40.6319289 ], [ 14.3980266, 40.6319208 ], [ 14.3979706, 40.6319018 ], [ 14.3979102, 40.6319537 ] ] } },
{ "type": "Feature", "properties": { "name": "", "name_manual": "", "name_original": null, "highway": "service", "status": "unnamed", "description": "unnamed" }, "geometry": { "type": "LineString", "coordinates": [ [ 14.3979697, 40.6320858 ], [ 14.397928, 40.6320694 ], [ 14.3979169, 40.632065 ], [ 14.3979007, 40.6320587 ], [ 14.3975884, 40.6319415 ] ] } },
{ "type": "Feature", "properties": { "name": "", "name_manual": "", "name_original": null, "highway": "service", "status": "unnamed", "description": "unnamed" }, "geometry": { "type": "LineString", "coordinates": [ [ 14.3978634, 40.6322004 ], [ 14.3978249, 40.6321807 ], [ 14.3978143, 40.6321753 ], [ 14.3977998, 40.6321679 ], [ 14.3976548, 40.6321176 ] ] } },
{ "type": "Feature", "properties": { "name": "", "name_manual": "", "name_original": null, "highway": "service", "status": "unnamed", "description": "unnamed" }, "geometry": { "type": "LineString", "coordinates": [ [ 14.3976716, 40.6324069 ], [ 14.3976338, 40.6323897 ], [ 14.3976207, 40.6323837 ], [ 14.3976082, 40.632378 ], [ 14.3974127, 40.6322891 ] ] } },
{ "type": "Feature", "properties": { "name": "", "name_manual": "", "name_original": null, "highway": "service", "status": "unnamed", "description": "unnamed" }, "geometry": { "type": "LineString", "coordinates": [ [ 14.3975244, 40.6325661 ], [ 14.3974865, 40.6325477 ], [ 14.3974746, 40.6325419 ], [ 14.3974596, 40.6325346 ], [ 14.3971753, 40.6323964 ], [ 14.3968333, 40.63223 ], [ 14.3966697, 40.6324041 ] ] } },
{ "type": "Feature", "properties": { "name": "", "name_manual": "", "name_original": null, "highway": "footway", "status": "unnamed", "description": "unnamed" }, "geometry": { "type": "LineString", "coordinates": [ [ 14.3981195, 40.6318412 ], [ 14.3981313, 40.6318469 ], [ 14.3981695, 40.6318653 ], [ 14.3981901, 40.6318752 ], [ 14.3982103, 40.6318849 ], [ 14.3982307, 40.6318947 ], [ 14.3982741, 40.6319155 ], [ 14.3982826, 40.6319194 ] ] } },
{ "type": "Feature", "properties": { "name": "", "name_manual": "", "name_original": null, "highway": "footway", "status": "unnamed", "description": "unnamed" }, "geometry": { "type": "LineString", "coordinates": [ [ 14.3984093, 40.6318611 ], [ 14.3983856, 40.631853 ], [ 14.3983621, 40.6318493 ], [ 14.3983329, 40.6318612 ], [ 14.3983264, 40.6318736 ], [ 14.3982826, 40.6319194 ], [ 14.3981881, 40.6320244 ], [ 14.3981209, 40.6320967 ], [ 14.3980998, 40.6321195 ], [ 14.3979791, 40.6322515 ], [ 14.3978766, 40.6323613 ], [ 14.3977475, 40.6324991 ], [ 14.3977089, 40.6325404 ], [ 14.3976136, 40.6326448 ], [ 14.3975406, 40.6327247 ], [ 14.3973884, 40.6328942 ], [ 14.3973256, 40.6329624 ], [ 14.397263, 40.6330303 ], [ 14.3971543, 40.6331485 ], [ 14.3971166, 40.6331895 ], [ 14.3969269, 40.6333907 ], [ 14.3968364, 40.6334866 ], [ 14.3968353, 40.6334908 ], [ 14.3968295, 40.6335369 ], [ 14.3968337, 40.6335689 ], [ 14.3968442, 40.6336024 ], [ 14.3968632, 40.6336329 ], [ 14.3968909, 40.6336641 ], [ 14.3969195, 40.6336815 ], [ 14.3971624, 40.6338002 ], [ 14.3974203, 40.633941 ], [ 14.3977042, 40.6340958 ], [ 14.3978453, 40.6341648 ], [ 14.397858, 40.6341703 ], [ 14.3978714, 40.634176 ], [ 14.3978772, 40.6341785 ] ] } },
{ "type": "Feature", "properties": { "name": "", "name_manual": "", "name_original": null, "highway": "footway", "status": "unnamed", "description": "unnamed" }, "geometry": { "type": "LineString", "coordinates": [ [ 14.396294, 40.6337867 ], [ 14.3963411, 40.6337476 ], [ 14.3963847, 40.6337163 ] ] } },
{ "type": "Feature", "properties": { "name": "", "name_manual": "", "name_original": null, "highway": "footway", "status": "unnamed", "description": "unnamed" }, "geometry": { "type": "LineString", "coordinates": [ [ 14.3963847, 40.6337163 ], [ 14.3965215, 40.6335778 ], [ 14.3965806, 40.6335095 ], [ 14.3966857, 40.6333997 ], [ 14.3969622, 40.6331068 ], [ 14.3972085, 40.6328348 ], [ 14.3972432, 40.6327963 ], [ 14.397382, 40.6326417 ], [ 14.3974746, 40.6325419 ], [ 14.3975534, 40.6324567 ], [ 14.3976207, 40.6323837 ], [ 14.3977031, 40.6322948 ], [ 14.397719, 40.6322774 ], [ 14.3978143, 40.6321753 ], [ 14.3978213, 40.6321678 ], [ 14.3979169, 40.632065 ], [ 14.397943, 40.6320365 ], [ 14.3980295, 40.6319415 ], [ 14.3980409, 40.6319289 ], [ 14.3981195, 40.6318412 ], [ 14.3981398, 40.6318186 ], [ 14.3981701, 40.6317797 ], [ 14.398275, 40.6316453 ], [ 14.3982973, 40.6316136 ], [ 14.3983088, 40.6315972 ], [ 14.3984334, 40.6315294 ], [ 14.3985239, 40.6314776 ] ] } },
{ "type": "Feature", "properties": { "name": "", "name_manual": "", "name_original": null, "highway": "service", "status": "unnamed", "description": "unnamed" }, "geometry": { "type": "LineString", "coordinates": [ [ 14.3957514, 40.6343877 ], [ 14.3957067, 40.6343582 ], [ 14.3956963, 40.6343527 ], [ 14.3954279, 40.6342244 ], [ 14.3950067, 40.6340305 ] ] } },
{ "type": "Feature", "properties": { "name": "", "name_manual": "", "name_original": null, "highway": "footway", "status": "unnamed", "description": "unnamed" }, "geometry": { "type": "LineString", "coordinates": [ [ 14.3942986, 40.6337058 ], [ 14.394135, 40.633663 ] ] } },
{ "type": "Feature", "properties": { "name": "", "name_manual": "", "name_original": null, "highway": "service", "status": "unnamed", "description": "unnamed" }, "geometry": { "type": "LineString", "coordinates": [ [ 14.3947192, 40.6344313 ], [ 14.394764, 40.6343663 ], [ 14.3948767, 40.6342187 ], [ 14.3950067, 40.6340305 ], [ 14.3946098, 40.6338859 ], [ 14.3943181, 40.6337531 ], [ 14.3942986, 40.6337058 ], [ 14.3944341, 40.6335267 ] ] } },
{ "type": "Feature", "properties": { "name": "", "name_manual": "", "name_original": null, "highway": "service", "status": "unnamed", "description": "unnamed" }, "geometry": { "type": "LineString", "coordinates": [ [ 14.3955975, 40.6331799 ], [ 14.3955953, 40.633137 ], [ 14.3956042, 40.633118 ], [ 14.3957376, 40.6329552 ] ] } },
{ "type": "Feature", "properties": { "name": "", "name_manual": "", "name_original": null, "highway": "service", "status": "unnamed", "description": "unnamed" }, "geometry": { "type": "LineString", "coordinates": [ [ 14.3962251, 40.6337557 ], [ 14.3962245, 40.6337124 ], [ 14.3962446, 40.6336702 ] ] } },
{ "type": "Feature", "properties": { "name": "", "name_manual": "", "name_original": null, "highway": "service", "status": "unnamed", "description": "unnamed" }, "geometry": { "type": "LineString", "coordinates": [ [ 14.3949573, 40.6351537 ], [ 14.3949188, 40.6351322 ], [ 14.3949097, 40.6351271 ], [ 14.394901, 40.6351222 ], [ 14.3948552, 40.6350965 ] ] } },
{ "type": "Feature", "properties": { "name": "", "name_manual": "", "name_original": null, "highway": "footway", "status": "unnamed", "description": "unnamed" }, "geometry": { "type": "LineString", "coordinates": [ [ 14.3922704, 40.6352122 ], [ 14.3922557, 40.6352441 ], [ 14.392255, 40.6352746 ], [ 14.3922703, 40.6353062 ], [ 14.3922998, 40.6353406 ], [ 14.3923528, 40.6353676 ], [ 14.3925107, 40.6354355 ], [ 14.3925331, 40.6354451 ], [ 14.3925566, 40.6354552 ], [ 14.3927179, 40.6355224 ], [ 14.3927442, 40.6355338 ], [ 14.3927694, 40.6355448 ], [ 14.3929838, 40.6356376 ], [ 14.3929996, 40.6356446 ], [ 14.3930216, 40.6356542 ], [ 14.3932498, 40.6357532 ], [ 14.3932745, 40.6357604 ], [ 14.3933034, 40.6357687 ], [ 14.3933396, 40.6357763 ], [ 14.3933884, 40.6357794 ], [ 14.3934439, 40.6357764 ], [ 14.3934989, 40.6357668 ], [ 14.3936339, 40.6357397 ], [ 14.3937864, 40.6356943 ], [ 14.3938974, 40.63566 ], [ 14.3939545, 40.6356424 ], [ 14.3941278, 40.6355818 ], [ 14.3943173, 40.6355067 ], [ 14.394339, 40.6354973 ], [ 14.394469, 40.6354395 ], [ 14.3945577, 40.6353908 ], [ 14.3946472, 40.6353413 ], [ 14.3946611, 40.6353323 ], [ 14.3947219, 40.6352924 ], [ 14.3947859, 40.6352427 ], [ 14.3948716, 40.6351641 ], [ 14.3949097, 40.6351271 ], [ 14.3949513, 40.6350866 ], [ 14.3951252, 40.6349178 ], [ 14.3952835, 40.634766 ], [ 14.3955684, 40.6344897 ], [ 14.3957067, 40.6343582 ], [ 14.3957876, 40.6342812 ], [ 14.3959729, 40.6341036 ], [ 14.396089, 40.6339902 ], [ 14.3962088, 40.6338748 ], [ 14.396267, 40.6338148 ], [ 14.396294, 40.6337867 ] ] } },
{ "type": "Feature", "properties": { "name": "", "name_manual": "", "name_original": null, "highway": "footway", "status": "unnamed", "description": "unnamed" }, "geometry": { "type": "LineString", "coordinates": [ [ 14.3942508, 40.6307821 ], [ 14.3942324, 40.6307976 ], [ 14.3942152, 40.6308122 ], [ 14.3940543, 40.6310484 ], [ 14.3939991, 40.6311289 ], [ 14.3939815, 40.6311555 ], [ 14.3937898, 40.6313861 ], [ 14.3936446, 40.6315306 ], [ 14.3935134, 40.6316404 ], [ 14.3933559, 40.6317464 ], [ 14.3932707, 40.6318007 ], [ 14.3930201, 40.6319451 ], [ 14.392998, 40.6319578 ], [ 14.3927927, 40.6320677 ], [ 14.3925949, 40.6321736 ], [ 14.3921791, 40.6324269 ], [ 14.3921051, 40.6324712 ], [ 14.3920236, 40.6325152 ], [ 14.3919518, 40.632554 ], [ 14.3918588, 40.6326095 ], [ 14.3917715, 40.6326636 ], [ 14.3917713, 40.6326637 ], [ 14.3917679, 40.6326629 ], [ 14.3917128, 40.632685 ], [ 14.3915626, 40.6327617 ], [ 14.3914936, 40.6327988 ], [ 14.3914614, 40.6328165 ], [ 14.3914142, 40.6328327 ], [ 14.3913816, 40.6328381 ], [ 14.3913421, 40.632831 ], [ 14.3913357, 40.63283 ], [ 14.3912451, 40.6327807 ], [ 14.3911341, 40.63272 ], [ 14.3910458, 40.6326692 ], [ 14.3910228, 40.632653 ], [ 14.3909897, 40.6326297 ], [ 14.3909252, 40.632595 ], [ 14.390884, 40.6325728 ], [ 14.390853, 40.6325561 ], [ 14.3908301, 40.6325421 ], [ 14.3908096, 40.6325305 ], [ 14.3906956, 40.6324767 ], [ 14.3904577, 40.6323746 ], [ 14.3904373, 40.6323658 ], [ 14.3902871, 40.6323058 ], [ 14.3902535, 40.6322924 ], [ 14.3900533, 40.6322124 ], [ 14.3898993, 40.63215 ], [ 14.3898009, 40.6321051 ], [ 14.3897089, 40.6320639 ], [ 14.3896609, 40.6320384 ], [ 14.3895295, 40.6319535 ], [ 14.3895164, 40.631942 ], [ 14.3894927, 40.6319212 ], [ 14.389387, 40.6318402 ], [ 14.3893288, 40.6317924 ], [ 14.3893145, 40.6317661 ], [ 14.3892126, 40.6317178 ], [ 14.3891362, 40.6316816 ], [ 14.3891035, 40.6316711 ] ] } },
{ "type": "Feature", "properties": { "name": "", "name_manual": "", "name_original": null, "highway": "service", "status": "unnamed", "description": "unnamed" }, "geometry": { "type": "LineString", "coordinates": [ [ 14.3894806, 40.6319932 ], [ 14.3895164, 40.631942 ], [ 14.3895358, 40.6319141 ], [ 14.3896906, 40.6316921 ] ] } },
{ "type": "Feature", "properties": { "name": "", "name_manual": "", "name_original": null, "highway": "service", "status": "unnamed", "description": "unnamed" }, "geometry": { "type": "LineString", "coordinates": [ [ 14.3912152, 40.6328141 ], [ 14.3912405, 40.6327858 ], [ 14.3912451, 40.6327807 ], [ 14.3912504, 40.6327747 ], [ 14.3912791, 40.6327425 ], [ 14.3912282, 40.6327165 ] ] } },
{ "type": "Feature", "properties": { "name": "", "name_manual": "", "name_original": null, "highway": "steps", "status": "unnamed", "description": "unnamed" }, "geometry": { "type": "LineString", "coordinates": [ [ 14.3902736, 40.6322632 ], [ 14.3902986, 40.6322269 ] ] } },
{ "type": "Feature", "properties": { "name": "", "name_manual": "", "name_original": null, "highway": "footway", "status": "unnamed", "description": "unnamed" }, "geometry": { "type": "LineString", "coordinates": [ [ 14.3902535, 40.6322924 ], [ 14.390259, 40.6322844 ], [ 14.3902736, 40.6322632 ] ] } },
{ "type": "Feature", "properties": { "name": "", "name_manual": "", "name_original": null, "highway": "footway", "status": "unnamed", "description": "unnamed" }, "geometry": { "type": "LineString", "coordinates": [ [ 14.390871, 40.6326684 ], [ 14.3908775, 40.6326596 ], [ 14.3908979, 40.6326321 ], [ 14.3909183, 40.6326044 ], [ 14.3909252, 40.632595 ] ] } },
{ "type": "Feature", "properties": { "name": "", "name_manual": "", "name_original": null, "highway": "footway", "status": "unnamed", "description": "unnamed" }, "geometry": { "type": "LineString", "coordinates": [ [ 14.3895902, 40.6321109 ], [ 14.3895956, 40.6321053 ], [ 14.389626, 40.6320742 ], [ 14.3896538, 40.6320456 ], [ 14.3896609, 40.6320384 ] ] } },
{ "type": "Feature", "properties": { "name": "", "name_manual": "", "name_original": null, "highway": "footway", "status": "unnamed", "description": "unnamed" }, "geometry": { "type": "LineString", "coordinates": [ [ 14.3902366, 40.6323788 ], [ 14.390242, 40.6323711 ], [ 14.3902613, 40.632343 ], [ 14.3902816, 40.6323137 ], [ 14.3902871, 40.6323058 ] ] } },
{ "type": "Feature", "properties": { "name": "", "name_manual": "", "name_original": null, "highway": "footway", "status": "unnamed", "description": "unnamed" }, "geometry": { "type": "LineString", "coordinates": [ [ 14.3886901, 40.6317833 ], [ 14.3886764, 40.6318189 ], [ 14.3887538, 40.6318385 ], [ 14.3888672, 40.6318377 ], [ 14.3889206, 40.6318278 ], [ 14.3889838, 40.6318074 ], [ 14.3889982, 40.6317991 ], [ 14.3890566, 40.6317842 ], [ 14.3890882, 40.6317808 ], [ 14.3891113, 40.6317844 ], [ 14.389134, 40.631795 ], [ 14.3891705, 40.6318232 ], [ 14.3892393, 40.6318815 ], [ 14.3893119, 40.6319411 ], [ 14.3893452, 40.6319739 ], [ 14.3893919, 40.6320049 ], [ 14.3895013, 40.6320615 ], [ 14.3895902, 40.6321109 ], [ 14.38964, 40.6321367 ], [ 14.3896783, 40.6321548 ], [ 14.3898466, 40.6322242 ], [ 14.3901059, 40.632327 ], [ 14.3901425, 40.6323411 ], [ 14.3902147, 40.6323702 ], [ 14.3902366, 40.6323788 ], [ 14.3902588, 40.6323876 ], [ 14.3902767, 40.6323945 ], [ 14.3903002, 40.6324041 ], [ 14.390371, 40.6324331 ], [ 14.3904129, 40.6324523 ], [ 14.3904877, 40.632482 ], [ 14.3905252, 40.6324985 ], [ 14.3905796, 40.6325226 ], [ 14.3906119, 40.6325368 ], [ 14.3907537, 40.6326072 ], [ 14.3907773, 40.632619 ], [ 14.3907924, 40.6326276 ], [ 14.390871, 40.6326684 ], [ 14.3909627, 40.6327189 ], [ 14.3910618, 40.6327778 ] ] } },
{ "type": "Feature", "properties": { "name": "", "name_manual": "", "name_original": null, "highway": "service", "status": "unnamed", "description": "unnamed" }, "geometry": { "type": "LineString", "coordinates": [ [ 14.3909944, 40.6326869 ], [ 14.3910228, 40.632653 ], [ 14.3910609, 40.6326072 ] ] } },
{ "type": "Feature", "properties": { "name": "", "name_manual": "", "name_original": null, "highway": "service", "status": "unnamed", "description": "unnamed" }, "geometry": { "type": "LineString", "coordinates": [ [ 14.3907988, 40.6325793 ], [ 14.3908301, 40.6325421 ], [ 14.3908722, 40.632492 ] ] } },
{ "type": "Feature", "properties": { "name": "", "name_manual": "", "name_original": null, "highway": "service", "status": "unnamed", "description": "unnamed" }, "geometry": { "type": "LineString", "coordinates": [ [ 14.3910602, 40.6327996 ], [ 14.3910295, 40.6328349 ] ] } },
{ "type": "Feature", "properties": { "name": "", "name_manual": "", "name_original": null, "highway": "service", "status": "unnamed", "description": "unnamed" }, "geometry": { "type": "LineString", "coordinates": [ [ 14.391104, 40.6327501 ], [ 14.3910602, 40.6327996 ] ] } },
{ "type": "Feature", "properties": { "name": "", "name_manual": "", "name_original": null, "highway": "service", "status": "unnamed", "description": "unnamed" }, "geometry": { "type": "LineString", "coordinates": [ [ 14.3910295, 40.6328349 ], [ 14.3908594, 40.6330264 ], [ 14.3908393, 40.6330483 ], [ 14.3908191, 40.633058 ], [ 14.3907937, 40.633056 ] ] } },
{ "type": "Feature", "properties": { "name": "", "name_manual": "", "name_original": null, "highway": "service", "status": "unnamed", "description": "unnamed" }, "geometry": { "type": "LineString", "coordinates": [ [ 14.3907705, 40.6326289 ], [ 14.3907297, 40.6326849 ] ] } },
{ "type": "Feature", "properties": { "name": "", "name_manual": "", "name_original": null, "highway": "service", "status": "unnamed", "description": "unnamed" }, "geometry": { "type": "LineString", "coordinates": [ [ 14.3908044, 40.6325822 ], [ 14.3907773, 40.632619 ], [ 14.3907705, 40.6326289 ] ] } },
{ "type": "Feature", "properties": { "name": "", "name_manual": "", "name_original": null, "highway": "service", "status": "unnamed", "description": "unnamed" }, "geometry": { "type": "LineString", "coordinates": [ [ 14.3907297, 40.6326849 ], [ 14.3907147, 40.6327066 ], [ 14.3907981, 40.6327399 ] ] } },
{ "type": "Feature", "properties": { "name": "", "name_manual": "", "name_original": null, "highway": "footway", "status": "unnamed", "description": "unnamed" }, "geometry": { "type": "LineString", "coordinates": [ [ 14.3900484, 40.6324734 ], [ 14.3900736, 40.6324388 ], [ 14.3901425, 40.6323411 ] ] } },
{ "type": "Feature", "properties": { "name": "", "name_manual": "", "name_original": null, "highway": "footway", "status": "unnamed", "description": "unnamed" }, "geometry": { "type": "LineString", "coordinates": [ [ 14.3899327, 40.6323814 ], [ 14.3900736, 40.6324388 ], [ 14.3902392, 40.6325128 ] ] } },
{ "type": "Feature", "properties": { "name": "", "name_manual": "", "name_original": null, "highway": "footway", "status": "unnamed", "description": "unnamed" }, "geometry": { "type": "LineString", "coordinates": [ [ 14.3910096, 40.6316652 ], [ 14.3910143, 40.6317054 ], [ 14.3910505, 40.6317929 ], [ 14.3910545, 40.6318107 ], [ 14.3910512, 40.6318229 ], [ 14.391031, 40.6318448 ] ] } },
{ "type": "Feature", "properties": { "name": "", "name_manual": "", "name_original": null, "highway": "footway", "status": "unnamed", "description": "unnamed" }, "geometry": { "type": "LineString", "coordinates": [ [ 14.3906368, 40.6317288 ], [ 14.3906466, 40.6317124 ] ] } },
{ "type": "Feature", "properties": { "name": "", "name_manual": "", "name_original": null, "highway": "steps", "status": "unnamed", "description": "unnamed" }, "geometry": { "type": "LineString", "coordinates": [ [ 14.3906112, 40.6317677 ], [ 14.3906277, 40.6317426 ] ] } },
{ "type": "Feature", "properties": { "name": "", "name_manual": "", "name_original": null, "highway": "footway", "status": "unnamed", "description": "unnamed" }, "geometry": { "type": "LineString", "coordinates": [ [ 14.3905783, 40.6318178 ], [ 14.3906112, 40.6317677 ] ] } },
{ "type": "Feature", "properties": { "name": "", "name_manual": "", "name_original": null, "highway": "footway", "status": "unnamed", "description": "unnamed" }, "geometry": { "type": "LineString", "coordinates": [ [ 14.3906277, 40.6317426 ], [ 14.3906368, 40.6317288 ], [ 14.3907829, 40.6317827 ], [ 14.3908728, 40.6316479 ], [ 14.3909813, 40.6316824 ] ] } },
{ "type": "Feature", "properties": { "name": "", "name_manual": "", "name_original": null, "highway": "steps", "status": "unnamed", "description": "unnamed" }, "geometry": { "type": "LineString", "coordinates": [ [ 14.3910652, 40.631627 ], [ 14.3911558, 40.63157 ] ] } },
{ "type": "Feature", "properties": { "name": "", "name_manual": "", "name_original": null, "highway": "footway", "status": "unnamed", "description": "unnamed" }, "geometry": { "type": "LineString", "coordinates": [ [ 14.3910096, 40.6316652 ], [ 14.3910652, 40.631627 ] ] } },
{ "type": "Feature", "properties": { "name": "", "name_manual": "", "name_original": null, "highway": "footway", "status": "unnamed", "description": "unnamed" }, "geometry": { "type": "LineString", "coordinates": [ [ 14.3916359, 40.6319466 ], [ 14.3914758, 40.631871 ] ] } },
{ "type": "Feature", "properties": { "name": "", "name_manual": "", "name_original": null, "highway": "steps", "status": "unnamed", "description": "unnamed" }, "geometry": { "type": "LineString", "coordinates": [ [ 14.3916359, 40.6319466 ], [ 14.3917269, 40.6318374 ] ] } },
{ "type": "Feature", "properties": { "name": "", "name_manual": "", "name_original": null, "highway": "footway", "status": "unnamed", "description": "unnamed" }, "geometry": { "type": "LineString", "coordinates": [ [ 14.3910652, 40.631627 ], [ 14.3910766, 40.6316077 ], [ 14.3911001, 40.6315873 ], [ 14.3911377, 40.6315603 ], [ 14.3911531, 40.6315491 ], [ 14.3911658, 40.6315288 ], [ 14.3912342, 40.6314341 ], [ 14.3912517, 40.6314189 ], [ 14.3912879, 40.6313995 ], [ 14.3913254, 40.6313777 ], [ 14.3913858, 40.631309 ], [ 14.3915185, 40.6313736 ], [ 14.3913063, 40.6316266 ] ] } },
{ "type": "Feature", "properties": { "name": "", "name_manual": "", "name_original": null, "highway": "footway", "status": "unnamed", "description": "unnamed" }, "geometry": { "type": "LineString", "coordinates": [ [ 14.3911558, 40.63157 ], [ 14.3911678, 40.6315629 ], [ 14.3913063, 40.6316266 ], [ 14.3913415, 40.6316428 ] ] } },
{ "type": "Feature", "properties": { "name": "", "name_manual": "", "name_original": null, "highway": "footway", "status": "unnamed", "description": "unnamed" }, "geometry": { "type": "LineString", "coordinates": [ [ 14.3913858, 40.631309 ], [ 14.3914421, 40.6312209 ], [ 14.3919986, 40.6315115 ], [ 14.3917269, 40.6318374 ] ] } },
{ "type": "Feature", "properties": { "name": "", "name_manual": "", "name_original": null, "highway": "footway", "status": "unnamed", "description": "unnamed" }, "geometry": { "type": "LineString", "coordinates": [ [ 14.3911699, 40.632227 ], [ 14.3913314, 40.6323084 ] ] } },
{ "type": "Feature", "properties": { "name": "", "name_manual": "", "name_original": null, "highway": "footway", "status": "unnamed", "description": "unnamed" }, "geometry": { "type": "LineString", "coordinates": [ [ 14.3905489, 40.6321057 ], [ 14.3905905, 40.6321008 ], [ 14.3906334, 40.6320957 ], [ 14.390671, 40.6320931 ], [ 14.3907253, 40.6320998 ], [ 14.3907896, 40.6321155 ], [ 14.3908413, 40.6321349 ], [ 14.3910498, 40.6322336 ], [ 14.3911315, 40.6322733 ] ] } },
{ "type": "Feature", "properties": { "name": "", "name_manual": "", "name_original": null, "highway": "footway", "status": "unnamed", "description": "unnamed" }, "geometry": { "type": "LineString", "coordinates": [ [ 14.3912204, 40.6321661 ], [ 14.3911699, 40.632227 ], [ 14.3911315, 40.6322733 ], [ 14.3909, 40.6325517 ], [ 14.390884, 40.6325728 ] ] } },
{ "type": "Feature", "properties": { "name": "", "name_manual": "", "name_original": null, "highway": "footway", "status": "unnamed", "description": "unnamed" }, "geometry": { "type": "LineString", "coordinates": [ [ 14.3914758, 40.631871 ], [ 14.3912204, 40.6321661 ], [ 14.3911747, 40.6321433 ] ] } },
{ "type": "Feature", "properties": { "name": "", "name_manual": "", "name_original": null, "highway": "footway", "status": "unnamed", "description": "unnamed" }, "geometry": { "type": "LineString", "coordinates": [ [ 14.3914298, 40.6318486 ], [ 14.3911747, 40.6321433 ] ] } },
{ "type": "Feature", "properties": { "name": "", "name_manual": "", "name_original": null, "highway": "footway", "status": "unnamed", "description": "unnamed" }, "geometry": { "type": "LineString", "coordinates": [ [ 14.390372, 40.6318447 ], [ 14.3903659, 40.6318728 ], [ 14.3903571, 40.6319008 ], [ 14.3903457, 40.6319227 ], [ 14.3903212, 40.6319692 ], [ 14.3903176, 40.6319776 ], [ 14.3902981, 40.6320031 ], [ 14.3902807, 40.632027 ], [ 14.3902633, 40.6320458 ], [ 14.3902351, 40.6320682 ], [ 14.3902084, 40.6320845 ], [ 14.3903566, 40.6321428 ], [ 14.3904925, 40.6321962 ], [ 14.3905033, 40.6321776 ], [ 14.3905348, 40.6321389 ], [ 14.3905456, 40.6321201 ], [ 14.3905489, 40.6321057 ], [ 14.3905534, 40.6320892 ], [ 14.390557, 40.6320774 ], [ 14.3905632, 40.6320643 ], [ 14.3905791, 40.6320372 ], [ 14.3906119, 40.631998 ], [ 14.3906415, 40.63197 ], [ 14.3906561, 40.6319564 ], [ 14.3907085, 40.6319313 ], [ 14.3907601, 40.631913 ], [ 14.3907917, 40.6318977 ], [ 14.3908118, 40.6318815 ], [ 14.3908292, 40.6318591 ], [ 14.3908487, 40.6318285 ], [ 14.3908654, 40.6317893 ], [ 14.3908889, 40.6317532 ], [ 14.390972, 40.6316881 ], [ 14.3909813, 40.6316824 ], [ 14.3910096, 40.6316652 ], [ 14.3910605, 40.6316718 ], [ 14.3914298, 40.6318486 ], [ 14.3914758, 40.631871 ] ] } },
{ "type": "Feature", "properties": { "name": "", "name_manual": "", "name_original": null, "highway": "footway", "status": "unnamed", "description": "unnamed" }, "geometry": { "type": "LineString", "coordinates": [ [ 14.3903212, 40.6319692 ], [ 14.3904425, 40.6320169 ], [ 14.3905632, 40.6320643 ] ] } },
{ "type": "Feature", "properties": { "name": "", "name_manual": "", "name_original": null, "highway": "footway", "status": "unnamed", "description": "unnamed" }, "geometry": { "type": "LineString", "coordinates": [ [ 14.390372, 40.6318447 ], [ 14.3905202, 40.631903 ], [ 14.3906561, 40.6319564 ] ] } },
{ "type": "Feature", "properties": { "name": "", "name_manual": "", "name_original": null, "highway": "footway", "status": "unnamed", "description": "unnamed" }, "geometry": { "type": "LineString", "coordinates": [ [ 14.3902986, 40.6322269 ], [ 14.3903566, 40.6321428 ], [ 14.3904425, 40.6320169 ], [ 14.3905202, 40.631903 ], [ 14.3905783, 40.6318178 ] ] } },
{ "type": "Feature", "properties": { "name": "", "name_manual": "", "name_original": null, "highway": "footway", "status": "unnamed", "description": "unnamed" }, "geometry": { "type": "LineString", "coordinates": [ [ 14.3903323, 40.6347434 ], [ 14.3903374, 40.6347368 ], [ 14.3903564, 40.634712 ], [ 14.3903755, 40.6346872 ] ] } },
{ "type": "Feature", "properties": { "name": "", "name_manual": "", "name_original": null, "highway": "service", "status": "unnamed", "description": "unnamed" }, "geometry": { "type": "LineString", "coordinates": [ [ 14.3903149, 40.6344448 ], [ 14.3903773, 40.6344631 ], [ 14.390558, 40.6345317 ], [ 14.3905458, 40.6345536 ], [ 14.3913099, 40.6347997 ], [ 14.3913211, 40.634803 ], [ 14.391376, 40.6348187 ] ] } },
{ "type": "Feature", "properties": { "name": "", "name_manual": "", "name_original": null, "highway": "steps", "status": "unnamed", "description": "unnamed" }, "geometry": { "type": "LineString", "coordinates": [ [ 14.3903272, 40.6347505 ], [ 14.3903188, 40.6347624 ], [ 14.3903113, 40.6347726 ] ] } },
{ "type": "Feature", "properties": { "name": "", "name_manual": "", "name_original": null, "highway": "footway", "status": "unnamed", "description": "unnamed" }, "geometry": { "type": "LineString", "coordinates": [ [ 14.3903755, 40.6346872 ], [ 14.3904911, 40.6347251 ], [ 14.39065, 40.6347772 ], [ 14.3908341, 40.6348428 ], [ 14.391067, 40.6349209 ], [ 14.3911264, 40.6349255 ], [ 14.3911722, 40.6349226 ], [ 14.3912122, 40.6349093 ], [ 14.3912516, 40.6348839 ], [ 14.3913033, 40.6348278 ], [ 14.3913211, 40.634803 ], [ 14.3913389, 40.6347758 ], [ 14.3914815, 40.6345684 ], [ 14.3915029, 40.6345372 ], [ 14.3917553, 40.6341702 ], [ 14.3919475, 40.6338907 ], [ 14.3919537, 40.6338475 ], [ 14.3919461, 40.633811 ], [ 14.3919318, 40.6337841 ], [ 14.3919082, 40.6337569 ], [ 14.3918515, 40.633712 ], [ 14.3918359, 40.6337059 ], [ 14.3917741, 40.63368 ], [ 14.3915669, 40.6335969 ], [ 14.3914052, 40.6335218 ], [ 14.3913419, 40.6334872 ], [ 14.3911472, 40.6333832 ], [ 14.3911222, 40.6333726 ] ] } },
{ "type": "Feature", "properties": { "name": "", "name_manual": "", "name_original": null, "highway": "footway", "status": "unnamed", "description": "unnamed" }, "geometry": { "type": "LineString", "coordinates": [ [ 14.3904241, 40.6347775 ], [ 14.3904487, 40.6347615 ], [ 14.3904697, 40.6347654 ], [ 14.3906311, 40.6348227 ], [ 14.3906969, 40.634847 ], [ 14.39086, 40.6349069 ], [ 14.3908875, 40.6349171 ], [ 14.390921, 40.6349287 ], [ 14.3909779, 40.6349501 ], [ 14.3909925, 40.6349548 ], [ 14.3910585, 40.6349797 ], [ 14.3910981, 40.6349942 ], [ 14.391122, 40.635009 ], [ 14.3911391, 40.6350271 ], [ 14.3911423, 40.6350375 ] ] } },
{ "type": "Feature", "properties": { "name": "", "name_manual": "", "name_original": null, "highway": "footway", "status": "unnamed", "description": "unnamed" }, "geometry": { "type": "LineString", "coordinates": [ [ 14.3899182, 40.6348886 ], [ 14.3899379, 40.6348931 ], [ 14.3901449, 40.6349403 ] ] } },
{ "type": "Feature", "properties": { "name": "", "name_manual": "", "name_original": null, "highway": "footway", "status": "unnamed", "description": "unnamed" }, "geometry": { "type": "LineString", "coordinates": [ [ 14.3898719, 40.6348533 ], [ 14.3899182, 40.6348886 ] ] } },
{ "type": "Feature", "properties": { "name": "", "name_manual": "", "name_original": null, "highway": "footway", "status": "unnamed", "description": "unnamed" }, "geometry": { "type": "LineString", "coordinates": [ [ 14.3898781, 40.634566 ], [ 14.3898589, 40.634579 ] ] } },
{ "type": "Feature", "properties": { "name": "", "name_manual": "", "name_original": null, "highway": "steps", "status": "unnamed", "description": "unnamed" }, "geometry": { "type": "LineString", "coordinates": [ [ 14.3904101, 40.6347999 ], [ 14.3904241, 40.6347775 ] ] } },
{ "type": "Feature", "properties": { "name": "", "name_manual": "", "name_original": null, "highway": "footway", "status": "unnamed", "description": "unnamed" }, "geometry": { "type": "LineString", "coordinates": [ [ 14.3903323, 40.6347434 ], [ 14.3903272, 40.6347505 ] ] } },
{ "type": "Feature", "properties": { "name": "", "name_manual": "", "name_original": null, "highway": "footway", "status": "unnamed", "description": "unnamed" }, "geometry": { "type": "LineString", "coordinates": [ [ 14.3899094, 40.6351683 ], [ 14.3899048, 40.6351764 ] ] } },
{ "type": "Feature", "properties": { "name": "", "name_manual": "", "name_original": null, "highway": "service", "status": "unnamed", "description": "unnamed" }, "geometry": { "type": "LineString", "coordinates": [ [ 14.3914099, 40.635082 ], [ 14.3913897, 40.6351066 ], [ 14.3913834, 40.6351142 ], [ 14.391378, 40.6351208 ], [ 14.3911193, 40.6354354 ] ] } },
{ "type": "Feature", "properties": { "name": "", "name_manual": "", "name_original": null, "highway": "footway", "status": "unnamed", "description": "unnamed" }, "geometry": { "type": "LineString", "coordinates": [ [ 14.3919159, 40.6353658 ], [ 14.3919523, 40.6353794 ], [ 14.391992, 40.6353944 ] ] } },
{ "type": "Feature", "properties": { "name": "", "name_manual": "", "name_original": null, "highway": "steps", "status": "unnamed", "description": "unnamed" }, "geometry": { "type": "LineString", "coordinates": [ [ 14.391742, 40.6353399 ], [ 14.3917814, 40.6352936 ], [ 14.3917892, 40.6352843 ] ] } },
{ "type": "Feature", "properties": { "name": "", "name_manual": "", "name_original": null, "highway": "footway", "status": "unnamed", "description": "unnamed" }, "geometry": { "type": "LineString", "coordinates": [ [ 14.3917302, 40.6353541 ], [ 14.391742, 40.6353399 ] ] } },
{ "type": "Feature", "properties": { "name": "", "name_manual": "", "name_original": null, "highway": "footway", "status": "unnamed", "description": "unnamed" }, "geometry": { "type": "LineString", "coordinates": [ [ 14.3917065, 40.6353824 ], [ 14.3917302, 40.6353541 ], [ 14.391798, 40.6353868 ], [ 14.3918428, 40.6353332 ], [ 14.3918903, 40.6353544 ], [ 14.3919077, 40.6353622 ], [ 14.3919116, 40.6353639 ], [ 14.3919159, 40.6353658 ] ] } },
{ "type": "Feature", "properties": { "name": "", "name_manual": "", "name_original": null, "highway": "service", "status": "unnamed", "description": "unnamed" }, "geometry": { "type": "LineString", "coordinates": [ [ 14.3925438, 40.6293004 ], [ 14.3925422, 40.6292686 ], [ 14.3925418, 40.6292618 ], [ 14.3925414, 40.6292535 ], [ 14.3925404, 40.6292344 ], [ 14.3925297, 40.6290255 ] ] } },
{ "type": "Feature", "properties": { "name": "", "name_manual": "", "name_original": null, "highway": "service", "status": "unnamed", "description": "unnamed" }, "geometry": { "type": "LineString", "coordinates": [ [ 14.392376, 40.629306 ], [ 14.3923804, 40.629334 ], [ 14.3923815, 40.6293404 ], [ 14.3923824, 40.6293465 ], [ 14.3923842, 40.6293578 ], [ 14.3928509, 40.6293538 ] ] } },
{ "type": "Feature", "properties": { "name": "", "name_manual": "", "name_original": null, "highway": "service", "status": "unnamed", "description": "unnamed" }, "geometry": { "type": "LineString", "coordinates": [ [ 14.3949015, 40.6292225 ], [ 14.3948659, 40.6293146 ], [ 14.3944891, 40.6292438 ], [ 14.3945233, 40.6291232 ] ] } },
{ "type": "Feature", "properties": { "name": "", "name_manual": "", "name_original": null, "highway": "service", "status": "unnamed", "description": "unnamed" }, "geometry": { "type": "LineString", "coordinates": [ [ 14.3952217, 40.6293198 ], [ 14.3951848, 40.6292945 ], [ 14.3951419, 40.6292706 ], [ 14.3951114, 40.6292606 ], [ 14.3949015, 40.6292225 ], [ 14.3949598, 40.6290199 ] ] } },
{ "type": "Feature", "properties": { "name": "", "name_manual": "", "name_original": null, "highway": "footway", "status": "unnamed", "description": "unnamed" }, "geometry": { "type": "LineString", "coordinates": [ [ 14.3950896, 40.6294346 ], [ 14.3951328, 40.6293026 ], [ 14.3951419, 40.6292706 ] ] } },
{ "type": "Feature", "properties": { "name": "", "name_manual": "", "name_original": null, "highway": "footway", "status": "unnamed", "description": "unnamed" }, "geometry": { "type": "LineString", "coordinates": [ [ 14.3950806, 40.6294567 ], [ 14.3950896, 40.6294346 ] ] } },
{ "type": "Feature", "properties": { "name": "", "name_manual": "", "name_original": null, "highway": "footway", "status": "unnamed", "description": "unnamed" }, "geometry": { "type": "LineString", "coordinates": [ [ 14.3950771, 40.6294618 ], [ 14.3950806, 40.6294567 ] ] } },
{ "type": "Feature", "properties": { "name": "", "name_manual": "", "name_original": null, "highway": "footway", "status": "unnamed", "description": "unnamed" }, "geometry": { "type": "LineString", "coordinates": [ [ 14.3950543, 40.6294785 ], [ 14.3950771, 40.6294618 ] ] } },
{ "type": "Feature", "properties": { "name": "", "name_manual": "", "name_original": null, "highway": "footway", "status": "unnamed", "description": "unnamed" }, "geometry": { "type": "LineString", "coordinates": [ [ 14.3950186, 40.6295013 ], [ 14.3950543, 40.6294785 ] ] } },
{ "type": "Feature", "properties": { "name": "", "name_manual": "", "name_original": null, "highway": "footway", "status": "unnamed", "description": "unnamed" }, "geometry": { "type": "LineString", "coordinates": [ [ 14.3949583, 40.6295271 ], [ 14.3950186, 40.6295013 ] ] } },
{ "type": "Feature", "properties": { "name": "", "name_manual": "", "name_original": null, "highway": "footway", "status": "unnamed", "description": "unnamed" }, "geometry": { "type": "LineString", "coordinates": [ [ 14.3949161, 40.6295374 ], [ 14.3949583, 40.6295271 ] ] } },
{ "type": "Feature", "properties": { "name": "", "name_manual": "", "name_original": null, "highway": "footway", "status": "unnamed", "description": "unnamed" }, "geometry": { "type": "LineString", "coordinates": [ [ 14.3948835, 40.629544 ], [ 14.3949161, 40.6295374 ] ] } },
{ "type": "Feature", "properties": { "name": "", "name_manual": "", "name_original": null, "highway": "service", "status": "unnamed", "description": "unnamed" }, "geometry": { "type": "LineString", "coordinates": [ [ 14.3934805, 40.6293365 ], [ 14.3934862, 40.629369 ], [ 14.393488, 40.6293791 ], [ 14.3934897, 40.6293887 ], [ 14.3934993, 40.6294433 ], [ 14.3936824, 40.6294769 ], [ 14.393738, 40.6294349 ], [ 14.3937491, 40.6294276 ], [ 14.3937593, 40.6294202 ], [ 14.3937849, 40.6293973 ] ] } },
{ "type": "Feature", "properties": { "name": "", "name_manual": "", "name_original": null, "highway": "footway", "status": "unnamed", "description": "unnamed" }, "geometry": { "type": "LineString", "coordinates": [ [ 14.3949971, 40.6297509 ], [ 14.3950036, 40.6297535 ], [ 14.3950283, 40.6297645 ], [ 14.3950689, 40.6297803 ] ] } },
{ "type": "Feature", "properties": { "name": "", "name_manual": "", "name_original": null, "highway": "service", "status": "unnamed", "description": "unnamed" }, "geometry": { "type": "LineString", "coordinates": [ [ 14.3944571, 40.6295288 ], [ 14.3944491, 40.6295521 ], [ 14.3944461, 40.6295608 ], [ 14.3944416, 40.6295739 ], [ 14.3943622, 40.629793 ], [ 14.3941345, 40.6297421 ] ] } },
{ "type": "Feature", "properties": { "name": "", "name_manual": "", "name_original": null, "highway": "footway", "status": "unnamed", "description": "unnamed" }, "geometry": { "type": "LineString", "coordinates": [ [ 14.3948262, 40.6295588 ], [ 14.3948483, 40.62956 ], [ 14.3949518, 40.6295726 ], [ 14.3951077, 40.6296024 ], [ 14.395219, 40.6296242 ], [ 14.3952302, 40.6296263 ] ] } },
{ "type": "Feature", "properties": { "name": "", "name_manual": "", "name_original": null, "highway": "footway", "status": "unnamed", "description": "unnamed" }, "geometry": { "type": "LineString", "coordinates": [ [ 14.3940063, 40.6294415 ], [ 14.3940154, 40.6294148 ], [ 14.3940185, 40.6294062 ] ] } },
{ "type": "Feature", "properties": { "name": "", "name_manual": "", "name_original": null, "highway": "footway", "status": "unnamed", "description": "unnamed" }, "geometry": { "type": "LineString", "coordinates": [ [ 14.3948181, 40.6295938 ], [ 14.3948262, 40.6295588 ], [ 14.3948279, 40.6295516 ] ] } },
{ "type": "Feature", "properties": { "name": "", "name_manual": "", "name_original": null, "highway": "footway", "status": "unnamed", "description": "unnamed" }, "geometry": { "type": "LineString", "coordinates": [ [ 14.3935194, 40.6289107 ], [ 14.3932928, 40.6290946 ], [ 14.3931395, 40.6292189 ], [ 14.3931464, 40.6292383 ], [ 14.393148, 40.6292427 ], [ 14.3932623, 40.6292552 ], [ 14.3937805, 40.6293578 ], [ 14.3938919, 40.6293809 ], [ 14.3940185, 40.6294062 ], [ 14.3942528, 40.6294544 ], [ 14.3944216, 40.6294891 ], [ 14.3945067, 40.6295034 ], [ 14.3947941, 40.6295518 ], [ 14.3948279, 40.6295516 ], [ 14.3948835, 40.629544 ] ] } },
{ "type": "Feature", "properties": { "name": "", "name_manual": "", "name_original": null, "highway": "footway", "status": "unnamed", "description": "unnamed" }, "geometry": { "type": "LineString", "coordinates": [ [ 14.3930126, 40.62925 ], [ 14.3930609, 40.629247 ], [ 14.3931346, 40.6292397 ], [ 14.3931464, 40.6292383 ] ] } },
{ "type": "Feature", "properties": { "name": "", "name_manual": "", "name_original": null, "highway": "service", "status": "unnamed", "description": "unnamed" }, "geometry": { "type": "LineString", "coordinates": [ [ 14.3933248, 40.6293567 ], [ 14.3933174, 40.6293697 ] ] } },
{ "type": "Feature", "properties": { "name": "", "name_manual": "", "name_original": null, "highway": "service", "status": "unnamed", "description": "unnamed" }, "geometry": { "type": "LineString", "coordinates": [ [ 14.3933174, 40.6293697 ], [ 14.3932556, 40.6294724 ], [ 14.3931654, 40.6296011 ] ] } },
{ "type": "Feature", "properties": { "name": "", "name_manual": "", "name_original": null, "highway": "service", "status": "unnamed", "description": "unnamed" }, "geometry": { "type": "LineString", "coordinates": [ [ 14.3928261, 40.6292926 ], [ 14.3928261, 40.6292549 ], [ 14.3928261, 40.6290851 ] ] } },
{ "type": "Feature", "properties": { "name": "", "name_manual": "", "name_original": null, "highway": "footway", "status": "unnamed", "description": "unnamed" }, "geometry": { "type": "LineString", "coordinates": [ [ 14.3942508, 40.6307821 ], [ 14.394424, 40.6305439 ], [ 14.3944293, 40.6305366 ], [ 14.394442, 40.6305225 ], [ 14.3944674, 40.6304943 ], [ 14.3944819, 40.6304781 ], [ 14.39455, 40.6303813 ], [ 14.3945661, 40.6303552 ], [ 14.3945785, 40.6303351 ], [ 14.3946074, 40.6302888 ], [ 14.3947228, 40.6301334 ], [ 14.3947319, 40.630121 ], [ 14.3947611, 40.6300806 ], [ 14.3947636, 40.6300716 ], [ 14.3949831, 40.6297693 ], [ 14.3949971, 40.6297509 ], [ 14.3950148, 40.6297212 ], [ 14.3950185, 40.6297091 ], [ 14.3950171, 40.6296976 ], [ 14.3950119, 40.6296851 ], [ 14.3950035, 40.6296724 ], [ 14.3949917, 40.6296621 ], [ 14.3948076, 40.6296259 ], [ 14.394759, 40.6296166 ], [ 14.3944461, 40.6295608 ], [ 14.3944006, 40.6295527 ], [ 14.3939947, 40.6294761 ], [ 14.3938681, 40.6294516 ], [ 14.3937564, 40.6294289 ], [ 14.3937491, 40.6294276 ], [ 14.393488, 40.6293791 ], [ 14.3934597, 40.6293738 ], [ 14.3933498, 40.6293549 ], [ 14.3933286, 40.6293506 ], [ 14.3933027, 40.6293454 ], [ 14.3931321, 40.6293391 ], [ 14.3929985, 40.6293352 ], [ 14.3929583, 40.6293349 ], [ 14.392898, 40.6293352 ], [ 14.3926097, 40.6293378 ], [ 14.3925636, 40.6293383 ], [ 14.3923815, 40.6293404 ], [ 14.3923328, 40.6293409 ], [ 14.3921144, 40.6293457 ], [ 14.3920904, 40.6293467 ], [ 14.3920508, 40.6293484 ], [ 14.3918774, 40.6293548 ], [ 14.3915703, 40.6293661 ], [ 14.3915642, 40.6293668 ] ] } },
{ "type": "Feature", "properties": { "name": "", "name_manual": "", "name_original": null, "highway": "service", "status": "unnamed", "description": "unnamed" }, "geometry": { "type": "LineString", "coordinates": [ [ 14.3937681, 40.6293939 ], [ 14.3937774, 40.6293667 ], [ 14.3937805, 40.6293578 ], [ 14.3937836, 40.6293486 ], [ 14.3937873, 40.6293379 ] ] } },
{ "type": "Feature", "properties": { "name": "", "name_manual": "", "name_original": null, "highway": "service", "status": "unnamed", "description": "unnamed" }, "geometry": { "type": "LineString", "coordinates": [ [ 14.3932554, 40.6290827 ], [ 14.3932812, 40.6290909 ], [ 14.3932928, 40.6290946 ], [ 14.3934584, 40.6291471 ] ] } },
{ "type": "Feature", "properties": { "name": "", "name_manual": "", "name_original": null, "highway": "footway", "status": "unnamed", "description": "unnamed" }, "geometry": { "type": "LineString", "coordinates": [ [ 14.395224, 40.629498 ], [ 14.3952243, 40.6295072 ], [ 14.3952223, 40.6296143 ], [ 14.3952253, 40.6296207 ], [ 14.3952302, 40.6296263 ], [ 14.3952331, 40.6296296 ], [ 14.3952461, 40.6296385 ], [ 14.3952626, 40.6296449 ], [ 14.3952698, 40.6296464 ], [ 14.395281, 40.6296488 ], [ 14.3954544, 40.6296837 ], [ 14.3957362, 40.6297431 ] ] } },
{ "type": "Feature", "properties": { "name": "", "name_manual": "", "name_original": null, "highway": "steps", "status": "unnamed", "description": "unnamed" }, "geometry": { "type": "LineString", "coordinates": [ [ 14.3958331, 40.6296876 ], [ 14.3959314, 40.6297246 ] ] } },
{ "type": "Feature", "properties": { "name": "", "name_manual": "", "name_original": null, "highway": "footway", "status": "unnamed", "description": "unnamed" }, "geometry": { "type": "LineString", "coordinates": [ [ 14.3957309, 40.6297521 ], [ 14.3957295, 40.6297556 ], [ 14.3957192, 40.6297806 ], [ 14.3957052, 40.6298143 ], [ 14.3957044, 40.6298164 ] ] } },
{ "type": "Feature", "properties": { "name": "", "name_manual": "", "name_original": null, "highway": "service", "status": "unnamed", "description": "unnamed" }, "geometry": { "type": "LineString", "coordinates": [ [ 14.3943249, 40.6286245 ], [ 14.3944415, 40.6286189 ], [ 14.3946815, 40.6286611 ] ] } },
{ "type": "Feature", "properties": { "name": "", "name_manual": "", "name_original": null, "highway": "service", "status": "unnamed", "description": "unnamed" }, "geometry": { "type": "LineString", "coordinates": [ [ 14.3942446, 40.6286731 ], [ 14.3942344, 40.6286624 ], [ 14.3942295, 40.6286497 ], [ 14.3942305, 40.6286365 ], [ 14.3942371, 40.6286243 ], [ 14.3942487, 40.6286145 ], [ 14.3942639, 40.6286081 ], [ 14.3942811, 40.6286059 ], [ 14.3942982, 40.6286082 ], [ 14.3943134, 40.6286146 ], [ 14.3943249, 40.6286245 ], [ 14.3943313, 40.6286361 ], [ 14.3943325, 40.6286486 ], [ 14.3943285, 40.6286608 ], [ 14.3943196, 40.6286714 ], [ 14.3943067, 40.6286793 ], [ 14.3942912, 40.6286837 ], [ 14.3942747, 40.6286842 ], [ 14.3942588, 40.6286807 ], [ 14.3942446, 40.6286731 ] ] } },
{ "type": "Feature", "properties": { "name": "", "name_manual": "", "name_original": null, "highway": "service", "status": "unnamed", "description": "unnamed" }, "geometry": { "type": "LineString", "coordinates": [ [ 14.3938791, 40.6294161 ], [ 14.3938919, 40.6293809 ], [ 14.3939218, 40.6293003 ], [ 14.3941856, 40.6287634 ], [ 14.394245, 40.6286942 ], [ 14.3942588, 40.6286807 ] ] } },
{ "type": "Feature", "properties": { "name": "", "name_manual": "", "name_original": null, "highway": "service", "status": "unnamed", "description": "unnamed" }, "geometry": { "type": "LineString", "coordinates": [ [ 14.3930807, 40.6297449 ], [ 14.3929495, 40.6300113 ], [ 14.393211, 40.6300978 ] ] } },
{ "type": "Feature", "properties": { "name": "", "name_manual": "", "name_original": null, "highway": "service", "status": "unnamed", "description": "unnamed" }, "geometry": { "type": "LineString", "coordinates": [ [ 14.3931654, 40.6296011 ], [ 14.3930807, 40.6297449 ] ] } },
{ "type": "Feature", "properties": { "name": "", "name_manual": "", "name_original": null, "highway": "service", "status": "unnamed", "description": "unnamed" }, "geometry": { "type": "LineString", "coordinates": [ [ 14.3933509, 40.6293156 ], [ 14.3933325, 40.6293445 ], [ 14.3933286, 40.6293506 ], [ 14.3933248, 40.6293567 ] ] } },
{ "type": "Feature", "properties": { "name": "", "name_manual": "", "name_original": null, "highway": "footway", "status": "unnamed", "description": "unnamed" }, "geometry": { "type": "LineString", "coordinates": [ [ 14.3925636, 40.6293383 ], [ 14.3925634, 40.629332 ], [ 14.3925627, 40.6292997 ], [ 14.392562, 40.6292679 ], [ 14.3925618, 40.6292612 ] ] } },
{ "type": "Feature", "properties": { "name": "", "name_manual": "", "name_original": null, "highway": "footway", "status": "unnamed", "description": "unnamed" }, "geometry": { "type": "LineString", "coordinates": [ [ 14.3899903, 40.6293085 ], [ 14.3900058, 40.6293164 ], [ 14.3900262, 40.629327 ], [ 14.3901394, 40.6293441 ], [ 14.3902006, 40.6293519 ], [ 14.3902614, 40.6293577 ], [ 14.3902887, 40.6293586 ], [ 14.390378, 40.6293606 ], [ 14.3904717, 40.6293553 ], [ 14.3906207, 40.6293455 ], [ 14.3906775, 40.6293411 ], [ 14.3907364, 40.6293373 ], [ 14.3907758, 40.6293343 ], [ 14.3910578, 40.6293153 ], [ 14.391315, 40.6293011 ], [ 14.3914078, 40.6292984 ], [ 14.3914372, 40.6292978 ], [ 14.3917587, 40.6292864 ], [ 14.3920385, 40.6292806 ], [ 14.3921279, 40.6292787 ], [ 14.3921986, 40.6292724 ], [ 14.3922627, 40.6292712 ], [ 14.3925014, 40.6292632 ], [ 14.3925418, 40.6292618 ], [ 14.3925618, 40.6292612 ], [ 14.392786, 40.629256 ], [ 14.3928261, 40.6292549 ], [ 14.3930126, 40.62925 ] ] } },
{ "type": "Feature", "properties": { "name": "", "name_manual": "", "name_original": null, "highway": "track", "status": "unnamed", "description": "unnamed" }, "geometry": { "type": "LineString", "coordinates": [ [ 14.3918954, 40.6303685 ], [ 14.3919678, 40.6303797 ], [ 14.392059, 40.6303624 ], [ 14.3921448, 40.6303359 ], [ 14.3922159, 40.6303034 ], [ 14.3922682, 40.6302688 ], [ 14.3923487, 40.630282 ], [ 14.3925378, 40.6303247 ], [ 14.3926088, 40.6303186 ], [ 14.3926464, 40.6302891 ], [ 14.392747, 40.630167 ], [ 14.3928207, 40.6301029 ], [ 14.3929012, 40.6300489 ], [ 14.3929495, 40.6300113 ] ] } },
{ "type": "Feature", "properties": { "name": "", "name_manual": "", "name_original": null, "highway": "service", "status": "unnamed", "description": "unnamed" }, "geometry": { "type": "LineString", "coordinates": [ [ 14.4053372, 40.6133654 ], [ 14.4052036, 40.6133307 ], [ 14.4051135, 40.6133013 ], [ 14.4050019, 40.6132736 ], [ 14.4049204, 40.6132818 ], [ 14.4048174, 40.6132964 ], [ 14.4047594, 40.6133176 ], [ 14.4046758, 40.6133355 ], [ 14.4045856, 40.6133421 ], [ 14.4045234, 40.6133518 ], [ 14.4044612, 40.6133844 ], [ 14.4043732, 40.613417 ], [ 14.4042938, 40.6134447 ], [ 14.4042252, 40.6134642 ], [ 14.4041393, 40.6134773 ], [ 14.4040749, 40.6135163 ] ] } },
{ "type": "Feature", "properties": { "name": "", "name_manual": "", "name_original": null, "highway": "service", "status": "unnamed", "description": "unnamed" }, "geometry": { "type": "LineString", "coordinates": [ [ 14.4032932, 40.613419 ], [ 14.4033389, 40.6135392 ], [ 14.403251, 40.6135799 ], [ 14.4031995, 40.6136418 ], [ 14.4031694, 40.6137167 ], [ 14.4032166, 40.6137362 ], [ 14.4032939, 40.6137102 ], [ 14.4034269, 40.6136792 ], [ 14.4035793, 40.6136727 ], [ 14.4037037, 40.6136923 ], [ 14.4037509, 40.61372 ], [ 14.4037466, 40.6137574 ], [ 14.4036587, 40.6138307 ], [ 14.4035857, 40.6138991 ], [ 14.4035278, 40.613961 ], [ 14.4035085, 40.6140278 ], [ 14.4035235, 40.6141093 ], [ 14.4034999, 40.6142103 ], [ 14.4035128, 40.6143194 ], [ 14.4035342, 40.6144741 ] ] } },
{ "type": "Feature", "properties": { "name": "", "name_manual": "", "name_original": null, "highway": "path", "status": "unnamed", "description": "unnamed" }, "geometry": { "type": "LineString", "coordinates": [ [ 14.399356, 40.6305273 ], [ 14.3992036, 40.630512 ] ] } },
{ "type": "Feature", "properties": { "name": "", "name_manual": "", "name_original": null, "highway": "path", "status": "unnamed", "description": "unnamed" }, "geometry": { "type": "LineString", "coordinates": [ [ 14.3992055, 40.6305025 ], [ 14.399227, 40.6303879 ] ] } },
{ "type": "Feature", "properties": { "name": "", "name_manual": "", "name_original": null, "highway": "path", "status": "unnamed", "description": "unnamed" }, "geometry": { "type": "LineString", "coordinates": [ [ 14.3991404, 40.6308277 ], [ 14.3992036, 40.630512 ], [ 14.3992055, 40.6305025 ], [ 14.3991185, 40.6304925 ], [ 14.3986363, 40.6304379 ] ] } },
{ "type": "Feature", "properties": { "name": "", "name_manual": "", "name_original": null, "highway": "path", "status": "unnamed", "description": "unnamed" }, "geometry": { "type": "LineString", "coordinates": [ [ 14.3985727, 40.6307707 ], [ 14.3985856, 40.6307752 ], [ 14.3991165, 40.6308381 ], [ 14.3991321, 40.6308391 ], [ 14.3991404, 40.6308277 ], [ 14.3993473, 40.6305397 ], [ 14.399356, 40.6305273 ], [ 14.3993796, 40.6304938 ], [ 14.3994225, 40.6304344 ], [ 14.3994233, 40.6304277 ], [ 14.3994222, 40.6304223 ], [ 14.3994204, 40.6304188 ], [ 14.3994071, 40.6304047 ], [ 14.3993863, 40.6303944 ], [ 14.399227, 40.6303879 ], [ 14.3992052, 40.6303871 ], [ 14.3991392, 40.6303849 ], [ 14.3990709, 40.6303778 ], [ 14.3989521, 40.6303618 ], [ 14.3987654, 40.6303362 ], [ 14.3986714, 40.6303204 ], [ 14.3986591, 40.6303189 ] ] } },
{ "type": "Feature", "properties": { "name": "", "name_manual": "", "name_original": null, "highway": "service", "status": "unnamed", "description": "unnamed" }, "geometry": { "type": "LineString", "coordinates": [ [ 14.3979087, 40.6316582 ], [ 14.3981569, 40.6317736 ], [ 14.3981701, 40.6317797 ], [ 14.3981841, 40.6317862 ], [ 14.3982231, 40.6318043 ] ] } },
{ "type": "Feature", "properties": { "name": "", "name_manual": "", "name_original": null, "highway": "service", "status": "unnamed", "description": "unnamed" }, "geometry": { "type": "LineString", "coordinates": [ [ 14.3972595, 40.6328585 ], [ 14.3972085, 40.6328348 ], [ 14.3971973, 40.6328295 ], [ 14.3971468, 40.6328061 ] ] } },
{ "type": "Feature", "properties": { "name": "", "name_manual": "", "name_original": null, "highway": "footway", "status": "unnamed", "description": "unnamed" }, "geometry": { "type": "LineString", "coordinates": [ [ 14.398409, 40.6319875 ], [ 14.3984837, 40.6318892 ], [ 14.398488, 40.6318833 ] ] } },
{ "type": "Feature", "properties": { "name": "", "name_manual": "", "name_original": null, "highway": "service", "status": "unnamed", "description": "unnamed" }, "geometry": { "type": "LineString", "coordinates": [ [ 14.398033, 40.6339709 ], [ 14.3979922, 40.6339512 ], [ 14.3979035, 40.6339083 ] ] } },
{ "type": "Feature", "properties": { "name": "", "name_manual": "", "name_original": null, "highway": "footway", "status": "unnamed", "description": "unnamed" }, "geometry": { "type": "LineString", "coordinates": [ [ 14.3980837, 40.6339409 ], [ 14.3982547, 40.6337404 ] ] } },
{ "type": "Feature", "properties": { "name": "", "name_manual": "", "name_original": null, "highway": "footway", "status": "unnamed", "description": "unnamed" }, "geometry": { "type": "LineString", "coordinates": [ [ 14.3980176, 40.6340145 ], [ 14.3980494, 40.6339791 ], [ 14.3980837, 40.6339409 ] ] } },
{ "type": "Feature", "properties": { "name": "", "name_manual": "", "name_original": null, "highway": "footway", "status": "unnamed", "description": "unnamed" }, "geometry": { "type": "LineString", "coordinates": [ [ 14.3983044, 40.6336884 ], [ 14.3984579, 40.6335231 ], [ 14.3985286, 40.6334419 ], [ 14.3985621, 40.6334017 ], [ 14.398558, 40.6333996 ], [ 14.3985434, 40.6333907 ] ] } },
{ "type": "Feature", "properties": { "name": "", "name_manual": "", "name_original": null, "highway": "footway", "status": "unnamed", "description": "unnamed" }, "geometry": { "type": "LineString", "coordinates": [ [ 14.3982547, 40.6337404 ], [ 14.3982784, 40.6337156 ], [ 14.3983044, 40.6336884 ] ] } },
{ "type": "Feature", "properties": { "name": "", "name_manual": "", "name_original": null, "highway": "footway", "status": "unnamed", "description": "unnamed" }, "geometry": { "type": "LineString", "coordinates": [ [ 14.4017441, 40.6321422 ], [ 14.4016531, 40.6323467 ], [ 14.4015895, 40.6324896 ], [ 14.4015442, 40.6325727 ], [ 14.4014759, 40.6326982 ], [ 14.4014672, 40.6327098 ], [ 14.4014124, 40.6327832 ], [ 14.4012848, 40.6329856 ], [ 14.4012081, 40.6331256 ], [ 14.4011862, 40.6331651 ], [ 14.4011677, 40.6331986 ], [ 14.4011152, 40.6332846 ], [ 14.4010967, 40.6332782 ], [ 14.4010919, 40.633287 ], [ 14.4010861, 40.6332979 ], [ 14.4010612, 40.6333491 ], [ 14.4009868, 40.6335025 ], [ 14.4009743, 40.633499 ], [ 14.4009553, 40.6335458 ], [ 14.4009228, 40.6336147 ], [ 14.4008864, 40.6336898 ], [ 14.4008775, 40.633722 ], [ 14.4008396, 40.6338251 ], [ 14.4008143, 40.6338423 ], [ 14.4007829, 40.6338363 ], [ 14.4007712, 40.633855 ], [ 14.4007506, 40.6338878 ], [ 14.4006894, 40.6339784 ], [ 14.4006274, 40.6340701 ], [ 14.4006163, 40.6341028 ], [ 14.4006028, 40.6341379 ], [ 14.4006112, 40.6341473 ], [ 14.400337, 40.6344969 ], [ 14.4003255, 40.6344917 ], [ 14.4002782, 40.6345163 ], [ 14.4002396, 40.6345481 ], [ 14.4002064, 40.6345794 ], [ 14.4001784, 40.6346231 ], [ 14.400168, 40.6346393 ], [ 14.4001398, 40.6346737 ], [ 14.4001245, 40.6346919 ], [ 14.4001134, 40.6347016 ], [ 14.3999589, 40.6348648 ], [ 14.3999341, 40.6348772 ], [ 14.399902, 40.6348892 ], [ 14.3998874, 40.6348941 ], [ 14.3998768, 40.6348966 ], [ 14.3998602, 40.6348966 ], [ 14.3998431, 40.6348959 ], [ 14.3990886, 40.634633 ], [ 14.3990843, 40.6346314 ], [ 14.3990308, 40.6346116 ], [ 14.3989867, 40.6345953 ], [ 14.398803, 40.634528 ], [ 14.3981564, 40.6342911 ], [ 14.3978889, 40.6341932 ], [ 14.3978823, 40.6341874 ], [ 14.3978772, 40.6341785 ], [ 14.3978762, 40.6341766 ], [ 14.3978788, 40.6341732 ], [ 14.3980176, 40.6340145 ] ] } },
{ "type": "Feature", "properties": { "name": "", "name_manual": "", "name_original": null, "highway": "service", "status": "unnamed", "description": "unnamed" }, "geometry": { "type": "LineString", "coordinates": [ [ 14.398033, 40.6339709 ], [ 14.3980494, 40.6339791 ], [ 14.3980689, 40.6339889 ], [ 14.3983436, 40.6341265 ] ] } },
{ "type": "Feature", "properties": { "name": "", "name_manual": "", "name_original": null, "highway": "service", "status": "unnamed", "description": "unnamed" }, "geometry": { "type": "LineString", "coordinates": [ [ 14.3987503, 40.6331238 ], [ 14.3987164, 40.6331077 ], [ 14.3985506, 40.63303 ] ] } },
{ "type": "Feature", "properties": { "name": "", "name_manual": "", "name_original": null, "highway": "service", "status": "unnamed", "description": "unnamed" }, "geometry": { "type": "LineString", "coordinates": [ [ 14.3989944, 40.6328156 ], [ 14.3990435, 40.6328401 ], [ 14.3992379, 40.6329343 ] ] } },
{ "type": "Feature", "properties": { "name": "", "name_manual": "", "name_original": null, "highway": "service", "status": "unnamed", "description": "unnamed" }, "geometry": { "type": "LineString", "coordinates": [ [ 14.398557, 40.6333736 ], [ 14.398583, 40.6333862 ], [ 14.3987478, 40.6334656 ] ] } },
{ "type": "Feature", "properties": { "name": "", "name_manual": "", "name_original": null, "highway": "service", "status": "unnamed", "description": "unnamed" }, "geometry": { "type": "LineString", "coordinates": [ [ 14.3989878, 40.6334564 ], [ 14.3990911, 40.6334636 ], [ 14.399239, 40.6332292 ] ] } },
{ "type": "Feature", "properties": { "name": "", "name_manual": "", "name_original": null, "highway": "service", "status": "unnamed", "description": "unnamed" }, "geometry": { "type": "LineString", "coordinates": [ [ 14.3987917, 40.6330676 ], [ 14.3988702, 40.6330956 ], [ 14.399239, 40.6332292 ], [ 14.3995994, 40.6333598 ] ] } },
{ "type": "Feature", "properties": { "name": "", "name_manual": "", "name_original": null, "highway": "service", "status": "unnamed", "description": "unnamed" }, "geometry": { "type": "LineString", "coordinates": [ [ 14.3988577, 40.6340584 ], [ 14.398619, 40.6339434 ], [ 14.3986411, 40.6339144 ], [ 14.3983002, 40.6337272 ], [ 14.3982784, 40.6337156 ], [ 14.3982621, 40.6337074 ] ] } },
{ "type": "Feature", "properties": { "name": "", "name_manual": "", "name_original": null, "highway": "service", "status": "unnamed", "description": "unnamed" }, "geometry": { "type": "LineString", "coordinates": [ [ 14.3985922, 40.6333392 ], [ 14.3985287, 40.6333171 ], [ 14.3983999, 40.6332709 ], [ 14.3982884, 40.6332285 ], [ 14.3983857, 40.633087 ] ] } },
{ "type": "Feature", "properties": { "name": "", "name_manual": "", "name_original": null, "highway": "footway", "status": "unnamed", "description": "unnamed" }, "geometry": { "type": "LineString", "coordinates": [ [ 14.3969269, 40.6333907 ], [ 14.3969376, 40.6333959 ], [ 14.3972819, 40.6335786 ] ] } },
{ "type": "Feature", "properties": { "name": "", "name_manual": "", "name_original": null, "highway": "footway", "status": "unnamed", "description": "unnamed" }, "geometry": { "type": "LineString", "coordinates": [ [ 14.3971543, 40.6331485 ], [ 14.3971648, 40.6331542 ], [ 14.3974245, 40.6332883 ], [ 14.3975408, 40.6333592 ] ] } },
{ "type": "Feature", "properties": { "name": "", "name_manual": "", "name_original": null, "highway": "service", "status": "unnamed", "description": "unnamed" }, "geometry": { "type": "LineString", "coordinates": [ [ 14.3990216, 40.6321081 ], [ 14.3990522, 40.6320751 ], [ 14.3990872, 40.6320435 ] ] } },
{ "type": "Feature", "properties": { "name": "", "name_manual": "", "name_original": null, "highway": "footway", "status": "unnamed", "description": "unnamed" }, "geometry": { "type": "LineString", "coordinates": [ [ 14.3986076, 40.6317908 ], [ 14.3985981, 40.6317995 ], [ 14.3985667, 40.6318287 ], [ 14.3985462, 40.6318478 ] ] } },
{ "type": "Feature", "properties": { "name": "", "name_manual": "", "name_original": null, "highway": "footway", "status": "unnamed", "description": "unnamed" }, "geometry": { "type": "LineString", "coordinates": [ [ 14.398476, 40.6318792 ], [ 14.3984384, 40.6318655 ], [ 14.3984093, 40.6318611 ] ] } },
{ "type": "Feature", "properties": { "name": "", "name_manual": "", "name_original": null, "highway": "footway", "status": "unnamed", "description": "unnamed" }, "geometry": { "type": "LineString", "coordinates": [ [ 14.3985462, 40.6318478 ], [ 14.3985394, 40.6318537 ], [ 14.398524, 40.6318502 ], [ 14.3985087, 40.6318563 ], [ 14.398488, 40.6318833 ], [ 14.398476, 40.6318792 ] ] } },
{ "type": "Feature", "properties": { "name": "", "name_manual": "", "name_original": null, "highway": "steps", "status": "unnamed", "description": "unnamed" }, "geometry": { "type": "LineString", "coordinates": [ [ 14.3981503, 40.6321104 ], [ 14.3981968, 40.6321317 ] ] } },
{ "type": "Feature", "properties": { "name": "", "name_manual": "", "name_original": null, "highway": "footway", "status": "unnamed", "description": "unnamed" }, "geometry": { "type": "LineString", "coordinates": [ [ 14.3981968, 40.6321317 ], [ 14.398235, 40.6321493 ], [ 14.3983705, 40.6322116 ] ] } },
{ "type": "Feature", "properties": { "name": "", "name_manual": "", "name_original": null, "highway": "footway", "status": "unnamed", "description": "unnamed" }, "geometry": { "type": "LineString", "coordinates": [ [ 14.3984017, 40.632226 ], [ 14.3983886, 40.6322426 ], [ 14.3983777, 40.6322564 ], [ 14.3983657, 40.632268 ], [ 14.3983524, 40.6322784 ], [ 14.3983357, 40.6322882 ], [ 14.3983183, 40.6322931 ], [ 14.3982938, 40.6322969 ], [ 14.3982756, 40.6322967 ], [ 14.3982479, 40.6322916 ], [ 14.3982293, 40.632284 ] ] } },
{ "type": "Feature", "properties": { "name": "", "name_manual": "", "name_original": null, "highway": "footway", "status": "unnamed", "description": "unnamed" }, "geometry": { "type": "LineString", "coordinates": [ [ 14.3984017, 40.632226 ], [ 14.3984148, 40.6322094 ], [ 14.3984259, 40.6321957 ], [ 14.3984339, 40.6321822 ], [ 14.39844, 40.6321685 ], [ 14.3984437, 40.6321527 ], [ 14.3984413, 40.6321387 ], [ 14.3984333, 40.6321227 ], [ 14.3984209, 40.6321117 ], [ 14.3984014, 40.6320977 ], [ 14.3983084, 40.632049 ] ] } },
{ "type": "Feature", "properties": { "name": "", "name_manual": "", "name_original": null, "highway": "footway", "status": "unnamed", "description": "unnamed" }, "geometry": { "type": "LineString", "coordinates": [ [ 14.3984017, 40.632226 ], [ 14.3984166, 40.6322328 ] ] } },
{ "type": "Feature", "properties": { "name": "", "name_manual": "", "name_original": null, "highway": "steps", "status": "unnamed", "description": "unnamed" }, "geometry": { "type": "LineString", "coordinates": [ [ 14.3983705, 40.6322116 ], [ 14.3984017, 40.632226 ] ] } },
{ "type": "Feature", "properties": { "name": "", "name_manual": "", "name_original": null, "highway": "footway", "status": "unnamed", "description": "unnamed" }, "geometry": { "type": "LineString", "coordinates": [ [ 14.3981209, 40.6320967 ], [ 14.3981293, 40.6321007 ], [ 14.3981503, 40.6321104 ] ] } },
{ "type": "Feature", "properties": { "name": "", "name_manual": "", "name_original": null, "highway": "footway", "status": "unnamed", "description": "unnamed" }, "geometry": { "type": "LineString", "coordinates": [ [ 14.3986563, 40.6325825 ], [ 14.3987544, 40.6324665 ] ] } },
{ "type": "Feature", "properties": { "name": "", "name_manual": "", "name_original": null, "highway": "footway", "status": "unnamed", "description": "unnamed" }, "geometry": { "type": "LineString", "coordinates": [ [ 14.3983667, 40.6319684 ], [ 14.398409, 40.6319875 ], [ 14.3987498, 40.6321445 ], [ 14.3987131, 40.6321911 ], [ 14.3987074, 40.6321983 ] ] } },
{ "type": "Feature", "properties": { "name": "", "name_manual": "", "name_original": null, "highway": "footway", "status": "unnamed", "description": "unnamed" }, "geometry": { "type": "LineString", "coordinates": [ [ 14.3987131, 40.6321911 ], [ 14.3990026, 40.6323236 ], [ 14.3989302, 40.6324148 ], [ 14.3989077, 40.6324045 ], [ 14.3988863, 40.6324314 ], [ 14.3988464, 40.6324131 ], [ 14.398814, 40.632454 ] ] } },
{ "type": "Feature", "properties": { "name": "", "name_manual": "", "name_original": null, "highway": "service", "status": "unnamed", "description": "unnamed" }, "geometry": { "type": "LineString", "coordinates": [ [ 14.3986042, 40.6318517 ], [ 14.3985839, 40.6318736 ], [ 14.3985335, 40.6319281 ], [ 14.3987891, 40.6320641 ], [ 14.3987371, 40.6321203 ] ] } },
{ "type": "Feature", "properties": { "name": "", "name_manual": "", "name_original": null, "highway": "service", "status": "unnamed", "description": "unnamed" }, "geometry": { "type": "LineString", "coordinates": [ [ 14.3991733, 40.6326537 ], [ 14.3991232, 40.6326261 ], [ 14.398814, 40.632454 ], [ 14.3986854, 40.6325959 ], [ 14.3986563, 40.6325825 ], [ 14.398271, 40.6324051 ], [ 14.3982293, 40.632284 ], [ 14.3982046, 40.6321909 ], [ 14.398235, 40.6321493 ], [ 14.3983084, 40.632049 ], [ 14.3983146, 40.6320392 ], [ 14.3983667, 40.6319684 ], [ 14.3984384, 40.6318712 ], [ 14.3984384, 40.6318655 ], [ 14.3984393, 40.6317778 ] ] } },
{ "type": "Feature", "properties": { "name": "", "name_manual": "", "name_original": null, "highway": "service", "status": "unnamed", "description": "unnamed" }, "geometry": { "type": "LineString", "coordinates": [ [ 14.397697, 40.6324749 ], [ 14.3977379, 40.6324945 ], [ 14.3977475, 40.6324991 ], [ 14.3977564, 40.6325034 ], [ 14.3978432, 40.632545 ], [ 14.3982965, 40.6327318 ] ] } },
{ "type": "Feature", "properties": { "name": "", "name_manual": "", "name_original": null, "highway": "service", "status": "unnamed", "description": "unnamed" }, "geometry": { "type": "LineString", "coordinates": [ [ 14.3972754, 40.6329359 ], [ 14.3973146, 40.6329566 ], [ 14.3973256, 40.6329624 ], [ 14.3973362, 40.6329679 ], [ 14.3975743, 40.6330931 ] ] } },
{ "type": "Feature", "properties": { "name": "", "name_manual": "", "name_original": null, "highway": "service", "status": "unnamed", "description": "unnamed" }, "geometry": { "type": "LineString", "coordinates": [ [ 14.3972154, 40.6330011 ], [ 14.3972526, 40.633024 ], [ 14.397263, 40.6330303 ], [ 14.397273, 40.6330365 ], [ 14.3973785, 40.6331012 ] ] } },
{ "type": "Feature", "properties": { "name": "", "name_manual": "", "name_original": null, "highway": "service", "status": "unnamed", "description": "unnamed" }, "geometry": { "type": "LineString", "coordinates": [ [ 14.3975634, 40.6326193 ], [ 14.3976031, 40.6326394 ], [ 14.3976136, 40.6326448 ], [ 14.397622, 40.6326491 ], [ 14.3979136, 40.6327883 ], [ 14.398047, 40.6328382 ] ] } },
{ "type": "Feature", "properties": { "name": "", "name_manual": "", "name_original": null, "highway": "service", "status": "unnamed", "description": "unnamed" }, "geometry": { "type": "LineString", "coordinates": [ [ 14.3983712, 40.6316367 ], [ 14.3983165, 40.6316201 ], [ 14.3982973, 40.6316136 ], [ 14.3982718, 40.631605 ], [ 14.3981911, 40.6315742 ], [ 14.3980543, 40.6315311 ] ] } },
{ "type": "Feature", "properties": { "name": "", "name_manual": "", "name_original": null, "highway": "service", "status": "unnamed", "description": "unnamed" }, "geometry": { "type": "LineString", "coordinates": [ [ 14.3989136, 40.6320386 ], [ 14.3989402, 40.6320116 ], [ 14.3989463, 40.6320055 ], [ 14.3989524, 40.6319993 ], [ 14.3989974, 40.6319535 ] ] } },
{ "type": "Feature", "properties": { "name": "", "name_manual": "", "name_original": null, "highway": "service", "status": "unnamed", "description": "unnamed" }, "geometry": { "type": "LineString", "coordinates": [ [ 14.3988122, 40.6319773 ], [ 14.3988381, 40.6319509 ], [ 14.3988444, 40.6319445 ], [ 14.3988505, 40.6319383 ], [ 14.3989389, 40.6318485 ] ] } },
{ "type": "Feature", "properties": { "name": "", "name_manual": "", "name_original": null, "highway": "footway", "status": "unnamed", "description": "unnamed" }, "geometry": { "type": "LineString", "coordinates": [ [ 14.4002623, 40.6300091 ], [ 14.400216, 40.6300196 ], [ 14.400164, 40.6300314 ], [ 14.4001039, 40.6300454 ], [ 14.3999786, 40.6300777 ], [ 14.3999138, 40.630098 ], [ 14.3997378, 40.6301599 ], [ 14.3995719, 40.6302194 ], [ 14.3994076, 40.6302677 ], [ 14.3993104, 40.6302873 ], [ 14.3991977, 40.6303059 ], [ 14.399088, 40.6302937 ], [ 14.3990339, 40.6302858 ], [ 14.3989865, 40.6302777 ], [ 14.3989677, 40.6302745 ], [ 14.3988023, 40.6302442 ], [ 14.3985094, 40.6301791 ], [ 14.3984859, 40.6301772 ], [ 14.3984534, 40.6301754 ], [ 14.3981488, 40.6301487 ] ] } },
{ "type": "Feature", "properties": { "name": "", "name_manual": "", "name_original": null, "highway": "footway", "status": "unnamed", "description": "unnamed" }, "geometry": { "type": "LineString", "coordinates": [ [ 14.3980259, 40.6301335 ], [ 14.3980775, 40.6301394 ], [ 14.3981488, 40.6301487 ] ] } },
{ "type": "Feature", "properties": { "name": "", "name_manual": "", "name_original": null, "highway": "footway", "status": "unnamed", "description": "unnamed" }, "geometry": { "type": "LineString", "coordinates": [ [ 14.3990971, 40.6302837 ], [ 14.3990887, 40.6302909 ], [ 14.399088, 40.6302937 ], [ 14.3990864, 40.6303001 ] ] } },
{ "type": "Feature", "properties": { "name": "", "name_manual": "", "name_original": null, "highway": "service", "status": "unnamed", "description": "unnamed" }, "geometry": { "type": "LineString", "coordinates": [ [ 14.398971, 40.6303176 ], [ 14.3989865, 40.6302777 ], [ 14.3990287, 40.6301693 ] ] } },
{ "type": "Feature", "properties": { "name": "", "name_manual": "", "name_original": null, "highway": "steps", "status": "unnamed", "description": "unnamed" }, "geometry": { "type": "LineString", "coordinates": [ [ 14.4007999, 40.6298889 ], [ 14.4008076, 40.6299304 ], [ 14.4008083, 40.6299349 ] ] } },
{ "type": "Feature", "properties": { "name": "", "name_manual": "", "name_original": null, "highway": "footway", "status": "unnamed", "description": "unnamed" }, "geometry": { "type": "LineString", "coordinates": [ [ 14.4004862, 40.6299706 ], [ 14.4005249, 40.6299665 ], [ 14.400661, 40.6299517 ], [ 14.4007207, 40.6299452 ], [ 14.4007988, 40.6299365 ], [ 14.4008083, 40.6299349 ], [ 14.4008157, 40.6299338 ], [ 14.4008821, 40.6299289 ], [ 14.4009388, 40.6299269 ], [ 14.4010031, 40.6299289 ], [ 14.4011712, 40.6299447 ], [ 14.4011778, 40.6299441 ], [ 14.4011787, 40.62994 ], [ 14.4011723, 40.629939 ], [ 14.4010038, 40.6299222 ], [ 14.4009394, 40.6299185 ], [ 14.4008935, 40.6299127 ], [ 14.4008633, 40.6299026 ], [ 14.4008381, 40.6298913 ], [ 14.4008188, 40.6298784 ], [ 14.4007999, 40.6298657 ], [ 14.4007996, 40.6298608 ], [ 14.4007896, 40.6298303 ], [ 14.400777, 40.6298311 ], [ 14.400754, 40.6298324 ], [ 14.4007323, 40.6296471 ], [ 14.4007317, 40.6296343 ], [ 14.4007311, 40.6296201 ], [ 14.4007221, 40.6294705 ] ] } },
{ "type": "Feature", "properties": { "name": "", "name_manual": "", "name_original": null, "highway": "footway", "status": "unnamed", "description": "unnamed" }, "geometry": { "type": "LineString", "coordinates": [ [ 14.4004862, 40.6299706 ], [ 14.4002623, 40.6300091 ] ] } },
{ "type": "Feature", "properties": { "name": "", "name_manual": "", "name_original": null, "highway": "service", "status": "unnamed", "description": "unnamed" }, "geometry": { "type": "LineString", "coordinates": [ [ 14.4002237, 40.6300474 ], [ 14.400216, 40.6300196 ], [ 14.4002143, 40.6300133 ], [ 14.4002305, 40.6299956 ] ] } },
{ "type": "Feature", "properties": { "name": "", "name_manual": "", "name_original": null, "highway": "footway", "status": "unnamed", "description": "unnamed" }, "geometry": { "type": "LineString", "coordinates": [ [ 14.4004531, 40.6300494 ], [ 14.4005337, 40.63004 ], [ 14.4005494, 40.6300382 ], [ 14.4008729, 40.6300027 ], [ 14.4009022, 40.6300006 ], [ 14.4011175, 40.6300012 ], [ 14.4011743, 40.6300103 ], [ 14.4011862, 40.6300132 ], [ 14.4012928, 40.6300359 ], [ 14.4012957, 40.6300263 ] ] } },
{ "type": "Feature", "properties": { "name": "", "name_manual": "", "name_original": null, "highway": "footway", "status": "unnamed", "description": "unnamed" }, "geometry": { "type": "LineString", "coordinates": [ [ 14.3996356, 40.6305634 ], [ 14.3997811, 40.630368 ], [ 14.3997051, 40.6302749 ], [ 14.3997121, 40.6302668 ], [ 14.3999276, 40.6301589 ], [ 14.3999538, 40.6301481 ], [ 14.4001402, 40.6300967 ], [ 14.4001759, 40.6300929 ], [ 14.4001906, 40.6300938 ], [ 14.4003435, 40.6300656 ], [ 14.4004395, 40.6300514 ], [ 14.4004531, 40.6300494 ] ] } },
{ "type": "Feature", "properties": { "name": "", "name_manual": "", "name_original": null, "highway": "footway", "status": "unnamed", "description": "unnamed" }, "geometry": { "type": "LineString", "coordinates": [ [ 14.4012957, 40.6300263 ], [ 14.4012968, 40.6300227 ], [ 14.4013089, 40.6300252 ], [ 14.4014025, 40.6300459 ], [ 14.4015851, 40.6300908 ], [ 14.4017329, 40.6301279 ], [ 14.4018087, 40.6301483 ], [ 14.4018497, 40.630165 ], [ 14.4019047, 40.6301809 ], [ 14.4019019, 40.630187 ], [ 14.4019409, 40.6301972 ], [ 14.4020272, 40.6302198 ], [ 14.4021242, 40.6302433 ], [ 14.4021736, 40.6302553 ], [ 14.4023319, 40.6303001 ], [ 14.4023409, 40.6303074 ], [ 14.4025595, 40.6303466 ], [ 14.4025966, 40.6303564 ], [ 14.4026125, 40.6303606 ], [ 14.4027956, 40.6303936 ], [ 14.4028879, 40.6304104 ], [ 14.4032026, 40.6304705 ], [ 14.4032536, 40.6304789 ], [ 14.4034791, 40.6305158 ], [ 14.4034872, 40.6305171 ], [ 14.4034852, 40.630524 ], [ 14.4037775, 40.6305663 ], [ 14.404033, 40.6306072 ], [ 14.4041799, 40.6306255 ], [ 14.4043497, 40.6306482 ], [ 14.4043693, 40.6306503 ], [ 14.4046017, 40.6306748 ], [ 14.4049144, 40.6307186 ], [ 14.4053264, 40.6307679 ], [ 14.4059675, 40.6308345 ], [ 14.4060819, 40.6308447 ], [ 14.4062192, 40.6308571 ], [ 14.4063414, 40.6308737 ], [ 14.4063855, 40.6308913 ], [ 14.4063942, 40.6308966 ], [ 14.406428, 40.6309171 ], [ 14.4064597, 40.6309426 ], [ 14.4064864, 40.6309669 ], [ 14.4065169, 40.6309989 ], [ 14.4065356, 40.6310298 ], [ 14.4065439, 40.6310606 ], [ 14.4065401, 40.6310893 ], [ 14.4065265, 40.6311192 ], [ 14.4064998, 40.6311501 ], [ 14.4064616, 40.6311765 ], [ 14.4064239, 40.6311904 ], [ 14.4060359, 40.6313282 ], [ 14.4059622, 40.6313544 ], [ 14.4059338, 40.6313638 ], [ 14.4058555, 40.6313936 ], [ 14.405747, 40.6314337 ], [ 14.4056171, 40.6314771 ], [ 14.4054928, 40.6315084 ], [ 14.4053793, 40.6315291 ], [ 14.4053249, 40.6315354 ], [ 14.4052664, 40.6315382 ], [ 14.4052297, 40.6315388 ], [ 14.4051971, 40.6315393 ], [ 14.4051354, 40.6315366 ], [ 14.4050779, 40.6315306 ], [ 14.4050114, 40.6315229 ], [ 14.4049632, 40.6315137 ], [ 14.404937, 40.6315066 ], [ 14.4049072, 40.6314986 ], [ 14.4043387, 40.6313628 ], [ 14.4043193, 40.6313584 ], [ 14.404099, 40.6313088 ], [ 14.4040408, 40.6313007 ], [ 14.4040128, 40.6312963 ], [ 14.4038146, 40.6312494 ], [ 14.4037349, 40.6312306 ], [ 14.4036528, 40.6312126 ], [ 14.4035874, 40.6311984 ], [ 14.403217, 40.6311309 ], [ 14.4030918, 40.6311084 ], [ 14.4030726, 40.6311049 ], [ 14.4028911, 40.6310635 ], [ 14.4028631, 40.6310579 ], [ 14.4028488, 40.631055 ], [ 14.4026441, 40.630999 ], [ 14.4024691, 40.6309512 ], [ 14.4022025, 40.6308783 ], [ 14.4021741, 40.6308696 ], [ 14.4021677, 40.6308677 ], [ 14.4021531, 40.6308608 ], [ 14.4021072, 40.6308392 ], [ 14.4019362, 40.6307461 ], [ 14.4018149, 40.6306504 ], [ 14.401782, 40.6306169 ], [ 14.4017867, 40.6306123 ] ] } },
{ "type": "Feature", "properties": { "name": "", "name_manual": "", "name_original": null, "highway": "footway", "status": "unnamed", "description": "unnamed" }, "geometry": { "type": "LineString", "coordinates": [ [ 14.3997209, 40.6306029 ], [ 14.4000031, 40.6307294 ] ] } },
{ "type": "Feature", "properties": { "name": "", "name_manual": "", "name_original": null, "highway": "footway", "status": "unnamed", "description": "unnamed" }, "geometry": { "type": "LineString", "coordinates": [ [ 14.3995391, 40.6305201 ], [ 14.3996356, 40.6305634 ], [ 14.3997209, 40.6306029 ] ] } },
{ "type": "Feature", "properties": { "name": "", "name_manual": "", "name_original": null, "highway": "service", "status": "unnamed", "description": "unnamed" }, "geometry": { "type": "LineString", "coordinates": [ [ 14.4002977, 40.6309181 ], [ 14.4003217, 40.6308806 ], [ 14.4004476, 40.630684 ] ] } },
{ "type": "Feature", "properties": { "name": "", "name_manual": "", "name_original": null, "highway": "footway", "status": "unnamed", "description": "unnamed" }, "geometry": { "type": "LineString", "coordinates": [ [ 14.4000031, 40.6307294 ], [ 14.4000398, 40.6307502 ], [ 14.4002786, 40.6308606 ], [ 14.4003217, 40.6308806 ] ] } },
{ "type": "Feature", "properties": { "name": "", "name_manual": "", "name_original": null, "highway": "service", "status": "unnamed", "description": "unnamed" }, "geometry": { "type": "LineString", "coordinates": [ [ 14.3994237, 40.6309873 ], [ 14.3996084, 40.6310679 ], [ 14.3998306, 40.6307746 ] ] } },
{ "type": "Feature", "properties": { "name": "", "name_manual": "", "name_original": null, "highway": "service", "status": "unnamed", "description": "unnamed" }, "geometry": { "type": "LineString", "coordinates": [ [ 14.3998721, 40.6307772 ], [ 14.3996322, 40.6310998 ], [ 14.3998548, 40.6312143 ] ] } },
{ "type": "Feature", "properties": { "name": "", "name_manual": "", "name_original": null, "highway": "footway", "status": "unnamed", "description": "unnamed" }, "geometry": { "type": "LineString", "coordinates": [ [ 14.3998488, 40.6307358 ], [ 14.3997138, 40.6306733 ] ] } },
{ "type": "Feature", "properties": { "name": "", "name_manual": "", "name_original": null, "highway": "footway", "status": "unnamed", "description": "unnamed" }, "geometry": { "type": "LineString", "coordinates": [ [ 14.4002765, 40.631035 ], [ 14.4002552, 40.6310255 ], [ 14.4002937, 40.6309817 ], [ 14.4002984, 40.6309654 ], [ 14.4002897, 40.6309545 ], [ 14.4002699, 40.6309448 ], [ 14.3999456, 40.630797 ], [ 14.3999045, 40.6307779 ], [ 14.3998832, 40.6307642 ], [ 14.3998533, 40.6307439 ], [ 14.3998488, 40.6307358 ] ] } },
{ "type": "Feature", "properties": { "name": "", "name_manual": "", "name_original": null, "highway": "footway", "status": "unnamed", "description": "unnamed" }, "geometry": { "type": "LineString", "coordinates": [ [ 14.3995391, 40.6305201 ], [ 14.3995191, 40.6305478 ], [ 14.3995033, 40.6305696 ], [ 14.3994995, 40.6305748 ] ] } },
{ "type": "Feature", "properties": { "name": "", "name_manual": "", "name_original": null, "highway": "footway", "status": "unnamed", "description": "unnamed" }, "geometry": { "type": "LineString", "coordinates": [ [ 14.3997138, 40.6306733 ], [ 14.3995169, 40.6305807 ], [ 14.3994995, 40.6305748 ], [ 14.3994799, 40.6306027 ], [ 14.3993357, 40.6307865 ], [ 14.3992598, 40.6308817 ], [ 14.399184, 40.6309755 ], [ 14.3991686, 40.6309949 ], [ 14.3991141, 40.6310636 ], [ 14.3990412, 40.6311597 ], [ 14.3989198, 40.6313114 ], [ 14.3988904, 40.6313425 ], [ 14.3988595, 40.6313846 ], [ 14.3988611, 40.6313937 ], [ 14.3988404, 40.6314215 ] ] } },
{ "type": "Feature", "properties": { "name": "", "name_manual": "", "name_original": null, "highway": "service", "status": "unnamed", "description": "unnamed" }, "geometry": { "type": "LineString", "coordinates": [ [ 14.3995131, 40.6304374 ], [ 14.3995616, 40.6304545 ], [ 14.399602, 40.6304688 ], [ 14.3996812, 40.6303594 ], [ 14.399653, 40.63034 ], [ 14.3995463, 40.6303673 ] ] } },
{ "type": "Feature", "properties": { "name": "", "name_manual": "", "name_original": null, "highway": "service", "status": "unnamed", "description": "unnamed" }, "geometry": { "type": "LineString", "coordinates": [ [ 14.3990872, 40.6320435 ], [ 14.3991776, 40.6319552 ], [ 14.3992158, 40.6319176 ] ] } },
{ "type": "Feature", "properties": { "name": "", "name_manual": "", "name_original": null, "highway": "footway", "status": "unnamed", "description": "unnamed" }, "geometry": { "type": "LineString", "coordinates": [ [ 14.3987676, 40.6315116 ], [ 14.3986518, 40.6316628 ], [ 14.3986259, 40.6316967 ], [ 14.3986053, 40.6317277 ], [ 14.3985943, 40.6317524 ], [ 14.3985949, 40.6317693 ], [ 14.3985998, 40.6317814 ], [ 14.3986076, 40.6317908 ], [ 14.39861, 40.6317936 ], [ 14.3986389, 40.6318204 ], [ 14.3988444, 40.6319445 ], [ 14.3989183, 40.6319891 ], [ 14.3989463, 40.6320055 ], [ 14.3990334, 40.6320565 ], [ 14.3990522, 40.6320751 ], [ 14.399068, 40.6320907 ], [ 14.3994791, 40.6323272 ], [ 14.3995198, 40.6323328 ], [ 14.3995246, 40.6323311 ], [ 14.3995992, 40.6322635 ], [ 14.3997158, 40.6321623 ] ] } },
{ "type": "Feature", "properties": { "name": "", "name_manual": "", "name_original": null, "highway": "footway", "status": "unnamed", "description": "unnamed" }, "geometry": { "type": "LineString", "coordinates": [ [ 14.3988404, 40.6314215 ], [ 14.3988205, 40.6314462 ], [ 14.398788, 40.6314863 ], [ 14.3987676, 40.6315116 ] ] } },
{ "type": "Feature", "properties": { "name": "", "name_manual": "", "name_original": null, "highway": "service", "status": "unnamed", "description": "unnamed" }, "geometry": { "type": "LineString", "coordinates": [ [ 14.4003564, 40.6309452 ], [ 14.4004154, 40.6309359 ] ] } },
{ "type": "Feature", "properties": { "name": "", "name_manual": "", "name_original": null, "highway": "footway", "status": "unnamed", "description": "unnamed" }, "geometry": { "type": "LineString", "coordinates": [ [ 14.3984334, 40.6315294 ], [ 14.3984585, 40.6315552 ], [ 14.3984834, 40.63158 ], [ 14.3985104, 40.6315975 ], [ 14.3985459, 40.6316213 ], [ 14.3985872, 40.6316375 ], [ 14.3986394, 40.6316579 ], [ 14.3986518, 40.6316628 ] ] } },
{ "type": "Feature", "properties": { "name": "", "name_manual": "", "name_original": null, "highway": "footway", "status": "unnamed", "description": "unnamed" }, "geometry": { "type": "LineString", "coordinates": [ [ 14.3985239, 40.6314776 ], [ 14.3985658, 40.6314544 ], [ 14.3985999, 40.6314284 ] ] } },
{ "type": "Feature", "properties": { "name": "", "name_manual": "", "name_original": null, "highway": "service", "status": "unnamed", "description": "unnamed" }, "geometry": { "type": "LineString", "coordinates": [ [ 14.3998306, 40.6307746 ], [ 14.3998402, 40.6307619 ], [ 14.3998533, 40.6307439 ], [ 14.3998769, 40.6307102 ] ] } },
{ "type": "Feature", "properties": { "name": "", "name_manual": "", "name_original": null, "highway": "footway", "status": "unnamed", "description": "unnamed" }, "geometry": { "type": "LineString", "coordinates": [ [ 14.3987711, 40.6313144 ], [ 14.3987782, 40.6312995 ], [ 14.398787, 40.631282 ] ] } },
{ "type": "Feature", "properties": { "name": "", "name_manual": "", "name_original": null, "highway": "footway", "status": "unnamed", "description": "unnamed" }, "geometry": { "type": "LineString", "coordinates": [ [ 14.3985999, 40.6314284 ], [ 14.3986053, 40.6314241 ], [ 14.3986174, 40.6314254 ], [ 14.3986373, 40.631425 ], [ 14.3986569, 40.6314222 ], [ 14.3986757, 40.6314171 ], [ 14.3986931, 40.6314097 ], [ 14.3987087, 40.6314003 ], [ 14.3987221, 40.6313891 ], [ 14.398733, 40.6313764 ], [ 14.3987405, 40.6313636 ], [ 14.3987711, 40.6313144 ] ] } },
{ "type": "Feature", "properties": { "name": "", "name_manual": "", "name_original": null, "highway": "service", "status": "unnamed", "description": "unnamed" }, "geometry": { "type": "LineString", "coordinates": [ [ 14.3999132, 40.6307346 ], [ 14.3998832, 40.6307642 ], [ 14.3998721, 40.6307772 ] ] } },
{ "type": "Feature", "properties": { "name": "", "name_manual": "", "name_original": null, "highway": "service", "status": "unnamed", "description": "unnamed" }, "geometry": { "type": "LineString", "coordinates": [ [ 14.4004476, 40.630684 ], [ 14.400341, 40.6306158 ], [ 14.4002987, 40.6305629 ], [ 14.4001606, 40.6304891 ], [ 14.4002176, 40.6304128 ], [ 14.4002974, 40.6303517 ] ] } },
{ "type": "Feature", "properties": { "name": "", "name_manual": "", "name_original": null, "highway": "service", "status": "unnamed", "description": "unnamed" }, "geometry": { "type": "LineString", "coordinates": [ [ 14.3987531, 40.6314158 ], [ 14.3988205, 40.6314462 ], [ 14.3988394, 40.6314547 ], [ 14.3989695, 40.6315124 ], [ 14.3991071, 40.6315472 ] ] } },
{ "type": "Feature", "properties": { "name": "", "name_manual": "", "name_original": null, "highway": "service", "status": "unnamed", "description": "unnamed" }, "geometry": { "type": "LineString", "coordinates": [ [ 14.398714, 40.6314539 ], [ 14.398788, 40.6314863 ], [ 14.3988069, 40.6314945 ], [ 14.3993089, 40.6317173 ] ] } },
{ "type": "Feature", "properties": { "name": "", "name_manual": "", "name_original": null, "highway": "footway", "status": "unnamed", "description": "unnamed" }, "geometry": { "type": "LineString", "coordinates": [ [ 14.3976814, 40.6341186 ], [ 14.397697, 40.634103 ], [ 14.3977042, 40.6340958 ] ] } },
{ "type": "Feature", "properties": { "name": "", "name_manual": "", "name_original": null, "highway": "service", "status": "unnamed", "description": "unnamed" }, "geometry": { "type": "LineString", "coordinates": [ [ 14.397614, 40.6341891 ], [ 14.3975274, 40.6342661 ], [ 14.3971036, 40.6347067 ] ] } },
{ "type": "Feature", "properties": { "name": "", "name_manual": "", "name_original": null, "highway": "service", "status": "unnamed", "description": "unnamed" }, "geometry": { "type": "LineString", "coordinates": [ [ 14.3976814, 40.6341186 ], [ 14.3976497, 40.6341518 ], [ 14.397633, 40.6341692 ], [ 14.397614, 40.6341891 ] ] } },
{ "type": "Feature", "properties": { "name": "", "name_manual": "", "name_original": null, "highway": "service", "status": "unnamed", "description": "unnamed" }, "geometry": { "type": "LineString", "coordinates": [ [ 14.3972262, 40.6338704 ], [ 14.3971919, 40.6339073 ], [ 14.3971821, 40.6339178 ], [ 14.397173, 40.6339285 ], [ 14.3969855, 40.6341429 ], [ 14.3969976, 40.6341836 ], [ 14.3967723, 40.6343648 ] ] } },
{ "type": "Feature", "properties": { "name": "", "name_manual": "", "name_original": null, "highway": "service", "status": "unnamed", "description": "unnamed" }, "geometry": { "type": "LineString", "coordinates": [ [ 14.3970726, 40.6337912 ], [ 14.3970417, 40.6338263 ], [ 14.3970341, 40.633835 ], [ 14.3970267, 40.6338434 ], [ 14.3968917, 40.6339969 ] ] } },
{ "type": "Feature", "properties": { "name": "", "name_manual": "", "name_original": null, "highway": "footway", "status": "unnamed", "description": "unnamed" }, "geometry": { "type": "LineString", "coordinates": [ [ 14.3977305, 40.6342111 ], [ 14.3976501, 40.6341783 ], [ 14.397633, 40.6341692 ], [ 14.3976086, 40.6341561 ], [ 14.3973563, 40.6340144 ], [ 14.3971821, 40.6339178 ], [ 14.3971644, 40.633908 ], [ 14.3970341, 40.633835 ], [ 14.3968598, 40.6337372 ], [ 14.396836, 40.6337249 ], [ 14.3968038, 40.6337137 ], [ 14.3967633, 40.6337078 ], [ 14.3967187, 40.6337073 ], [ 14.3966918, 40.6337099 ], [ 14.3966392, 40.6337246 ], [ 14.3966063, 40.6337417 ], [ 14.3964959, 40.6338423 ], [ 14.3964318, 40.6339055 ], [ 14.3963645, 40.6339678 ], [ 14.396236, 40.6340798 ], [ 14.3961216, 40.6341915 ], [ 14.3960657, 40.634247 ], [ 14.3960405, 40.634272 ], [ 14.3959401, 40.6343717 ], [ 14.3957208, 40.6345809 ], [ 14.3954313, 40.6348548 ], [ 14.3952892, 40.634991 ], [ 14.3952734, 40.6350062 ], [ 14.3950996, 40.6351748 ], [ 14.3950263, 40.6352459 ], [ 14.3949343, 40.6353389 ], [ 14.3949276, 40.6353444 ], [ 14.3948599, 40.6353994 ], [ 14.3947665, 40.6354636 ], [ 14.3946701, 40.6355174 ], [ 14.3945658, 40.6355681 ], [ 14.3944434, 40.635622 ], [ 14.3944109, 40.6356363 ], [ 14.3942141, 40.6357154 ], [ 14.3940333, 40.6357792 ], [ 14.3938641, 40.6358357 ], [ 14.3936939, 40.6358886 ], [ 14.3936115, 40.6359148 ], [ 14.3935227, 40.6359424 ], [ 14.3933492, 40.6358758 ], [ 14.3932078, 40.6358198 ], [ 14.3929141, 40.6357023 ], [ 14.3926902, 40.6356071 ], [ 14.3926548, 40.6355921 ], [ 14.3926482, 40.6355893 ], [ 14.3923453, 40.6354568 ], [ 14.3921806, 40.6353966 ], [ 14.3920931, 40.6353681 ], [ 14.3920842, 40.6353649 ], [ 14.3920627, 40.6353879 ], [ 14.3920453, 40.6353812 ], [ 14.39201, 40.6353676 ], [ 14.391992, 40.6353944 ] ] } },
{ "type": "Feature", "properties": { "name": "", "name_manual": "", "name_original": null, "highway": "service", "status": "unnamed", "description": "unnamed" }, "geometry": { "type": "LineString", "coordinates": [ [ 14.3948772, 40.6353179 ], [ 14.3949276, 40.6353444 ], [ 14.3949383, 40.63535 ], [ 14.3949779, 40.6353708 ], [ 14.3953226, 40.6355448 ], [ 14.3954869, 40.6356105 ] ] } },
{ "type": "Feature", "properties": { "name": "", "name_manual": "", "name_original": null, "highway": "service", "status": "unnamed", "description": "unnamed" }, "geometry": { "type": "LineString", "coordinates": [ [ 14.3952405, 40.6349635 ], [ 14.3952785, 40.6349849 ], [ 14.3952892, 40.634991 ], [ 14.3952996, 40.6349968 ], [ 14.39556, 40.6351439 ] ] } },
{ "type": "Feature", "properties": { "name": "", "name_manual": "", "name_original": null, "highway": "service", "status": "unnamed", "description": "unnamed" }, "geometry": { "type": "LineString", "coordinates": [ [ 14.3943979, 40.6355888 ], [ 14.3944334, 40.6356147 ], [ 14.3944434, 40.635622 ], [ 14.3944524, 40.6356286 ], [ 14.3945125, 40.6356769 ], [ 14.3945491, 40.6356878 ], [ 14.3955982, 40.6361422 ] ] } },
{ "type": "Feature", "properties": { "name": "", "name_manual": "", "name_original": null, "highway": "footway", "status": "unnamed", "description": "unnamed" }, "geometry": { "type": "LineString", "coordinates": [ [ 14.3998777, 40.6350136 ], [ 14.3998826, 40.6350045 ], [ 14.3999101, 40.6349542 ], [ 14.3999549, 40.6348723 ], [ 14.3999589, 40.6348648 ] ] } },
{ "type": "Feature", "properties": { "name": "", "name_manual": "", "name_original": null, "highway": "footway", "status": "unnamed", "description": "unnamed" }, "geometry": { "type": "LineString", "coordinates": [ [ 14.3999228, 40.6345931 ], [ 14.3999708, 40.6346052 ], [ 14.4001088, 40.6346837 ], [ 14.4001245, 40.6346919 ] ] } },
{ "type": "Feature", "properties": { "name": "", "name_manual": "", "name_original": null, "highway": "footway", "status": "unnamed", "description": "unnamed" }, "geometry": { "type": "LineString", "coordinates": [ [ 14.4013103, 40.6308842 ], [ 14.4012992, 40.6308721 ] ] } },
{ "type": "Feature", "properties": { "name": "", "name_manual": "", "name_original": null, "highway": "footway", "status": "unnamed", "description": "unnamed" }, "geometry": { "type": "LineString", "coordinates": [ [ 14.4017443, 40.6321082 ], [ 14.401767, 40.6320485 ], [ 14.4017801, 40.6320099 ], [ 14.401788, 40.6319799 ], [ 14.4019599, 40.6314765 ], [ 14.4020949, 40.6310808 ], [ 14.4021171, 40.6310067 ], [ 14.4021218, 40.6309642 ], [ 14.4021178, 40.6309346 ], [ 14.4021065, 40.6309112 ], [ 14.4020678, 40.6308776 ], [ 14.4019361, 40.6307881 ], [ 14.4017172, 40.6306221 ], [ 14.4015268, 40.6307677 ], [ 14.4015054, 40.6307738 ], [ 14.4014746, 40.6307826 ], [ 14.4013437, 40.6308606 ], [ 14.4013103, 40.6308842 ], [ 14.4011817, 40.6309754 ], [ 14.4011401, 40.6310092 ], [ 14.4011303, 40.6310077 ], [ 14.400985, 40.6311212 ], [ 14.4009516, 40.6311649 ], [ 14.4008951, 40.6312028 ], [ 14.4008779, 40.6312145 ], [ 14.4008538, 40.6312332 ], [ 14.4007815, 40.6312766 ], [ 14.4005759, 40.6314131 ], [ 14.4004974, 40.6314673 ], [ 14.4003676, 40.6315525 ], [ 14.4003321, 40.6315831 ], [ 14.400306, 40.6316251 ] ] } },
{ "type": "Feature", "properties": { "name": "", "name_manual": "", "name_original": null, "highway": "service", "status": "unnamed", "description": "unnamed" }, "geometry": { "type": "LineString", "coordinates": [ [ 14.4015064, 40.6307305 ], [ 14.4013311, 40.630624 ] ] } },
{ "type": "Feature", "properties": { "name": "", "name_manual": "", "name_original": null, "highway": "service", "status": "unnamed", "description": "unnamed" }, "geometry": { "type": "LineString", "coordinates": [ [ 14.4011404, 40.6309818 ], [ 14.4011132, 40.6309664 ], [ 14.400937, 40.6308574 ] ] } },
{ "type": "Feature", "properties": { "name": "", "name_manual": "", "name_original": null, "highway": "service", "status": "unnamed", "description": "unnamed" }, "geometry": { "type": "LineString", "coordinates": [ [ 14.4010922, 40.6310212 ], [ 14.4010438, 40.6309895 ], [ 14.4008657, 40.6308803 ] ] } },
{ "type": "Feature", "properties": { "name": "", "name_manual": "", "name_original": null, "highway": "service", "status": "unnamed", "description": "unnamed" }, "geometry": { "type": "LineString", "coordinates": [ [ 14.400742, 40.6312765 ], [ 14.4007217, 40.6312602 ], [ 14.4005377, 40.6311173 ], [ 14.4007297, 40.630966 ] ] } },
{ "type": "Feature", "properties": { "name": "", "name_manual": "", "name_original": null, "highway": "service", "status": "unnamed", "description": "unnamed" }, "geometry": { "type": "LineString", "coordinates": [ [ 14.4003114, 40.6315832 ], [ 14.4002171, 40.6315536 ], [ 14.4000692, 40.6315072 ] ] } },
{ "type": "Feature", "properties": { "name": "", "name_manual": "", "name_original": null, "highway": "service", "status": "unnamed", "description": "unnamed" }, "geometry": { "type": "LineString", "coordinates": [ [ 14.4014769, 40.6307484 ], [ 14.4015054, 40.6307738 ], [ 14.4016373, 40.6308908 ], [ 14.4018317, 40.6310134 ], [ 14.4018574, 40.6310152 ], [ 14.4019418, 40.6309632 ] ] } },
{ "type": "Feature", "properties": { "name": "", "name_manual": "", "name_original": null, "highway": "service", "status": "unnamed", "description": "unnamed" }, "geometry": { "type": "LineString", "coordinates": [ [ 14.4005228, 40.6330943 ], [ 14.4005141, 40.6331068 ], [ 14.400194, 40.6333785 ], [ 14.3999432, 40.6332922 ], [ 14.3999212, 40.6330629 ], [ 14.3999652, 40.6329896 ], [ 14.4001771, 40.6329942 ], [ 14.4001907, 40.6329843 ] ] } },
{ "type": "Feature", "properties": { "name": "", "name_manual": "", "name_original": null, "highway": "service", "status": "unnamed", "description": "unnamed" }, "geometry": { "type": "LineString", "coordinates": [ [ 14.4011224, 40.6332994 ], [ 14.4010919, 40.633287 ], [ 14.4010888, 40.6332857 ], [ 14.4005508, 40.6331027 ], [ 14.4005228, 40.6330943 ], [ 14.4003389, 40.6330389 ], [ 14.4002672, 40.6330125 ], [ 14.4002309, 40.6329991 ], [ 14.4001907, 40.6329843 ], [ 14.4001546, 40.632971 ], [ 14.399923, 40.6328543 ], [ 14.3996984, 40.6331097 ] ] } },
{ "type": "Feature", "properties": { "name": "", "name_manual": "", "name_original": null, "highway": "service", "status": "unnamed", "description": "unnamed" }, "geometry": { "type": "LineString", "coordinates": [ [ 14.4011968, 40.6331704 ], [ 14.4011862, 40.6331651 ], [ 14.4011731, 40.6331585 ], [ 14.4004325, 40.6327947 ], [ 14.4001426, 40.6326619 ] ] } },
{ "type": "Feature", "properties": { "name": "", "name_manual": "", "name_original": null, "highway": "footway", "status": "unnamed", "description": "unnamed" }, "geometry": { "type": "LineString", "coordinates": [ [ 14.4017897, 40.6322122 ], [ 14.4017945, 40.6322025 ], [ 14.401828, 40.6321268 ], [ 14.4018539, 40.6320711 ], [ 14.4018682, 40.6320315 ], [ 14.4018773, 40.6320096 ], [ 14.401947, 40.6318427 ], [ 14.4019495, 40.6318367 ], [ 14.4019176, 40.6318258 ], [ 14.402033, 40.6314903 ], [ 14.4021663, 40.6310951 ], [ 14.4021817, 40.63105 ], [ 14.4022016, 40.6309919 ], [ 14.4022131, 40.6309604 ], [ 14.4022136, 40.6309597 ], [ 14.4022324, 40.6309556 ], [ 14.4025801, 40.6310487 ], [ 14.4025885, 40.6310521 ], [ 14.4026128, 40.6310619 ], [ 14.4026292, 40.6310685 ], [ 14.4026708, 40.6310777 ], [ 14.4028361, 40.6311189 ], [ 14.4028596, 40.6311245 ], [ 14.403055, 40.6311665 ], [ 14.4030751, 40.6311701 ], [ 14.4031385, 40.6311815 ], [ 14.4034503, 40.6312298 ], [ 14.4034922, 40.6312369 ], [ 14.4035082, 40.6312397 ], [ 14.4035563, 40.6312481 ], [ 14.4035885, 40.6312554 ], [ 14.4036337, 40.6312657 ], [ 14.4037963, 40.6312995 ], [ 14.4039118, 40.6313266 ], [ 14.4039211, 40.6313288 ], [ 14.4040223, 40.6313522 ], [ 14.404251, 40.6314037 ], [ 14.4042981, 40.6314144 ], [ 14.4043162, 40.6314186 ], [ 14.4044428, 40.6314472 ], [ 14.4044657, 40.6314521 ], [ 14.4047948, 40.6315288 ], [ 14.4048799, 40.6315477 ], [ 14.4048934, 40.6315507 ], [ 14.4049182, 40.6315563 ], [ 14.4049792, 40.6315705 ], [ 14.405183, 40.6316209 ] ] } },
{ "type": "Feature", "properties": { "name": "", "name_manual": "", "name_original": null, "highway": "service", "status": "unnamed", "description": "unnamed" }, "geometry": { "type": "LineString", "coordinates": [ [ 14.4018495, 40.6322234 ], [ 14.4019718, 40.6322465 ] ] } },
{ "type": "Feature", "properties": { "name": "", "name_manual": "", "name_original": null, "highway": "service", "status": "unnamed", "description": "unnamed" }, "geometry": { "type": "LineString", "coordinates": [ [ 14.4017368, 40.6322021 ], [ 14.4017897, 40.6322122 ], [ 14.4017986, 40.6322138 ] ] } },
{ "type": "Feature", "properties": { "name": "", "name_manual": "", "name_original": null, "highway": "service", "status": "unnamed", "description": "unnamed" }, "geometry": { "type": "LineString", "coordinates": [ [ 14.4017986, 40.6322138 ], [ 14.4018495, 40.6322234 ] ] } },
{ "type": "Feature", "properties": { "name": "", "name_manual": "", "name_original": null, "highway": "service", "status": "unnamed", "description": "unnamed" }, "geometry": { "type": "LineString", "coordinates": [ [ 14.4014842, 40.6327144 ], [ 14.4014672, 40.6327098 ], [ 14.4012552, 40.6326526 ], [ 14.4012311, 40.6326072 ], [ 14.4011828, 40.6325662 ], [ 14.4010874, 40.6325356 ], [ 14.4009353, 40.6324772 ], [ 14.4008603, 40.6325896 ], [ 14.4010205, 40.6326511 ], [ 14.4010816, 40.6326857 ], [ 14.4011529, 40.6326944 ], [ 14.4012012, 40.6326875 ], [ 14.4012552, 40.6326526 ] ] } },
{ "type": "Feature", "properties": { "name": "", "name_manual": "", "name_original": null, "highway": "service", "status": "unnamed", "description": "unnamed" }, "geometry": { "type": "LineString", "coordinates": [ [ 14.4017763, 40.6321155 ], [ 14.4018198, 40.632125 ], [ 14.401828, 40.6321268 ], [ 14.4018364, 40.6321285 ], [ 14.4022322, 40.6322176 ] ] } },
{ "type": "Feature", "properties": { "name": "", "name_manual": "", "name_original": null, "highway": "service", "status": "unnamed", "description": "unnamed" }, "geometry": { "type": "LineString", "coordinates": [ [ 14.4016791, 40.6323461 ], [ 14.4017571, 40.6323751 ], [ 14.4025114, 40.6326605 ], [ 14.4023988, 40.6328031 ] ] } },
{ "type": "Feature", "properties": { "name": "", "name_manual": "", "name_original": null, "highway": "service", "status": "unnamed", "description": "unnamed" }, "geometry": { "type": "LineString", "coordinates": [ [ 14.4015764, 40.6325634 ], [ 14.4015917, 40.6325698 ], [ 14.4016277, 40.6325838 ] ] } },
{ "type": "Feature", "properties": { "name": "", "name_manual": "", "name_original": null, "highway": "service", "status": "unnamed", "description": "unnamed" }, "geometry": { "type": "LineString", "coordinates": [ [ 14.4017763, 40.6321155 ], [ 14.4017443, 40.6321082 ], [ 14.40173, 40.632105 ], [ 14.4015485, 40.6320656 ] ] } },
{ "type": "Feature", "properties": { "name": "", "name_manual": "", "name_original": null, "highway": "service", "status": "unnamed", "description": "unnamed" }, "geometry": { "type": "LineString", "coordinates": [ [ 14.4008233, 40.6338706 ], [ 14.4007712, 40.633855 ], [ 14.4007577, 40.6338509 ], [ 14.4005308, 40.6337699 ] ] } },
{ "type": "Feature", "properties": { "name": "", "name_manual": "", "name_original": null, "highway": "service", "status": "unnamed", "description": "unnamed" }, "geometry": { "type": "LineString", "coordinates": [ [ 14.4006409, 40.6341115 ], [ 14.4006163, 40.6341028 ], [ 14.4005961, 40.6340957 ], [ 14.4002096, 40.6339368 ] ] } },
{ "type": "Feature", "properties": { "name": "", "name_manual": "", "name_original": null, "highway": "footway", "status": "unnamed", "description": "unnamed" }, "geometry": { "type": "LineString", "coordinates": [ [ 14.3998864, 40.6350265 ], [ 14.3998974, 40.6350271 ], [ 14.3999292, 40.6350289 ] ] } },
{ "type": "Feature", "properties": { "name": "", "name_manual": "", "name_original": null, "highway": "service", "status": "unnamed", "description": "unnamed" }, "geometry": { "type": "LineString", "coordinates": [ [ 14.3999215, 40.6350708 ], [ 14.399881, 40.6350685 ], [ 14.3998696, 40.6350678 ] ] } },
{ "type": "Feature", "properties": { "name": "", "name_manual": "", "name_original": null, "highway": "service", "status": "unnamed", "description": "unnamed" }, "geometry": { "type": "LineString", "coordinates": [ [ 14.3998696, 40.6350678 ], [ 14.3994159, 40.6350636 ], [ 14.3993779, 40.635081 ], [ 14.398916, 40.6356512 ] ] } },
{ "type": "Feature", "properties": { "name": "", "name_manual": "", "name_original": null, "highway": "footway", "status": "unnamed", "description": "unnamed" }, "geometry": { "type": "LineString", "coordinates": [ [ 14.399881, 40.6350685 ], [ 14.3998848, 40.6350412 ], [ 14.3998864, 40.6350265 ], [ 14.3998777, 40.6350136 ], [ 14.3998559, 40.6349965 ], [ 14.3998545, 40.6349955 ], [ 14.3990137, 40.6346936 ], [ 14.3989854, 40.6346835 ], [ 14.3989452, 40.6346692 ], [ 14.3989226, 40.6346607 ], [ 14.3985543, 40.6345229 ], [ 14.3985215, 40.6345107 ], [ 14.3984752, 40.6344933 ], [ 14.3983708, 40.6344542 ], [ 14.3981304, 40.6343708 ], [ 14.3981117, 40.6343643 ], [ 14.3980905, 40.6343566 ], [ 14.3979205, 40.6342944 ], [ 14.3978102, 40.634247 ] ] } },
{ "type": "Feature", "properties": { "name": "", "name_manual": "", "name_original": null, "highway": "service", "status": "unnamed", "description": "unnamed" }, "geometry": { "type": "LineString", "coordinates": [ [ 14.4007315, 40.6349516 ], [ 14.4006157, 40.6350889 ] ] } },
{ "type": "Feature", "properties": { "name": "", "name_manual": "", "name_original": null, "highway": "service", "status": "unnamed", "description": "unnamed" }, "geometry": { "type": "LineString", "coordinates": [ [ 14.4009085, 40.634747 ], [ 14.4010574, 40.6348473 ] ] } },
{ "type": "Feature", "properties": { "name": "", "name_manual": "", "name_original": null, "highway": "footway", "status": "unnamed", "description": "unnamed" }, "geometry": { "type": "LineString", "coordinates": [ [ 14.3990843, 40.6346314 ], [ 14.3990884, 40.6346252 ], [ 14.3991719, 40.6344819 ], [ 14.3992825, 40.6343792 ], [ 14.3996136, 40.6344844 ], [ 14.3998999, 40.6345854 ], [ 14.3999228, 40.6345931 ], [ 14.3998006, 40.6347809 ], [ 14.399883, 40.6348884 ], [ 14.3998874, 40.6348941 ] ] } },
{ "type": "Feature", "properties": { "name": "", "name_manual": "", "name_original": null, "highway": "footway", "status": "unnamed", "description": "unnamed" }, "geometry": { "type": "LineString", "coordinates": [ [ 14.3981564, 40.6342911 ], [ 14.3981528, 40.6342972 ], [ 14.3981402, 40.6343189 ] ] } },
{ "type": "Feature", "properties": { "name": "", "name_manual": "", "name_original": null, "highway": "service", "status": "unnamed", "description": "unnamed" }, "geometry": { "type": "LineString", "coordinates": [ [ 14.3988775, 40.6344044 ], [ 14.3986753, 40.6343633 ], [ 14.398784, 40.634235 ] ] } },
{ "type": "Feature", "properties": { "name": "", "name_manual": "", "name_original": null, "highway": "service", "status": "unnamed", "description": "unnamed" }, "geometry": { "type": "LineString", "coordinates": [ [ 14.3987863, 40.6345543 ], [ 14.3987991, 40.6345339 ], [ 14.398803, 40.634528 ], [ 14.398809, 40.634519 ], [ 14.398827, 40.6344919 ], [ 14.3988775, 40.6344044 ], [ 14.3989657, 40.6344223 ], [ 14.3991179, 40.6342946 ] ] } },
{ "type": "Feature", "properties": { "name": "", "name_manual": "", "name_original": null, "highway": "footway", "status": "unnamed", "description": "unnamed" }, "geometry": { "type": "LineString", "coordinates": [ [ 14.3989854, 40.6346835 ], [ 14.399015, 40.6346364 ], [ 14.3990271, 40.6346176 ], [ 14.3990308, 40.6346116 ] ] } },
{ "type": "Feature", "properties": { "name": "", "name_manual": "", "name_original": null, "highway": "service", "status": "unnamed", "description": "unnamed" }, "geometry": { "type": "LineString", "coordinates": [ [ 14.3981402, 40.6343189 ], [ 14.3981117, 40.6343643 ], [ 14.3981066, 40.6343724 ] ] } },
{ "type": "Feature", "properties": { "name": "", "name_manual": "", "name_original": null, "highway": "service", "status": "unnamed", "description": "unnamed" }, "geometry": { "type": "LineString", "coordinates": [ [ 14.3981066, 40.6343724 ], [ 14.3980859, 40.6344055 ], [ 14.3980537, 40.6344248 ], [ 14.3979464, 40.6344431 ] ] } },
{ "type": "Feature", "properties": { "name": "", "name_manual": "", "name_original": null, "highway": "service", "status": "unnamed", "description": "unnamed" }, "geometry": { "type": "LineString", "coordinates": [ [ 14.397807, 40.6341799 ], [ 14.3977688, 40.6342283 ], [ 14.3977372, 40.6343106 ], [ 14.3977225, 40.6344513 ], [ 14.3977299, 40.634549 ], [ 14.3977419, 40.6345637 ], [ 14.3982133, 40.6347327 ] ] } },
{ "type": "Feature", "properties": { "name": "", "name_manual": "", "name_original": null, "highway": "footway", "status": "unnamed", "description": "unnamed" }, "geometry": { "type": "LineString", "coordinates": [ [ 14.3978102, 40.634247 ], [ 14.3977688, 40.6342283 ], [ 14.3977305, 40.6342111 ] ] } },
{ "type": "Feature", "properties": { "name": "", "name_manual": "", "name_original": null, "highway": "service", "status": "unnamed", "description": "unnamed" }, "geometry": { "type": "LineString", "coordinates": [ [ 14.398545, 40.6344665 ], [ 14.3985215, 40.6345107 ], [ 14.3985161, 40.6345186 ], [ 14.3984787, 40.6346086 ], [ 14.3985615, 40.6346481 ], [ 14.3983958, 40.6348229 ] ] } },
{ "type": "Feature", "properties": { "name": "", "name_manual": "", "name_original": null, "highway": "service", "status": "unnamed", "description": "unnamed" }, "geometry": { "type": "LineString", "coordinates": [ [ 14.3990487, 40.6346479 ], [ 14.3990195, 40.6346857 ], [ 14.3990137, 40.6346936 ], [ 14.3990082, 40.6347012 ], [ 14.3988081, 40.6349352 ] ] } },
{ "type": "Feature", "properties": { "name": "", "name_manual": "", "name_original": null, "highway": "service", "status": "unnamed", "description": "unnamed" }, "geometry": { "type": "LineString", "coordinates": [ [ 14.4060592, 40.631362 ], [ 14.406083, 40.6313966 ], [ 14.4060871, 40.6314026 ] ] } },
{ "type": "Feature", "properties": { "name": "", "name_manual": "", "name_original": null, "highway": "service", "status": "unnamed", "description": "unnamed" }, "geometry": { "type": "LineString", "coordinates": [ [ 14.4060871, 40.6314026 ], [ 14.406262, 40.6316438 ] ] } },
{ "type": "Feature", "properties": { "name": "", "name_manual": "", "name_original": null, "highway": "footway", "status": "unnamed", "description": "unnamed" }, "geometry": { "type": "LineString", "coordinates": [ [ 14.4060359, 40.6313282 ], [ 14.4060592, 40.631362 ] ] } },
{ "type": "Feature", "properties": { "name": "", "name_manual": "", "name_original": null, "highway": "service", "status": "unnamed", "description": "unnamed" }, "geometry": { "type": "LineString", "coordinates": [ [ 14.40599, 40.6313882 ], [ 14.4059622, 40.6313544 ], [ 14.4059561, 40.631347 ], [ 14.4058838, 40.6312591 ], [ 14.4055632, 40.6312291 ] ] } },
{ "type": "Feature", "properties": { "name": "", "name_manual": "", "name_original": null, "highway": "service", "status": "unnamed", "description": "unnamed" }, "geometry": { "type": "LineString", "coordinates": [ [ 14.4065966, 40.6310073 ], [ 14.4065429, 40.6310271 ], [ 14.4065356, 40.6310298 ], [ 14.406528, 40.6310326 ], [ 14.4063981, 40.6310805 ], [ 14.4064416, 40.6311484 ] ] } },
{ "type": "Feature", "properties": { "name": "", "name_manual": "", "name_original": null, "highway": "service", "status": "unnamed", "description": "unnamed" }, "geometry": { "type": "LineString", "coordinates": [ [ 14.4036442, 40.6312372 ], [ 14.4036528, 40.6312126 ], [ 14.4036546, 40.6312074 ], [ 14.4037306, 40.6309904 ] ] } },
{ "type": "Feature", "properties": { "name": "", "name_manual": "", "name_original": null, "highway": "service", "status": "unnamed", "description": "unnamed" }, "geometry": { "type": "LineString", "coordinates": [ [ 14.4043092, 40.6313861 ], [ 14.4043171, 40.6313644 ], [ 14.4043193, 40.6313584 ], [ 14.4043219, 40.6313514 ], [ 14.4043556, 40.6312591 ] ] } },
{ "type": "Feature", "properties": { "name": "", "name_manual": "", "name_original": null, "highway": "service", "status": "unnamed", "description": "unnamed" }, "geometry": { "type": "LineString", "coordinates": [ [ 14.40492, 40.6315322 ], [ 14.404933, 40.6315125 ], [ 14.404937, 40.6315066 ], [ 14.4049419, 40.6314992 ], [ 14.4052675, 40.6310067 ] ] } },
{ "type": "Feature", "properties": { "name": "", "name_manual": "", "name_original": null, "highway": "footway", "status": "unnamed", "description": "unnamed" }, "geometry": { "type": "LineString", "coordinates": [ [ 14.4052297, 40.6315388 ], [ 14.4052499, 40.6315471 ], [ 14.4053594, 40.6315921 ], [ 14.405425, 40.631619 ], [ 14.4054283, 40.6316204 ] ] } },
{ "type": "Feature", "properties": { "name": "", "name_manual": "", "name_original": null, "highway": "footway", "status": "unnamed", "description": "unnamed" }, "geometry": { "type": "LineString", "coordinates": [ [ 14.4055364, 40.6316475 ], [ 14.4055376, 40.6316478 ], [ 14.405606, 40.6316629 ], [ 14.4056904, 40.6316831 ], [ 14.4057079, 40.6316856 ] ] } },
{ "type": "Feature", "properties": { "name": "", "name_manual": "", "name_original": null, "highway": "footway", "status": "unnamed", "description": "unnamed" }, "geometry": { "type": "LineString", "coordinates": [ [ 14.4079428, 40.6312006 ], [ 14.4079532, 40.6311778 ], [ 14.4079545, 40.6311718 ], [ 14.4079531, 40.6311651 ], [ 14.4079488, 40.6311604 ], [ 14.4079426, 40.6311566 ], [ 14.4079196, 40.6311511 ], [ 14.4079146, 40.6311484 ], [ 14.4076391, 40.6310749 ], [ 14.4076208, 40.6310712 ], [ 14.4076025, 40.6310675 ], [ 14.4073977, 40.6310102 ], [ 14.4074014, 40.6310025 ], [ 14.4072083, 40.6309475 ], [ 14.4072053, 40.6309467 ], [ 14.4071674, 40.6309438 ], [ 14.4071415, 40.6309529 ], [ 14.4071231, 40.6309592 ], [ 14.4071058, 40.6309632 ], [ 14.407076, 40.6309724 ], [ 14.4070412, 40.6309858 ], [ 14.4070063, 40.6309993 ], [ 14.4069713, 40.6310127 ], [ 14.4069401, 40.6310247 ], [ 14.4069363, 40.6310261 ], [ 14.4069014, 40.6310396 ], [ 14.4068663, 40.6310531 ], [ 14.4068369, 40.6310649 ], [ 14.4068157, 40.6310752 ], [ 14.4067946, 40.6310855 ], [ 14.4066548, 40.6311517 ], [ 14.4065812, 40.631186 ], [ 14.4065711, 40.6311907 ], [ 14.4065039, 40.6312246 ], [ 14.4063744, 40.6312831 ], [ 14.406083, 40.6313966 ], [ 14.4060543, 40.6314078 ], [ 14.405715, 40.6315363 ], [ 14.4056917, 40.6315547 ], [ 14.4056724, 40.6315775 ], [ 14.4056643, 40.6315967 ], [ 14.4056618, 40.6316144 ], [ 14.4056633, 40.6316304 ], [ 14.4056697, 40.6316483 ], [ 14.4056773, 40.6316608 ], [ 14.4056869, 40.631672 ], [ 14.4056983, 40.6316798 ], [ 14.4057079, 40.6316856 ], [ 14.4057775, 40.6317042 ], [ 14.4059343, 40.6317453 ], [ 14.4061521, 40.6318021 ], [ 14.4063743, 40.6318591 ], [ 14.4063812, 40.6318643 ], [ 14.4065108, 40.6318996 ], [ 14.406729, 40.6319591 ], [ 14.4068612, 40.6319947 ], [ 14.4068671, 40.6319911 ], [ 14.4069329, 40.6320085 ], [ 14.4069728, 40.6320199 ], [ 14.4069875, 40.6320229 ], [ 14.4070017, 40.6320221 ], [ 14.4070584, 40.6319987 ], [ 14.407118, 40.6319643 ], [ 14.4071446, 40.6319493 ], [ 14.4071597, 40.6319411 ], [ 14.4071929, 40.6319222 ] ] } },
{ "type": "Feature", "properties": { "name": "", "name_manual": "", "name_original": null, "highway": "footway", "status": "unnamed", "description": "unnamed" }, "geometry": { "type": "LineString", "coordinates": [ [ 14.4055364, 40.6316475 ], [ 14.4055287, 40.6316475 ], [ 14.4055217, 40.6316459 ], [ 14.4054365, 40.6316236 ], [ 14.4054283, 40.6316204 ], [ 14.4054258, 40.6316165 ], [ 14.4054285, 40.6316106 ], [ 14.4054308, 40.6316074 ], [ 14.4054355, 40.6316041 ], [ 14.4054995, 40.6315893 ], [ 14.4055551, 40.6315762 ], [ 14.4055475, 40.6315948 ], [ 14.4055461, 40.6316068 ], [ 14.4055461, 40.6316179 ], [ 14.4055487, 40.6316302 ], [ 14.4055471, 40.631636 ], [ 14.4055427, 40.6316407 ], [ 14.4055364, 40.6316475 ] ] } },
{ "type": "Feature", "properties": { "name": "", "name_manual": "", "name_original": null, "highway": "service", "status": "unnamed", "description": "unnamed" }, "geometry": { "type": "LineString", "coordinates": [ [ 14.4028518, 40.6310832 ], [ 14.4028631, 40.6310579 ], [ 14.4028654, 40.6310526 ], [ 14.4030205, 40.6307044 ] ] } },
{ "type": "Feature", "properties": { "name": "", "name_manual": "", "name_original": null, "highway": "service", "status": "unnamed", "description": "unnamed" }, "geometry": { "type": "LineString", "coordinates": [ [ 14.4046305, 40.6306443 ], [ 14.4046371, 40.6306131 ], [ 14.4046593, 40.6305069 ], [ 14.4043998, 40.6304715 ], [ 14.4044112, 40.6303253 ], [ 14.4040726, 40.6302169 ], [ 14.4040713, 40.630167 ], [ 14.4041732, 40.6300672 ], [ 14.4045407, 40.6302067 ] ] } },
{ "type": "Feature", "properties": { "name": "", "name_manual": "", "name_original": null, "highway": "service", "status": "unnamed", "description": "unnamed" }, "geometry": { "type": "LineString", "coordinates": [ [ 14.403787, 40.6305284 ], [ 14.4037775, 40.6305663 ], [ 14.4037399, 40.6307161 ], [ 14.4037145, 40.6307323 ], [ 14.4034435, 40.6306943 ], [ 14.4034837, 40.630531 ], [ 14.4034852, 40.630524 ] ] } },
{ "type": "Feature", "properties": { "name": "", "name_manual": "", "name_original": null, "highway": "service", "status": "unnamed", "description": "unnamed" }, "geometry": { "type": "LineString", "coordinates": [ [ 14.4038446, 40.6305365 ], [ 14.4038685, 40.6304273 ], [ 14.4041235, 40.6304601 ], [ 14.4040992, 40.6305716 ] ] } },
{ "type": "Feature", "properties": { "name": "", "name_manual": "", "name_original": null, "highway": "service", "status": "unnamed", "description": "unnamed" }, "geometry": { "type": "LineString", "coordinates": [ [ 14.4032601, 40.6304493 ], [ 14.4032855, 40.6303605 ], [ 14.4035922, 40.6304074 ], [ 14.4035696, 40.6304984 ] ] } },
{ "type": "Feature", "properties": { "name": "", "name_manual": "", "name_original": null, "highway": "service", "status": "unnamed", "description": "unnamed" }, "geometry": { "type": "LineString", "coordinates": [ [ 14.4058799, 40.6314312 ], [ 14.4058596, 40.6313999 ], [ 14.4058555, 40.6313936 ], [ 14.4058503, 40.6313856 ], [ 14.405806, 40.631311 ], [ 14.4057499, 40.631331 ] ] } },
{ "type": "Feature", "properties": { "name": "", "name_manual": "", "name_original": null, "highway": "service", "status": "unnamed", "description": "unnamed" }, "geometry": { "type": "LineString", "coordinates": [ [ 14.4052488, 40.6311558 ], [ 14.4052997, 40.6310794 ], [ 14.4054338, 40.6310927 ], [ 14.4054038, 40.6313024 ] ] } },
{ "type": "Feature", "properties": { "name": "", "name_manual": "", "name_original": null, "highway": "service", "status": "unnamed", "description": "unnamed" }, "geometry": { "type": "LineString", "coordinates": [ [ 14.4051803, 40.6312879 ], [ 14.4053424, 40.6312973 ], [ 14.4054038, 40.6313024 ], [ 14.4057499, 40.631331 ], [ 14.405696, 40.6313509 ], [ 14.4055741, 40.6313907 ], [ 14.4054563, 40.6314197 ], [ 14.4053788, 40.6314359 ], [ 14.4053043, 40.6314442 ], [ 14.4052535, 40.6314427 ], [ 14.4051679, 40.6314402 ], [ 14.4050861, 40.6314272 ], [ 14.4051803, 40.6312879 ] ] } },
{ "type": "Feature", "properties": { "name": "", "name_manual": "", "name_original": null, "highway": "footway", "status": "unnamed", "description": "unnamed" }, "geometry": { "type": "LineString", "coordinates": [ [ 14.4066565, 40.6310085 ], [ 14.4066486, 40.6309931 ], [ 14.4066474, 40.6309767 ], [ 14.406653, 40.6309607 ], [ 14.4066648, 40.6309469 ], [ 14.4066816, 40.6309364 ], [ 14.4067019, 40.6309305 ], [ 14.4067236, 40.6309296 ], [ 14.4067446, 40.6309338 ], [ 14.4067628, 40.6309427 ], [ 14.4067766, 40.6309555 ], [ 14.4067844, 40.6309709 ], [ 14.4067856, 40.6309873 ], [ 14.4067801, 40.6310033 ], [ 14.4067683, 40.6310172 ], [ 14.4067515, 40.6310276 ], [ 14.4067312, 40.6310335 ], [ 14.4067095, 40.6310344 ], [ 14.4066885, 40.6310302 ], [ 14.4066702, 40.6310213 ], [ 14.4066565, 40.6310085 ] ] } },
{ "type": "Feature", "properties": { "name": "", "name_manual": "", "name_original": null, "highway": "footway", "status": "unnamed", "description": "unnamed" }, "geometry": { "type": "LineString", "coordinates": [ [ 14.3980044, 40.6307634 ], [ 14.3980051, 40.6307589 ], [ 14.3980091, 40.6307352 ], [ 14.3980133, 40.6307105 ], [ 14.3980147, 40.6307019 ] ] } },
{ "type": "Feature", "properties": { "name": "", "name_manual": "", "name_original": null, "highway": "footway", "status": "unnamed", "description": "unnamed" }, "geometry": { "type": "LineString", "coordinates": [ [ 14.3977418, 40.6308604 ], [ 14.397746, 40.6308517 ], [ 14.3977661, 40.6308167 ], [ 14.397787, 40.6307947 ], [ 14.3978168, 40.6307784 ], [ 14.3978442, 40.6307718 ], [ 14.397902, 40.630768 ], [ 14.398002, 40.6307768 ], [ 14.3980845, 40.6307875 ], [ 14.3980652, 40.6308481 ], [ 14.3980473, 40.6309026 ] ] } },
{ "type": "Feature", "properties": { "name": "", "name_manual": "", "name_original": null, "highway": "footway", "status": "unnamed", "description": "unnamed" }, "geometry": { "type": "LineString", "coordinates": [ [ 14.3979304, 40.6309022 ], [ 14.3977418, 40.6308604 ], [ 14.3977239, 40.6308564 ] ] } },
{ "type": "Feature", "properties": { "name": "", "name_manual": "", "name_original": null, "highway": "footway", "status": "unnamed", "description": "unnamed" }, "geometry": { "type": "LineString", "coordinates": [ [ 14.3980365, 40.6310541 ], [ 14.3980339, 40.6310604 ], [ 14.3980312, 40.6310679 ] ] } },
{ "type": "Feature", "properties": { "name": "", "name_manual": "", "name_original": null, "highway": "footway", "status": "unnamed", "description": "unnamed" }, "geometry": { "type": "LineString", "coordinates": [ [ 14.3981313, 40.6309188 ], [ 14.3981726, 40.6308019 ], [ 14.398263, 40.6308203 ], [ 14.3982217, 40.6309372 ], [ 14.3981313, 40.6309188 ] ] } },
{ "type": "Feature", "properties": { "name": "", "name_manual": "", "name_original": null, "highway": "footway", "status": "unnamed", "description": "unnamed" }, "geometry": { "type": "LineString", "coordinates": [ [ 14.3978477, 40.6310225 ], [ 14.3980339, 40.6310604 ], [ 14.3981494, 40.6310833 ] ] } },
{ "type": "Feature", "properties": { "name": "", "name_manual": "", "name_original": null, "highway": "footway", "status": "unnamed", "description": "unnamed" }, "geometry": { "type": "LineString", "coordinates": [ [ 14.3981072, 40.6308506 ], [ 14.3980865, 40.6309102 ], [ 14.3980835, 40.6309188 ], [ 14.3980506, 40.6310135 ], [ 14.3980365, 40.6310541 ] ] } },
{ "type": "Feature", "properties": { "name": "", "name_manual": "", "name_original": null, "highway": "service", "status": "unnamed", "description": "unnamed" }, "geometry": { "type": "LineString", "coordinates": [ [ 14.3959358, 40.6318964 ], [ 14.395627, 40.6317909 ], [ 14.3955043, 40.6319751 ], [ 14.395279, 40.6319222 ] ] } },
{ "type": "Feature", "properties": { "name": "", "name_manual": "", "name_original": null, "highway": "footway", "status": "unnamed", "description": "unnamed" }, "geometry": { "type": "LineString", "coordinates": [ [ 14.4037963, 40.6312995 ], [ 14.4037986, 40.6312935 ], [ 14.4038064, 40.6312718 ], [ 14.4038126, 40.6312547 ], [ 14.4038146, 40.6312494 ] ] } },
{ "type": "Feature", "properties": { "name": "", "name_manual": "", "name_original": null, "highway": "footway", "status": "unnamed", "description": "unnamed" }, "geometry": { "type": "LineString", "coordinates": [ [ 14.4021417, 40.6302083 ], [ 14.4021242, 40.6302433 ] ] } },
{ "type": "Feature", "properties": { "name": "", "name_manual": "", "name_original": null, "highway": "footway", "status": "unnamed", "description": "unnamed" }, "geometry": { "type": "LineString", "coordinates": [ [ 14.4026055, 40.6303262 ], [ 14.4025966, 40.6303564 ] ] } },
{ "type": "Feature", "properties": { "name": "", "name_manual": "", "name_original": null, "highway": "service", "status": "unnamed", "description": "unnamed" }, "geometry": { "type": "LineString", "coordinates": [ [ 14.4021332, 40.630888 ], [ 14.4021531, 40.6308608 ], [ 14.4021574, 40.630855 ], [ 14.4022809, 40.6306581 ] ] } },
{ "type": "Feature", "properties": { "name": "", "name_manual": "", "name_original": null, "highway": "footway", "status": "unnamed", "description": "unnamed" }, "geometry": { "type": "LineString", "coordinates": [ [ 14.4019252, 40.6304448 ], [ 14.4019103, 40.6304367 ] ] } },
{ "type": "Feature", "properties": { "name": "", "name_manual": "", "name_original": null, "highway": "footway", "status": "unnamed", "description": "unnamed" }, "geometry": { "type": "LineString", "coordinates": [ [ 14.4017867, 40.6306123 ], [ 14.4019329, 40.6304489 ], [ 14.4019252, 40.6304448 ] ] } },
{ "type": "Feature", "properties": { "name": "", "name_manual": "", "name_original": null, "highway": "footway", "status": "unnamed", "description": "unnamed" }, "geometry": { "type": "LineString", "coordinates": [ [ 14.4048799, 40.6315477 ], [ 14.4048926, 40.6315249 ], [ 14.404904, 40.6315043 ], [ 14.4049072, 40.6314986 ] ] } },
{ "type": "Feature", "properties": { "name": "", "name_manual": "", "name_original": null, "highway": "footway", "status": "unnamed", "description": "unnamed" }, "geometry": { "type": "LineString", "coordinates": [ [ 14.4010612, 40.6333491 ], [ 14.4010814, 40.6333566 ], [ 14.4011207, 40.633371 ] ] } },
{ "type": "Feature", "properties": { "name": "", "name_manual": "", "name_original": null, "highway": "footway", "status": "unnamed", "description": "unnamed" }, "geometry": { "type": "LineString", "coordinates": [ [ 14.4011207, 40.633371 ], [ 14.4011439, 40.6333357 ], [ 14.4011343, 40.6333328 ], [ 14.4011646, 40.6332749 ], [ 14.4011955, 40.6332159 ], [ 14.401209, 40.633195 ], [ 14.401199, 40.6331913 ], [ 14.4013221, 40.6329854 ], [ 14.4014555, 40.6327824 ], [ 14.4014834, 40.6327591 ], [ 14.401575, 40.6326015 ], [ 14.4015917, 40.6325698 ] ] } },
{ "type": "Feature", "properties": { "name": "", "name_manual": "", "name_original": null, "highway": "service", "status": "unnamed", "description": "unnamed" }, "geometry": { "type": "LineString", "coordinates": [ [ 14.4016277, 40.6325838 ], [ 14.402284, 40.6328441 ] ] } },
{ "type": "Feature", "properties": { "name": "", "name_manual": "", "name_original": null, "highway": "footway", "status": "unnamed", "description": "unnamed" }, "geometry": { "type": "LineString", "coordinates": [ [ 14.4006894, 40.6339784 ], [ 14.4007024, 40.633984 ], [ 14.4007233, 40.6339931 ] ] } },
{ "type": "Feature", "properties": { "name": "", "name_manual": "", "name_original": null, "highway": "footway", "status": "unnamed", "description": "unnamed" }, "geometry": { "type": "LineString", "coordinates": [ [ 14.4000379, 40.6349408 ], [ 14.4001787, 40.6347337 ], [ 14.4001975, 40.6347053 ], [ 14.4002143, 40.6346811 ], [ 14.4003164, 40.6345587 ], [ 14.4003681, 40.634533 ], [ 14.4004371, 40.6344521 ] ] } },
{ "type": "Feature", "properties": { "name": "", "name_manual": "", "name_original": null, "highway": "footway", "status": "unnamed", "description": "unnamed" }, "geometry": { "type": "LineString", "coordinates": [ [ 14.4001398, 40.6346737 ], [ 14.4001583, 40.6346825 ], [ 14.4001919, 40.6347022 ], [ 14.4001975, 40.6347053 ] ] } },
{ "type": "Feature", "properties": { "name": "", "name_manual": "", "name_original": null, "highway": "service", "status": "unnamed", "description": "unnamed" }, "geometry": { "type": "LineString", "coordinates": [ [ 14.4031534, 40.6339359 ], [ 14.4031658, 40.6339428 ], [ 14.4032572, 40.6339943 ] ] } },
{ "type": "Feature", "properties": { "name": "", "name_manual": "", "name_original": null, "highway": "service", "status": "unnamed", "description": "unnamed" }, "geometry": { "type": "LineString", "coordinates": [ [ 14.4026839, 40.6310418 ], [ 14.4026744, 40.6310684 ], [ 14.4026708, 40.6310777 ], [ 14.4026668, 40.6310882 ], [ 14.4026189, 40.6311212 ], [ 14.4025176, 40.6313023 ] ] } },
{ "type": "Feature", "properties": { "name": "", "name_manual": "", "name_original": null, "highway": "service", "status": "unnamed", "description": "unnamed" }, "geometry": { "type": "LineString", "coordinates": [ [ 14.4035887, 40.6312254 ], [ 14.4035886, 40.6312487 ], [ 14.4035885, 40.6312554 ], [ 14.4035885, 40.6312634 ], [ 14.4035878, 40.6313588 ] ] } },
{ "type": "Feature", "properties": { "name": "", "name_manual": "", "name_original": null, "highway": "service", "status": "unnamed", "description": "unnamed" }, "geometry": { "type": "LineString", "coordinates": [ [ 14.4030843, 40.631132 ], [ 14.4030778, 40.6311588 ], [ 14.4030751, 40.6311701 ], [ 14.4030607, 40.6312292 ], [ 14.4030266, 40.6314082 ] ] } },
{ "type": "Feature", "properties": { "name": "", "name_manual": "", "name_original": null, "highway": "footway", "status": "unnamed", "description": "unnamed" }, "geometry": { "type": "LineString", "coordinates": [ [ 14.4026128, 40.6310619 ], [ 14.402629, 40.6310293 ], [ 14.4026415, 40.6310042 ], [ 14.4026441, 40.630999 ] ] } },
{ "type": "Feature", "properties": { "name": "", "name_manual": "", "name_original": null, "highway": "service", "status": "unnamed", "description": "unnamed" }, "geometry": { "type": "LineString", "coordinates": [ [ 14.40183, 40.6319973 ], [ 14.4018773, 40.6320096 ], [ 14.4018855, 40.6320117 ], [ 14.4022467, 40.6321059 ] ] } },
{ "type": "Feature", "properties": { "name": "", "name_manual": "", "name_original": null, "highway": "service", "status": "unnamed", "description": "unnamed" }, "geometry": { "type": "LineString", "coordinates": [ [ 14.4018764, 40.6318239 ], [ 14.4019305, 40.6318376 ], [ 14.401947, 40.6318427 ], [ 14.4019575, 40.631846 ], [ 14.4023171, 40.6319578 ] ] } },
{ "type": "Feature", "properties": { "name": "", "name_manual": "", "name_original": null, "highway": "service", "status": "unnamed", "description": "unnamed" }, "geometry": { "type": "LineString", "coordinates": [ [ 14.4021363, 40.6310415 ], [ 14.4021817, 40.63105 ], [ 14.402188, 40.6310512 ], [ 14.402242, 40.6310614 ] ] } },
{ "type": "Feature", "properties": { "name": "", "name_manual": "", "name_original": null, "highway": "service", "status": "unnamed", "description": "unnamed" }, "geometry": { "type": "LineString", "coordinates": [ [ 14.4025994, 40.6310214 ], [ 14.4025885, 40.6310521 ], [ 14.4025804, 40.6310751 ], [ 14.4024385, 40.6313237 ], [ 14.4025397, 40.6314128 ], [ 14.4026014, 40.6315247 ], [ 14.4026001, 40.6316316 ], [ 14.4025585, 40.631713 ], [ 14.4024257, 40.6316713 ] ] } },
{ "type": "Feature", "properties": { "name": "", "name_manual": "", "name_original": null, "highway": "service", "status": "unnamed", "description": "unnamed" }, "geometry": { "type": "LineString", "coordinates": [ [ 14.4035093, 40.6312094 ], [ 14.4035084, 40.6312332 ], [ 14.4035082, 40.6312397 ], [ 14.4035063, 40.631289 ], [ 14.4034986, 40.6314927 ], [ 14.4033719, 40.6315033 ], [ 14.4032009, 40.631798 ] ] } },
{ "type": "Feature", "properties": { "name": "", "name_manual": "", "name_original": null, "highway": "service", "status": "unnamed", "description": "unnamed" }, "geometry": { "type": "LineString", "coordinates": [ [ 14.4038782, 40.6313712 ], [ 14.4036549, 40.6313151 ] ] } },
{ "type": "Feature", "properties": { "name": "", "name_manual": "", "name_original": null, "highway": "service", "status": "unnamed", "description": "unnamed" }, "geometry": { "type": "LineString", "coordinates": [ [ 14.4039316, 40.6313005 ], [ 14.4039164, 40.6313205 ], [ 14.4039118, 40.6313266 ], [ 14.4039074, 40.6313325 ], [ 14.4038782, 40.6313712 ], [ 14.4037286, 40.631569 ] ] } },
{ "type": "Feature", "properties": { "name": "", "name_manual": "", "name_original": null, "highway": "service", "status": "unnamed", "description": "unnamed" }, "geometry": { "type": "LineString", "coordinates": [ [ 14.4038352, 40.6316372 ], [ 14.4038761, 40.6315532 ], [ 14.4041397, 40.6316112 ], [ 14.4042403, 40.6314225 ], [ 14.404251, 40.6314037 ], [ 14.4042657, 40.6313763 ] ] } },
{ "type": "Feature", "properties": { "name": "", "name_manual": "", "name_original": null, "highway": "service", "status": "unnamed", "description": "unnamed" }, "geometry": { "type": "LineString", "coordinates": [ [ 14.4044801, 40.6314265 ], [ 14.4044657, 40.6314521 ], [ 14.4044576, 40.6314666 ], [ 14.4042948, 40.6317691 ], [ 14.4041926, 40.6317373 ] ] } },
{ "type": "Feature", "properties": { "name": "", "name_manual": "", "name_original": null, "highway": "service", "status": "unnamed", "description": "unnamed" }, "geometry": { "type": "LineString", "coordinates": [ [ 14.4050509, 40.6319502 ], [ 14.4064095, 40.6323247 ], [ 14.4066713, 40.632033 ], [ 14.4066789, 40.6320246 ], [ 14.4066854, 40.6320173 ], [ 14.4067028, 40.6319983 ] ] } },
{ "type": "Feature", "properties": { "name": "", "name_manual": "", "name_original": null, "highway": "service", "status": "unnamed", "description": "unnamed" }, "geometry": { "type": "LineString", "coordinates": [ [ 14.4047692, 40.6324488 ], [ 14.404192, 40.6322565 ] ] } },
{ "type": "Feature", "properties": { "name": "", "name_manual": "", "name_original": null, "highway": "service", "status": "unnamed", "description": "unnamed" }, "geometry": { "type": "LineString", "coordinates": [ [ 14.4043096, 40.6334025 ], [ 14.4042577, 40.6333893 ], [ 14.4041692, 40.6335389 ], [ 14.404031, 40.6335185 ] ] } },
{ "type": "Feature", "properties": { "name": "", "name_manual": "", "name_original": null, "highway": "service", "status": "unnamed", "description": "unnamed" }, "geometry": { "type": "LineString", "coordinates": [ [ 14.4044939, 40.6330118 ], [ 14.4042577, 40.6329608 ] ] } },
{ "type": "Feature", "properties": { "name": "", "name_manual": "", "name_original": null, "highway": "service", "status": "unnamed", "description": "unnamed" }, "geometry": { "type": "LineString", "coordinates": [ [ 14.4044737, 40.6330634 ], [ 14.4046466, 40.6331084 ], [ 14.4046198, 40.6331684 ], [ 14.4050798, 40.6333058 ], [ 14.4049953, 40.6334768 ] ] } },
{ "type": "Feature", "properties": { "name": "", "name_manual": "", "name_original": null, "highway": "service", "status": "unnamed", "description": "unnamed" }, "geometry": { "type": "LineString", "coordinates": [ [ 14.4035882, 40.6334564 ], [ 14.4035956, 40.6334434 ], [ 14.4037347, 40.6331969 ], [ 14.4037642, 40.6332071 ], [ 14.4038326, 40.6331094 ] ] } },
{ "type": "Feature", "properties": { "name": "", "name_manual": "", "name_original": null, "highway": "path", "status": "unnamed", "description": "unnamed" }, "geometry": { "type": "LineString", "coordinates": [ [ 14.4057776, 40.6057864 ], [ 14.4058824, 40.6057987 ], [ 14.4059762, 40.6057878 ], [ 14.4060755, 40.6058138 ], [ 14.4061729, 40.6058193 ], [ 14.4062631, 40.6058617 ], [ 14.4063407, 40.6058878 ], [ 14.4064382, 40.6059001 ], [ 14.4065591, 40.6059289 ], [ 14.4066384, 40.6059987 ], [ 14.4066781, 40.6060467 ], [ 14.4066348, 40.6060823 ], [ 14.4067214, 40.6060933 ], [ 14.4068171, 40.6061467 ], [ 14.4070083, 40.6062796 ], [ 14.4072718, 40.6065028 ], [ 14.4074721, 40.6065878 ], [ 14.40762, 40.6066891 ], [ 14.4077554, 40.6067809 ], [ 14.4078311, 40.6068809 ], [ 14.4078492, 40.6069385 ], [ 14.4078185, 40.607007 ], [ 14.4078059, 40.6070837 ], [ 14.4077012, 40.6071727 ], [ 14.4075984, 40.6072631 ], [ 14.4074973, 40.6073796 ], [ 14.4073746, 40.6074494 ], [ 14.4071725, 40.6075261 ], [ 14.4068929, 40.6075713 ], [ 14.4067323, 40.6075891 ], [ 14.406606, 40.6075768 ], [ 14.406541, 40.6075412 ], [ 14.406541, 40.6074344 ], [ 14.4063389, 40.6074522 ], [ 14.4062866, 40.6074576 ], [ 14.4061134, 40.6074987 ], [ 14.406043, 40.6075138 ], [ 14.4059402, 40.6075563 ], [ 14.4057922, 40.6075946 ], [ 14.4056695, 40.6076302 ], [ 14.4056352, 40.6076713 ], [ 14.4055143, 40.6076905 ], [ 14.4054584, 40.6077275 ], [ 14.405314, 40.6077727 ], [ 14.4052274, 40.6078878 ], [ 14.405195, 40.607922 ], [ 14.4050524, 40.6079508 ], [ 14.4049514, 40.6079768 ], [ 14.4049045, 40.607896 ], [ 14.4048287, 40.6078426 ], [ 14.4047709, 40.607833 ], [ 14.4046601, 40.607834 ] ] } },
{ "type": "Feature", "properties": { "name": "", "name_manual": "", "name_original": null, "highway": "track", "status": "unnamed", "description": "unnamed" }, "geometry": { "type": "LineString", "coordinates": [ [ 14.4044745, 40.6077462 ], [ 14.4045255, 40.6076727 ], [ 14.4045851, 40.6075796 ], [ 14.4046573, 40.6074891 ], [ 14.404807, 40.6073152 ], [ 14.4049297, 40.6071686 ], [ 14.4049947, 40.6070727 ], [ 14.405056, 40.606996 ], [ 14.4051444, 40.6069919 ], [ 14.4052238, 40.607022 ], [ 14.405278, 40.6070891 ], [ 14.405361, 40.6071631 ], [ 14.4054873, 40.6072056 ], [ 14.4055775, 40.6072124 ], [ 14.405623, 40.6071706 ], [ 14.4056623, 40.6071344 ] ] } },
{ "type": "Feature", "properties": { "name": "", "name_manual": "", "name_original": null, "highway": "track", "status": "unnamed", "description": "unnamed" }, "geometry": { "type": "LineString", "coordinates": [ [ 14.4056623, 40.6071344 ], [ 14.4057919, 40.6070627 ], [ 14.4059614, 40.6069731 ], [ 14.4061459, 40.606833 ], [ 14.4062961, 40.6066864 ], [ 14.4064914, 40.6065756 ] ] } },
{ "type": "Feature", "properties": { "name": "", "name_manual": "", "name_original": null, "highway": "path", "status": "unnamed", "description": "unnamed" }, "geometry": { "type": "LineString", "coordinates": [ [ 14.4066348, 40.6060823 ], [ 14.4065923, 40.6061179 ], [ 14.4064893, 40.6061912 ], [ 14.4063755, 40.6062971 ], [ 14.4062983, 40.6063508 ], [ 14.4062296, 40.6063883 ], [ 14.4063476, 40.6064697 ], [ 14.4064657, 40.6065447 ], [ 14.4064914, 40.6065756 ], [ 14.4066738, 40.606732 ], [ 14.406839, 40.6068298 ], [ 14.4069892, 40.6068803 ], [ 14.407045, 40.607022 ], [ 14.4070944, 40.6071214 ], [ 14.4071201, 40.6071719 ], [ 14.4070429, 40.6071914 ], [ 14.4069656, 40.6073022 ], [ 14.4069227, 40.6074521 ], [ 14.4068648, 40.6074928 ], [ 14.4068219, 40.6075368 ], [ 14.4068929, 40.6075713 ] ] } },
{ "type": "Feature", "properties": { "name": "", "name_manual": "", "name_original": null, "highway": "path", "status": "unnamed", "description": "unnamed" }, "geometry": { "type": "LineString", "coordinates": [ [ 14.4087254, 40.6074711 ], [ 14.4088223, 40.6074245 ], [ 14.4089192, 40.6074633 ], [ 14.4089703, 40.6075369 ], [ 14.4090392, 40.6075078 ], [ 14.4090749, 40.6074865 ], [ 14.4091234, 40.6074904 ], [ 14.4091668, 40.6075059 ] ] } },
{ "type": "Feature", "properties": { "name": "", "name_manual": "", "name_original": null, "highway": "footway", "status": "unnamed", "description": "unnamed" }, "geometry": { "type": "LineString", "coordinates": [ [ 14.3952435, 40.629718 ], [ 14.3952452, 40.6297134 ], [ 14.3952573, 40.6296805 ], [ 14.3952671, 40.6296538 ], [ 14.3952698, 40.6296464 ] ] } },
{ "type": "Feature", "properties": { "name": "", "name_manual": "", "name_original": null, "highway": "service", "status": "unnamed", "description": "unnamed" }, "geometry": { "type": "LineString", "coordinates": [ [ 14.3944407, 40.6305667 ], [ 14.3944828, 40.6305841 ], [ 14.3944911, 40.6305876 ], [ 14.3944996, 40.6305911 ], [ 14.3947915, 40.630712 ] ] } },
{ "type": "Feature", "properties": { "name": "", "name_manual": "", "name_original": null, "highway": "service", "status": "unnamed", "description": "unnamed" }, "geometry": { "type": "LineString", "coordinates": [ [ 14.3927919, 40.6320983 ], [ 14.3928221, 40.6321275 ], [ 14.3928294, 40.6321314 ], [ 14.3928376, 40.6321356 ], [ 14.3929639, 40.632201 ] ] } },
{ "type": "Feature", "properties": { "name": "", "name_manual": "", "name_original": null, "highway": "service", "status": "unnamed", "description": "unnamed" }, "geometry": { "type": "LineString", "coordinates": [ [ 14.3927057, 40.6321423 ], [ 14.3927393, 40.632173 ], [ 14.392744, 40.6321773 ], [ 14.3927507, 40.6321834 ], [ 14.3928073, 40.6322351 ] ] } },
{ "type": "Feature", "properties": { "name": "", "name_manual": "", "name_original": null, "highway": "service", "status": "unnamed", "description": "unnamed" }, "geometry": { "type": "LineString", "coordinates": [ [ 14.3929696, 40.6320033 ], [ 14.3930114, 40.6320266 ], [ 14.3930195, 40.6320312 ], [ 14.3930265, 40.6320351 ], [ 14.3932459, 40.6321578 ] ] } },
{ "type": "Feature", "properties": { "name": "", "name_manual": "", "name_original": null, "highway": "service", "status": "unnamed", "description": "unnamed" }, "geometry": { "type": "LineString", "coordinates": [ [ 14.3932852, 40.6318234 ], [ 14.393315, 40.6318541 ], [ 14.39332, 40.6318593 ], [ 14.3933255, 40.631865 ], [ 14.3935262, 40.6320718 ], [ 14.3933813, 40.6321965 ] ] } },
{ "type": "Feature", "properties": { "name": "", "name_manual": "", "name_original": null, "highway": "service", "status": "unnamed", "description": "unnamed" }, "geometry": { "type": "LineString", "coordinates": [ [ 14.3932378, 40.6318507 ], [ 14.393267, 40.6318815 ], [ 14.393272, 40.6318869 ], [ 14.3932773, 40.6318925 ], [ 14.3933102, 40.6319273 ] ] } },
{ "type": "Feature", "properties": { "name": "", "name_manual": "", "name_original": null, "highway": "service", "status": "unnamed", "description": "unnamed" }, "geometry": { "type": "LineString", "coordinates": [ [ 14.3933069, 40.6318099 ], [ 14.3933436, 40.6318367 ], [ 14.3933491, 40.6318408 ], [ 14.3933559, 40.6318457 ], [ 14.3933699, 40.631856 ], [ 14.3935655, 40.6317254 ] ] } },
{ "type": "Feature", "properties": { "name": "", "name_manual": "", "name_original": null, "highway": "service", "status": "unnamed", "description": "unnamed" }, "geometry": { "type": "LineString", "coordinates": [ [ 14.3935383, 40.6316503 ], [ 14.3935199, 40.6316431 ], [ 14.3935134, 40.6316404 ], [ 14.3935058, 40.6316371 ], [ 14.3934869, 40.6316291 ], [ 14.3933498, 40.6315537 ] ] } },
{ "type": "Feature", "properties": { "name": "", "name_manual": "", "name_original": null, "highway": "service", "status": "unnamed", "description": "unnamed" }, "geometry": { "type": "LineString", "coordinates": [ [ 14.3935029, 40.631678 ], [ 14.3935341, 40.6317014 ], [ 14.3935409, 40.6317065 ], [ 14.393548, 40.631712 ], [ 14.3935655, 40.6317254 ], [ 14.393615, 40.6317631 ] ] } },
{ "type": "Feature", "properties": { "name": "", "name_manual": "", "name_original": null, "highway": "service", "status": "unnamed", "description": "unnamed" }, "geometry": { "type": "LineString", "coordinates": [ [ 14.3921902, 40.6324518 ], [ 14.3922257, 40.6324805 ], [ 14.3922575, 40.6325061 ], [ 14.3926933, 40.6327628 ] ] } },
{ "type": "Feature", "properties": { "name": "", "name_manual": "", "name_original": null, "highway": "footway", "status": "unnamed", "description": "unnamed" }, "geometry": { "type": "LineString", "coordinates": [ [ 14.3920687, 40.6325647 ], [ 14.3920654, 40.632561 ], [ 14.3920401, 40.6325333 ], [ 14.3920276, 40.6325196 ], [ 14.3920236, 40.6325152 ] ] } },
{ "type": "Feature", "properties": { "name": "", "name_manual": "", "name_original": null, "highway": "service", "status": "unnamed", "description": "unnamed" }, "geometry": { "type": "LineString", "coordinates": [ [ 14.3921976, 40.6324473 ], [ 14.3921828, 40.6324309 ], [ 14.3921791, 40.6324269 ], [ 14.392174, 40.6324213 ], [ 14.3919624, 40.6321883 ] ] } },
{ "type": "Feature", "properties": { "name": "", "name_manual": "", "name_original": null, "highway": "service", "status": "unnamed", "description": "unnamed" }, "geometry": { "type": "LineString", "coordinates": [ [ 14.3928112, 40.6320866 ], [ 14.3927966, 40.6320717 ], [ 14.3927927, 40.6320677 ], [ 14.3927865, 40.6320614 ], [ 14.392766, 40.6320405 ], [ 14.3926589, 40.632101 ] ] } },
{ "type": "Feature", "properties": { "name": "", "name_manual": "", "name_original": null, "highway": "service", "status": "unnamed", "description": "unnamed" }, "geometry": { "type": "LineString", "coordinates": [ [ 14.3930501, 40.6319588 ], [ 14.3930261, 40.6319478 ], [ 14.3930201, 40.6319451 ], [ 14.393012, 40.6319414 ], [ 14.3928657, 40.6318743 ] ] } },
{ "type": "Feature", "properties": { "name": "", "name_manual": "", "name_original": null, "highway": "service", "status": "unnamed", "description": "unnamed" }, "geometry": { "type": "LineString", "coordinates": [ [ 14.3942642, 40.6308089 ], [ 14.3942324, 40.6307976 ], [ 14.3939178, 40.6306862 ], [ 14.393553, 40.6305599 ], [ 14.3933465, 40.6304708 ] ] } },
{ "type": "Feature", "properties": { "name": "", "name_manual": "", "name_original": null, "highway": "service", "status": "unnamed", "description": "unnamed" }, "geometry": { "type": "LineString", "coordinates": [ [ 14.3944882, 40.6305008 ], [ 14.3944674, 40.6304943 ], [ 14.3943945, 40.6304713 ], [ 14.394469, 40.6303298 ], [ 14.3945661, 40.6303552 ], [ 14.3945896, 40.6303614 ] ] } },
{ "type": "Feature", "properties": { "name": "", "name_manual": "", "name_original": null, "highway": "service", "status": "unnamed", "description": "unnamed" }, "geometry": { "type": "LineString", "coordinates": [ [ 14.3946038, 40.6303418 ], [ 14.3945785, 40.6303351 ], [ 14.3941967, 40.6302342 ], [ 14.3942423, 40.63008 ], [ 14.3940418, 40.6300372 ], [ 14.3939882, 40.6302011 ], [ 14.3939131, 40.6303639 ], [ 14.3941873, 40.6304489 ], [ 14.394442, 40.6305225 ], [ 14.3944672, 40.6305297 ] ] } },
{ "type": "Feature", "properties": { "name": "", "name_manual": "", "name_original": null, "highway": "service", "status": "unnamed", "description": "unnamed" }, "geometry": { "type": "LineString", "coordinates": [ [ 14.3947485, 40.6301429 ], [ 14.3947295, 40.6301359 ], [ 14.3947228, 40.6301334 ], [ 14.3947135, 40.6301299 ], [ 14.3945307, 40.6300754 ] ] } },
{ "type": "Feature", "properties": { "name": "", "name_manual": "", "name_original": null, "highway": "service", "status": "unnamed", "description": "unnamed" }, "geometry": { "type": "LineString", "coordinates": [ [ 14.3956194, 40.6301875 ], [ 14.3955872, 40.6301758 ], [ 14.3955528, 40.6301633 ], [ 14.3955106, 40.6302305 ] ] } },
{ "type": "Feature", "properties": { "name": "", "name_manual": "", "name_original": null, "highway": "service", "status": "unnamed", "description": "unnamed" }, "geometry": { "type": "LineString", "coordinates": [ [ 14.3955749, 40.6302523 ], [ 14.3963036, 40.6305293 ] ] } },
{ "type": "Feature", "properties": { "name": "", "name_manual": "", "name_original": null, "highway": "footway", "status": "unnamed", "description": "unnamed" }, "geometry": { "type": "LineString", "coordinates": [ [ 14.3917167, 40.6327654 ], [ 14.3917535, 40.6327395 ], [ 14.3917829, 40.6327227 ], [ 14.3918322, 40.6326955 ], [ 14.391881, 40.6326686 ], [ 14.3919543, 40.6326277 ], [ 14.3920032, 40.6326006 ], [ 14.3920519, 40.6325738 ], [ 14.3920687, 40.6325647 ], [ 14.3921753, 40.6325065 ], [ 14.3922257, 40.6324805 ], [ 14.3922776, 40.6324536 ], [ 14.3922793, 40.6324526 ], [ 14.3926497, 40.6322295 ], [ 14.392744, 40.6321773 ], [ 14.3928294, 40.6321314 ], [ 14.3928447, 40.6321232 ], [ 14.3930195, 40.6320312 ], [ 14.3930517, 40.6320138 ], [ 14.3930856, 40.6319943 ], [ 14.393272, 40.6318869 ], [ 14.39332, 40.6318593 ], [ 14.3933285, 40.6318543 ], [ 14.3933491, 40.6318408 ], [ 14.3934132, 40.6317987 ], [ 14.3935409, 40.6317065 ], [ 14.3935586, 40.6316937 ], [ 14.3937112, 40.6315766 ], [ 14.3937502, 40.6315425 ], [ 14.3937914, 40.6315058 ], [ 14.3938609, 40.6314258 ], [ 14.3939634, 40.6313156 ], [ 14.3939996, 40.6312796 ], [ 14.3940563, 40.6312234 ], [ 14.3941531, 40.6310988 ], [ 14.3943275, 40.6308377 ], [ 14.3943618, 40.6307803 ], [ 14.394419, 40.6306807 ], [ 14.3944911, 40.6305876 ], [ 14.3945102, 40.6305629 ], [ 14.3946658, 40.6303471 ], [ 14.3947965, 40.630171 ], [ 14.3947967, 40.6301609 ], [ 14.3948073, 40.6301458 ], [ 14.3948358, 40.6301054 ], [ 14.3948462, 40.6300906 ], [ 14.3948574, 40.6300871 ], [ 14.394996, 40.6298932 ], [ 14.3950689, 40.6297803 ], [ 14.3950772, 40.6297675 ], [ 14.3951167, 40.6297008 ], [ 14.3951197, 40.6296962 ], [ 14.3951233, 40.6296935 ], [ 14.3951287, 40.6296926 ], [ 14.3952435, 40.629718 ], [ 14.3954401, 40.6297615 ], [ 14.3954627, 40.6297596 ], [ 14.3956221, 40.6297962 ], [ 14.3957044, 40.6298164 ], [ 14.3957081, 40.6298174 ], [ 14.3957849, 40.6298348 ], [ 14.3957915, 40.6298373 ], [ 14.3957921, 40.6298417 ], [ 14.3957602, 40.6299257 ] ] } },
{ "type": "Feature", "properties": { "name": "", "name_manual": "", "name_original": null, "highway": "footway", "status": "unnamed", "description": "unnamed" }, "geometry": { "type": "LineString", "coordinates": [ [ 14.395797, 40.6298423 ], [ 14.3958286, 40.6298509 ], [ 14.3958574, 40.6298587 ] ] } },
{ "type": "Feature", "properties": { "name": "", "name_manual": "", "name_original": null, "highway": "footway", "status": "unnamed", "description": "unnamed" }, "geometry": { "type": "LineString", "coordinates": [ [ 14.3957921, 40.6298417 ], [ 14.395797, 40.6298423 ] ] } },
{ "type": "Feature", "properties": { "name": "", "name_manual": "", "name_original": null, "highway": "footway", "status": "unnamed", "description": "unnamed" }, "geometry": { "type": "LineString", "coordinates": [ [ 14.4072083, 40.6309475 ], [ 14.4072123, 40.6309362 ], [ 14.4072241, 40.6309025 ], [ 14.4072273, 40.6308935 ] ] } },
{ "type": "Feature", "properties": { "name": "", "name_manual": "", "name_original": null, "highway": "footway", "status": "unnamed", "description": "unnamed" }, "geometry": { "type": "LineString", "coordinates": [ [ 14.4079196, 40.6311511 ], [ 14.4079212, 40.6311468 ], [ 14.4079317, 40.6311184 ], [ 14.4079464, 40.6310795 ], [ 14.4079501, 40.6310696 ] ] } },
{ "type": "Feature", "properties": { "name": "", "name_manual": "", "name_original": null, "highway": "footway", "status": "unnamed", "description": "unnamed" }, "geometry": { "type": "LineString", "coordinates": [ [ 14.4079531, 40.6311651 ], [ 14.4079696, 40.631167 ], [ 14.4080257, 40.6311735 ], [ 14.4081132, 40.6311836 ], [ 14.4081764, 40.6311908 ], [ 14.408198, 40.6311942 ], [ 14.4082105, 40.631188 ], [ 14.408215, 40.6311467 ], [ 14.4082173, 40.6311047 ], [ 14.408218, 40.6310958 ] ] } },
{ "type": "Feature", "properties": { "name": "", "name_manual": "", "name_original": null, "highway": "footway", "status": "unnamed", "description": "unnamed" }, "geometry": { "type": "LineString", "coordinates": [ [ 14.4077443, 40.6315503 ], [ 14.4078411, 40.6314115 ] ] } },
{ "type": "Feature", "properties": { "name": "", "name_manual": "", "name_original": null, "highway": "footway", "status": "unnamed", "description": "unnamed" }, "geometry": { "type": "LineString", "coordinates": [ [ 14.4078411, 40.6314115 ], [ 14.4079428, 40.6312006 ] ] } },
{ "type": "Feature", "properties": { "name": "", "name_manual": "", "name_original": null, "highway": "footway", "status": "unnamed", "description": "unnamed" }, "geometry": { "type": "LineString", "coordinates": [ [ 14.4076819, 40.6316169 ], [ 14.4077127, 40.631584 ], [ 14.4077443, 40.6315503 ] ] } },
{ "type": "Feature", "properties": { "name": "", "name_manual": "", "name_original": null, "highway": "steps", "status": "unnamed", "description": "unnamed" }, "geometry": { "type": "LineString", "coordinates": [ [ 14.4075728, 40.6316723 ], [ 14.4075515, 40.6316421 ] ] } },
{ "type": "Feature", "properties": { "name": "", "name_manual": "", "name_original": null, "highway": "footway", "status": "unnamed", "description": "unnamed" }, "geometry": { "type": "LineString", "coordinates": [ [ 14.4075869, 40.6316924 ], [ 14.4075728, 40.6316723 ] ] } },
{ "type": "Feature", "properties": { "name": "", "name_manual": "", "name_original": null, "highway": "footway", "status": "unnamed", "description": "unnamed" }, "geometry": { "type": "LineString", "coordinates": [ [ 14.4075515, 40.6316421 ], [ 14.4075198, 40.6315972 ] ] } },
{ "type": "Feature", "properties": { "name": "", "name_manual": "", "name_original": null, "highway": "footway", "status": "unnamed", "description": "unnamed" }, "geometry": { "type": "LineString", "coordinates": [ [ 14.4073359, 40.6317279 ], [ 14.4073445, 40.6317409 ] ] } },
{ "type": "Feature", "properties": { "name": "", "name_manual": "", "name_original": null, "highway": "footway", "status": "unnamed", "description": "unnamed" }, "geometry": { "type": "LineString", "coordinates": [ [ 14.4073295, 40.6315764 ], [ 14.4073935, 40.6316798 ], [ 14.4074157, 40.6317155 ], [ 14.40745, 40.6317709 ], [ 14.4074538, 40.6317771 ] ] } },
{ "type": "Feature", "properties": { "name": "", "name_manual": "", "name_original": null, "highway": "steps", "status": "unnamed", "description": "unnamed" }, "geometry": { "type": "LineString", "coordinates": [ [ 14.4073119, 40.6316924 ], [ 14.4073359, 40.6317279 ] ] } },
{ "type": "Feature", "properties": { "name": "", "name_manual": "", "name_original": null, "highway": "footway", "status": "unnamed", "description": "unnamed" }, "geometry": { "type": "LineString", "coordinates": [ [ 14.4073074, 40.631685 ], [ 14.4073119, 40.6316924 ], [ 14.4072364, 40.6317193 ], [ 14.4072548, 40.6317491 ], [ 14.4073025, 40.631732 ], [ 14.4073067, 40.6317387 ], [ 14.4073147, 40.6317516 ], [ 14.4073445, 40.6317409 ], [ 14.4074157, 40.6317155 ] ] } },
{ "type": "Feature", "properties": { "name": "", "name_manual": "", "name_original": null, "highway": "service", "status": "unnamed", "description": "unnamed" }, "geometry": { "type": "LineString", "coordinates": [ [ 14.4077612, 40.6315994 ], [ 14.4077127, 40.631584 ], [ 14.4077016, 40.6315804 ], [ 14.4075628, 40.6315395 ] ] } },
{ "type": "Feature", "properties": { "name": "", "name_manual": "", "name_original": null, "highway": "footway", "status": "unnamed", "description": "unnamed" }, "geometry": { "type": "LineString", "coordinates": [ [ 14.4075171, 40.6318465 ], [ 14.4074973, 40.6318311 ], [ 14.4074906, 40.6318262 ], [ 14.4074418, 40.6317837 ] ] } },
{ "type": "Feature", "properties": { "name": "", "name_manual": "", "name_original": null, "highway": "footway", "status": "unnamed", "description": "unnamed" }, "geometry": { "type": "LineString", "coordinates": [ [ 14.4075385, 40.6317276 ], [ 14.4075869, 40.6316924 ], [ 14.4076819, 40.6316169 ] ] } },
{ "type": "Feature", "properties": { "name": "", "name_manual": "", "name_original": null, "highway": "footway", "status": "unnamed", "description": "unnamed" }, "geometry": { "type": "LineString", "coordinates": [ [ 14.4074149, 40.6317992 ], [ 14.4074418, 40.6317837 ], [ 14.4074538, 40.6317771 ], [ 14.4075385, 40.6317276 ] ] } },
{ "type": "Feature", "properties": { "name": "", "name_manual": "", "name_original": null, "highway": "footway", "status": "unnamed", "description": "unnamed" }, "geometry": { "type": "LineString", "coordinates": [ [ 14.407316, 40.6318566 ], [ 14.4074149, 40.6317992 ] ] } },
{ "type": "Feature", "properties": { "name": "", "name_manual": "", "name_original": null, "highway": "footway", "status": "unnamed", "description": "unnamed" }, "geometry": { "type": "LineString", "coordinates": [ [ 14.4072444, 40.6318945 ], [ 14.4072659, 40.6318833 ], [ 14.4073061, 40.6318623 ], [ 14.407316, 40.6318566 ] ] } },
{ "type": "Feature", "properties": { "name": "", "name_manual": "", "name_original": null, "highway": "footway", "status": "unnamed", "description": "unnamed" }, "geometry": { "type": "LineString", "coordinates": [ [ 14.4072255, 40.6319043 ], [ 14.4072444, 40.6318945 ] ] } },
{ "type": "Feature", "properties": { "name": "", "name_manual": "", "name_original": null, "highway": "footway", "status": "unnamed", "description": "unnamed" }, "geometry": { "type": "LineString", "coordinates": [ [ 14.4071929, 40.6319222 ], [ 14.4072118, 40.6319114 ], [ 14.4072255, 40.6319043 ] ] } },
{ "type": "Feature", "properties": { "name": "", "name_manual": "", "name_original": null, "highway": "service", "status": "unnamed", "description": "unnamed" }, "geometry": { "type": "LineString", "coordinates": [ [ 14.4070176, 40.6320629 ], [ 14.4070001, 40.6320989 ], [ 14.4069962, 40.6321068 ], [ 14.4069918, 40.632116 ], [ 14.4069741, 40.632227 ], [ 14.4068279, 40.6324249 ] ] } },
{ "type": "Feature", "properties": { "name": "", "name_manual": "", "name_original": null, "highway": "service", "status": "unnamed", "description": "unnamed" }, "geometry": { "type": "LineString", "coordinates": [ [ 14.4057142, 40.6317393 ], [ 14.405703, 40.6317649 ], [ 14.4057005, 40.6317708 ], [ 14.4056975, 40.6317776 ], [ 14.4056814, 40.6318144 ], [ 14.4053572, 40.631733 ], [ 14.4053745, 40.6316934 ], [ 14.4053775, 40.6316865 ], [ 14.4053792, 40.6316825 ], [ 14.4053912, 40.631655 ] ] } },
{ "type": "Feature", "properties": { "name": "", "name_manual": "", "name_original": null, "highway": "footway", "status": "unnamed", "description": "unnamed" }, "geometry": { "type": "LineString", "coordinates": [ [ 14.4064765, 40.6319727 ], [ 14.4064802, 40.6319647 ], [ 14.4064912, 40.6319413 ], [ 14.4065088, 40.6319038 ], [ 14.4065108, 40.6318996 ] ] } },
{ "type": "Feature", "properties": { "name": "", "name_manual": "", "name_original": null, "highway": "footway", "status": "unnamed", "description": "unnamed" }, "geometry": { "type": "LineString", "coordinates": [ [ 14.4058993, 40.6318237 ], [ 14.4059029, 40.6318157 ], [ 14.4059143, 40.6317901 ], [ 14.4059314, 40.6317519 ], [ 14.4059343, 40.6317453 ] ] } },
{ "type": "Feature", "properties": { "name": "", "name_manual": "", "name_original": null, "highway": "footway", "status": "unnamed", "description": "unnamed" }, "geometry": { "type": "LineString", "coordinates": [ [ 14.405183, 40.6316209 ], [ 14.4052414, 40.6316415 ], [ 14.4053251, 40.6316728 ] ] } },
{ "type": "Feature", "properties": { "name": "", "name_manual": "", "name_original": null, "highway": "footway", "status": "unnamed", "description": "unnamed" }, "geometry": { "type": "LineString", "coordinates": [ [ 14.4053251, 40.6316728 ], [ 14.4053775, 40.6316865 ], [ 14.405575, 40.6317383 ], [ 14.4057005, 40.6317708 ], [ 14.4057666, 40.6317879 ], [ 14.4057658, 40.6317901 ], [ 14.4058993, 40.6318237 ], [ 14.4061161, 40.6318802 ], [ 14.4064765, 40.6319727 ], [ 14.4066789, 40.6320246 ], [ 14.4067009, 40.6320303 ], [ 14.4068963, 40.6320799 ], [ 14.4069408, 40.6320915 ], [ 14.4069931, 40.6321062 ], [ 14.4069962, 40.6321068 ], [ 14.4070911, 40.6321263 ], [ 14.4071309, 40.6321334 ], [ 14.4071683, 40.6321402 ], [ 14.4072476, 40.6320756 ], [ 14.4072636, 40.6320732 ], [ 14.407281, 40.6320754 ], [ 14.4073076, 40.6320834 ], [ 14.4073575, 40.6321148 ], [ 14.4074869, 40.6322004 ], [ 14.407523, 40.632224 ], [ 14.407559, 40.6322621 ], [ 14.4076955, 40.6323421 ], [ 14.4079429, 40.6324872 ], [ 14.4081529, 40.632611 ], [ 14.4082488, 40.6326691 ], [ 14.4082526, 40.6326851 ], [ 14.4082475, 40.6326956 ], [ 14.4082264, 40.6327246 ], [ 14.4080354, 40.6329598 ], [ 14.4079917, 40.6330136 ], [ 14.4079774, 40.6330328 ], [ 14.4078325, 40.6332236 ], [ 14.4078147, 40.6332427 ], [ 14.4076087, 40.6334805 ], [ 14.4074868, 40.6336142 ], [ 14.4073794, 40.6337214 ], [ 14.407242, 40.6338532 ], [ 14.407145, 40.6339528 ], [ 14.4067973, 40.634283 ], [ 14.4065896, 40.6344844 ], [ 14.4065635, 40.6345028 ] ] } },
{ "type": "Feature", "properties": { "name": "", "name_manual": "", "name_original": null, "highway": "service", "status": "unnamed", "description": "unnamed" }, "geometry": { "type": "LineString", "coordinates": [ [ 14.4072088, 40.6317771 ], [ 14.4071231, 40.6316467 ] ] } },
{ "type": "Feature", "properties": { "name": "", "name_manual": "", "name_original": null, "highway": "service", "status": "unnamed", "description": "unnamed" }, "geometry": { "type": "LineString", "coordinates": [ [ 14.4071471, 40.6318178 ], [ 14.4071375, 40.6318119 ], [ 14.4071268, 40.6317992 ], [ 14.4068022, 40.63159 ] ] } },
{ "type": "Feature", "properties": { "name": "", "name_manual": "", "name_original": null, "highway": "service", "status": "unnamed", "description": "unnamed" }, "geometry": { "type": "LineString", "coordinates": [ [ 14.4071471, 40.6318178 ], [ 14.4072225, 40.6318244 ], [ 14.4072644, 40.631828 ] ] } },
{ "type": "Feature", "properties": { "name": "", "name_manual": "", "name_original": null, "highway": "service", "status": "unnamed", "description": "unnamed" }, "geometry": { "type": "LineString", "coordinates": [ [ 14.4072088, 40.6317771 ], [ 14.4072644, 40.631828 ], [ 14.4073007, 40.631857 ], [ 14.4073061, 40.6318623 ], [ 14.4073117, 40.6318676 ], [ 14.4073605, 40.6319144 ] ] } },
{ "type": "Feature", "properties": { "name": "", "name_manual": "", "name_original": null, "highway": "service", "status": "unnamed", "description": "unnamed" }, "geometry": { "type": "LineString", "coordinates": [ [ 14.407324, 40.6319379 ], [ 14.4072715, 40.6318886 ], [ 14.4072659, 40.6318833 ], [ 14.4072603, 40.6318781 ], [ 14.4072495, 40.6318678 ], [ 14.4072296, 40.6318489 ], [ 14.4072225, 40.6318244 ], [ 14.4072088, 40.6317771 ] ] } },
{ "type": "Feature", "properties": { "name": "", "name_manual": "", "name_original": null, "highway": "service", "status": "unnamed", "description": "unnamed" }, "geometry": { "type": "LineString", "coordinates": [ [ 14.4071268, 40.6317992 ], [ 14.4070512, 40.6316453 ], [ 14.4069238, 40.631539 ] ] } },
{ "type": "Feature", "properties": { "name": "", "name_manual": "", "name_original": null, "highway": "service", "status": "unnamed", "description": "unnamed" }, "geometry": { "type": "LineString", "coordinates": [ [ 14.4072704, 40.6319725 ], [ 14.4072118, 40.6319114 ], [ 14.4072066, 40.631906 ], [ 14.4072029, 40.6319004 ], [ 14.4071471, 40.6318178 ] ] } },
{ "type": "Feature", "properties": { "name": "", "name_manual": "", "name_original": null, "highway": "service", "status": "unnamed", "description": "unnamed" }, "geometry": { "type": "LineString", "coordinates": [ [ 14.4071049, 40.6309127 ], [ 14.4071231, 40.6309592 ], [ 14.4071679, 40.6310245 ], [ 14.4072068, 40.6311166 ] ] } },
{ "type": "Feature", "properties": { "name": "", "name_manual": "", "name_original": null, "highway": "service", "status": "unnamed", "description": "unnamed" }, "geometry": { "type": "LineString", "coordinates": [ [ 14.4061304, 40.6318479 ], [ 14.406149, 40.6318086 ], [ 14.4061521, 40.6318021 ], [ 14.406155, 40.6317959 ], [ 14.4061567, 40.6317924 ], [ 14.4063739, 40.6317003 ] ] } },
{ "type": "Feature", "properties": { "name": "", "name_manual": "", "name_original": null, "highway": "service", "status": "unnamed", "description": "unnamed" }, "geometry": { "type": "LineString", "coordinates": [ [ 14.4065533, 40.6311523 ], [ 14.4065812, 40.631186 ], [ 14.4065875, 40.6311936 ], [ 14.406669, 40.6312978 ], [ 14.4067153, 40.6313542 ], [ 14.4069439, 40.6312652 ], [ 14.4069103, 40.6311964 ], [ 14.406822, 40.6310834 ], [ 14.4068157, 40.6310752 ], [ 14.406786, 40.6310365 ] ] } },
{ "type": "Feature", "properties": { "name": "", "name_manual": "", "name_original": null, "highway": "footway", "status": "unnamed", "description": "unnamed" }, "geometry": { "type": "LineString", "coordinates": [ [ 14.4068087, 40.6308497 ], [ 14.4068024, 40.6308812 ], [ 14.4067873, 40.6309562 ], [ 14.4067844, 40.6309709 ] ] } },
{ "type": "Feature", "properties": { "name": "", "name_manual": "", "name_original": null, "highway": "service", "status": "unnamed", "description": "unnamed" }, "geometry": { "type": "LineString", "coordinates": [ [ 14.3941771, 40.6325188 ], [ 14.3942376, 40.6325327 ], [ 14.3945007, 40.632593 ], [ 14.3944617, 40.6326909 ] ] } },
{ "type": "Feature", "properties": { "name": "", "name_manual": "", "name_original": null, "highway": "service", "status": "unnamed", "description": "unnamed" }, "geometry": { "type": "LineString", "coordinates": [ [ 14.3933384, 40.6340025 ], [ 14.3932958, 40.6339681 ], [ 14.3931788, 40.6338819 ], [ 14.3932157, 40.633805 ], [ 14.392981, 40.6337623 ], [ 14.3928164, 40.6339818 ], [ 14.3928121, 40.6339876 ], [ 14.3927846, 40.6340253 ] ] } },
{ "type": "Feature", "properties": { "name": "", "name_manual": "", "name_original": null, "highway": "service", "status": "unnamed", "description": "unnamed" }, "geometry": { "type": "LineString", "coordinates": [ [ 14.395627, 40.6317909 ], [ 14.3954118, 40.6317018 ] ] } },
{ "type": "Feature", "properties": { "name": "", "name_manual": "", "name_original": null, "highway": "service", "status": "unnamed", "description": "unnamed" }, "geometry": { "type": "LineString", "coordinates": [ [ 14.3942921, 40.6322352 ], [ 14.3942574, 40.6322179 ], [ 14.3941971, 40.6321879 ], [ 14.3939961, 40.6320696 ] ] } },
{ "type": "Feature", "properties": { "name": "", "name_manual": "", "name_original": null, "highway": "service", "status": "unnamed", "description": "unnamed" }, "geometry": { "type": "LineString", "coordinates": [ [ 14.3942702, 40.6322915 ], [ 14.3944387, 40.6323376 ], [ 14.3944493, 40.6323405 ], [ 14.3944565, 40.6323253 ], [ 14.3946597, 40.632381 ], [ 14.3946477, 40.6324063 ], [ 14.3944445, 40.6323506 ], [ 14.3944493, 40.6323405 ] ] } },
{ "type": "Feature", "properties": { "name": "", "name_manual": "", "name_original": null, "highway": "service", "status": "unnamed", "description": "unnamed" }, "geometry": { "type": "LineString", "coordinates": [ [ 14.3942893, 40.6322421 ], [ 14.3944636, 40.632285 ] ] } },
{ "type": "Feature", "properties": { "name": "", "name_manual": "", "name_original": null, "highway": "service", "status": "unnamed", "description": "unnamed" }, "geometry": { "type": "LineString", "coordinates": [ [ 14.3945806, 40.6316526 ], [ 14.3946587, 40.6316801 ], [ 14.3948887, 40.6317614 ], [ 14.3948646, 40.6318199 ], [ 14.3950765, 40.631883 ], [ 14.3949464, 40.6320926 ] ] } },
{ "type": "Feature", "properties": { "name": "", "name_manual": "", "name_original": null, "highway": "service", "status": "unnamed", "description": "unnamed" }, "geometry": { "type": "LineString", "coordinates": [ [ 14.395052, 40.6309848 ], [ 14.3949508, 40.6309441 ] ] } },
{ "type": "Feature", "properties": { "name": "", "name_manual": "", "name_original": null, "highway": "service", "status": "unnamed", "description": "unnamed" }, "geometry": { "type": "LineString", "coordinates": [ [ 14.3950778, 40.6309961 ], [ 14.3950572, 40.6309869 ], [ 14.395052, 40.6309848 ] ] } },
{ "type": "Feature", "properties": { "name": "", "name_manual": "", "name_original": null, "highway": "service", "status": "unnamed", "description": "unnamed" }, "geometry": { "type": "LineString", "coordinates": [ [ 14.3952046, 40.6307544 ], [ 14.3952106, 40.6307568 ], [ 14.3952299, 40.6307661 ] ] } },
{ "type": "Feature", "properties": { "name": "", "name_manual": "", "name_original": null, "highway": "footway", "status": "unnamed", "description": "unnamed" }, "geometry": { "type": "LineString", "coordinates": [ [ 14.3952106, 40.6307568 ], [ 14.3950572, 40.6309869 ] ] } },
{ "type": "Feature", "properties": { "name": "", "name_manual": "", "name_original": null, "highway": "service", "status": "unnamed", "description": "unnamed" }, "geometry": { "type": "LineString", "coordinates": [ [ 14.3948197, 40.6306779 ], [ 14.3949464, 40.6304459 ], [ 14.3951442, 40.63051 ], [ 14.3950985, 40.630616 ], [ 14.3950844, 40.6306464 ], [ 14.3950762, 40.6306706 ], [ 14.3950835, 40.6306942 ], [ 14.3951081, 40.630717 ], [ 14.3952046, 40.6307544 ] ] } },
{ "type": "Feature", "properties": { "name": "", "name_manual": "", "name_original": null, "highway": "service", "status": "unnamed", "description": "unnamed" }, "geometry": { "type": "LineString", "coordinates": [ [ 14.3954167, 40.6304925 ], [ 14.3954587, 40.6305044 ], [ 14.396136, 40.6307797 ] ] } },
{ "type": "Feature", "properties": { "name": "", "name_manual": "", "name_original": null, "highway": "service", "status": "unnamed", "description": "unnamed" }, "geometry": { "type": "LineString", "coordinates": [ [ 14.4134197, 40.6149833 ], [ 14.4136199, 40.6148784 ], [ 14.4136401, 40.6148539 ], [ 14.4136515, 40.614717 ], [ 14.4137675, 40.6145256 ], [ 14.4138084, 40.6144554 ], [ 14.4138955, 40.61418 ], [ 14.4139384, 40.6140721 ], [ 14.4139224, 40.6138379 ], [ 14.4139203, 40.6136735 ], [ 14.4137507, 40.613646 ], [ 14.4135341, 40.6136302 ], [ 14.413288, 40.6136552 ], [ 14.4131747, 40.6136577 ], [ 14.4130164, 40.6136358 ], [ 14.4129789, 40.6136206 ] ] } },
{ "type": "Feature", "properties": { "name": "", "name_manual": "", "name_original": null, "highway": "service", "status": "unnamed", "description": "unnamed" }, "geometry": { "type": "LineString", "coordinates": [ [ 14.4112621, 40.616394 ], [ 14.4112261, 40.6164485 ], [ 14.411068, 40.6166957 ], [ 14.4109803, 40.6167317 ], [ 14.4109297, 40.6167597 ], [ 14.4108907, 40.6167922 ] ] } },
{ "type": "Feature", "properties": { "name": "", "name_manual": "", "name_original": null, "highway": "service", "status": "unnamed", "description": "unnamed" }, "geometry": { "type": "LineString", "coordinates": [ [ 14.4089234, 40.6159091 ], [ 14.4090816, 40.6159478 ], [ 14.4091152, 40.6159636 ], [ 14.4091225, 40.6160033 ], [ 14.4091011, 40.6160633 ], [ 14.4090535, 40.6160933 ], [ 14.408969, 40.6161148 ], [ 14.4086316, 40.6161478 ], [ 14.4085854, 40.6161611 ], [ 14.4085834, 40.6161992 ], [ 14.4085995, 40.6162201 ], [ 14.4086498, 40.6162369 ], [ 14.4090267, 40.6162624 ], [ 14.4091058, 40.6162786 ], [ 14.409146, 40.6163169 ], [ 14.4091438, 40.6163784 ] ] } },
{ "type": "Feature", "properties": { "name": "", "name_manual": "", "name_original": null, "highway": "footway", "status": "unnamed", "description": "unnamed" }, "geometry": { "type": "LineString", "coordinates": [ [ 14.4063485, 40.6266816 ], [ 14.4063672, 40.6267216 ], [ 14.4064289, 40.6267735 ], [ 14.4065523, 40.6268163 ], [ 14.4069285, 40.6268847 ], [ 14.4070173, 40.6269199 ], [ 14.4070867, 40.6268906 ], [ 14.407135, 40.6268758 ], [ 14.4072289, 40.6269043 ], [ 14.4073288, 40.6269476 ], [ 14.4074479, 40.6269908 ] ] } },
{ "type": "Feature", "properties": { "name": "", "name_manual": "", "name_original": null, "highway": "footway", "status": "unnamed", "description": "unnamed" }, "geometry": { "type": "LineString", "coordinates": [ [ 14.3987997, 40.6392925 ], [ 14.3978322, 40.6392767 ], [ 14.3977361, 40.6388216 ], [ 14.3977024, 40.6386628 ], [ 14.3976936, 40.6383637 ], [ 14.3976857, 40.6380947 ], [ 14.3976768, 40.637827 ], [ 14.3985196, 40.6378064 ], [ 14.3985373, 40.6378069 ], [ 14.3985756, 40.6378003 ], [ 14.398699, 40.6377475 ], [ 14.3989071, 40.6376105 ] ] } },
{ "type": "Feature", "properties": { "name": "", "name_manual": "", "name_original": null, "highway": "footway", "status": "unnamed", "description": "unnamed" }, "geometry": { "type": "LineString", "coordinates": [ [ 14.3989071, 40.6376105 ], [ 14.3989889, 40.6375567 ], [ 14.399024, 40.6375808 ], [ 14.3990371, 40.637585 ], [ 14.3990837, 40.6376 ], [ 14.3992237, 40.6376075 ], [ 14.3992989, 40.6375834 ], [ 14.3993242, 40.6375717 ], [ 14.3993361, 40.6375579 ], [ 14.3993386, 40.6375459 ], [ 14.3993583, 40.6375094 ], [ 14.3993848, 40.6374977 ], [ 14.39942, 40.6375047 ], [ 14.3995839, 40.6375646 ], [ 14.3997956, 40.6375898 ], [ 14.3998359, 40.6375883 ], [ 14.3999957, 40.6375609 ], [ 14.4001058, 40.6375366 ], [ 14.4001813, 40.6375393 ] ] } },
{ "type": "Feature", "properties": { "name": "", "name_manual": "", "name_original": null, "highway": "footway", "status": "unnamed", "description": "unnamed" }, "geometry": { "type": "LineString", "coordinates": [ [ 14.4001388, 40.6377109 ], [ 14.4000035, 40.6377194 ], [ 14.3999957, 40.6375609 ] ] } },
{ "type": "Feature", "properties": { "name": "", "name_manual": "", "name_original": null, "highway": "footway", "status": "unnamed", "description": "unnamed" }, "geometry": { "type": "LineString", "coordinates": [ [ 14.4000035, 40.6377194 ], [ 14.4000046, 40.6377474 ], [ 14.3999938, 40.6380719 ], [ 14.3999297, 40.6382786 ], [ 14.3999091, 40.6384421 ], [ 14.3998831, 40.6385665 ], [ 14.3997875, 40.6390586 ] ] } },
{ "type": "Feature", "properties": { "name": "", "name_manual": "", "name_original": null, "highway": "service", "status": "unnamed", "description": "unnamed" }, "geometry": { "type": "LineString", "coordinates": [ [ 14.4000687, 40.6382333 ], [ 14.4000773, 40.6377638 ], [ 14.4001388, 40.6377109 ], [ 14.4001761, 40.6376876 ] ] } },
{ "type": "Feature", "properties": { "name": "", "name_manual": "", "name_original": null, "highway": "service", "status": "unnamed", "description": "unnamed" }, "geometry": { "type": "LineString", "coordinates": [ [ 14.4000639, 40.6384596 ], [ 14.4000687, 40.6382333 ] ] } },
{ "type": "Feature", "properties": { "name": "", "name_manual": "", "name_original": null, "highway": "footway", "status": "unnamed", "description": "unnamed" }, "geometry": { "type": "LineString", "coordinates": [ [ 14.3998993, 40.6394062 ], [ 14.3999125, 40.6394468 ], [ 14.3999129, 40.6394577 ], [ 14.3999915, 40.6394904 ], [ 14.4001577, 40.639678 ], [ 14.4002154, 40.6396589 ] ] } },
{ "type": "Feature", "properties": { "name": "", "name_manual": "", "name_original": null, "highway": "path", "status": "unnamed", "description": "unnamed" }, "geometry": { "type": "LineString", "coordinates": [ [ 14.4005577, 40.6403543 ], [ 14.399851, 40.6395187 ], [ 14.3998673, 40.6395014 ], [ 14.3998592, 40.6394861 ], [ 14.3998738, 40.6394726 ], [ 14.3998993, 40.6394062 ] ] } },
{ "type": "Feature", "properties": { "name": "", "name_manual": "", "name_original": null, "highway": "service", "status": "unnamed", "description": "unnamed" }, "geometry": { "type": "LineString", "coordinates": [ [ 14.3998993, 40.6394062 ], [ 14.399959, 40.6390817 ], [ 14.4000328, 40.6386699 ], [ 14.4000639, 40.6384596 ] ] } },
{ "type": "Feature", "properties": { "name": "", "name_manual": "", "name_original": null, "highway": "footway", "status": "unnamed", "description": "unnamed" }, "geometry": { "type": "LineString", "coordinates": [ [ 14.3916691, 40.6327869 ], [ 14.3916936, 40.6327758 ], [ 14.3917167, 40.6327654 ] ] } },
{ "type": "Feature", "properties": { "name": "", "name_manual": "", "name_original": null, "highway": "footway", "status": "unnamed", "description": "unnamed" }, "geometry": { "type": "LineString", "coordinates": [ [ 14.3931105, 40.6341346 ], [ 14.3928237, 40.6339945 ], [ 14.3928121, 40.6339876 ], [ 14.3927811, 40.6339693 ], [ 14.3924476, 40.633793 ], [ 14.3922098, 40.6337013 ], [ 14.3919307, 40.6336272 ], [ 14.3917922, 40.6336006 ], [ 14.3916939, 40.6335757 ], [ 14.391598, 40.6335428 ], [ 14.3912488, 40.6333686 ], [ 14.3912367, 40.6333567 ], [ 14.3912251, 40.633339 ], [ 14.3912164, 40.6333045 ], [ 14.39123, 40.6332671 ], [ 14.3912875, 40.6331875 ], [ 14.3913024, 40.6331643 ], [ 14.3913623, 40.6330577 ], [ 14.3914468, 40.6329586 ], [ 14.3914638, 40.6329386 ], [ 14.3915227, 40.6328951 ], [ 14.3916691, 40.6327869 ] ] } },
{ "type": "Feature", "properties": { "name": "", "name_manual": "", "name_original": null, "highway": "footway", "status": "unnamed", "description": "unnamed" }, "geometry": { "type": "LineString", "coordinates": [ [ 14.3918464, 40.6342055 ], [ 14.3918096, 40.6341912 ], [ 14.3917553, 40.6341702 ] ] } },
{ "type": "Feature", "properties": { "name": "", "name_manual": "", "name_original": null, "highway": "footway", "status": "unnamed", "description": "unnamed" }, "geometry": { "type": "LineString", "coordinates": [ [ 14.3914815, 40.6345684 ], [ 14.3915349, 40.6345913 ], [ 14.3915742, 40.6346081 ] ] } },
{ "type": "Feature", "properties": { "name": "", "name_manual": "", "name_original": null, "highway": "service", "status": "unnamed", "description": "unnamed" }, "geometry": { "type": "LineString", "coordinates": [ [ 14.3906257, 40.6340096 ], [ 14.3906772, 40.6340302 ], [ 14.3908084, 40.6340829 ] ] } },
{ "type": "Feature", "properties": { "name": "", "name_manual": "", "name_original": null, "highway": "service", "status": "unnamed", "description": "unnamed" }, "geometry": { "type": "LineString", "coordinates": [ [ 14.3915523, 40.6345639 ], [ 14.3915113, 40.6345417 ], [ 14.3915029, 40.6345372 ], [ 14.3914934, 40.634532 ], [ 14.3909653, 40.6342462 ], [ 14.3910478, 40.6341307 ] ] } },
{ "type": "Feature", "properties": { "name": "", "name_manual": "", "name_original": null, "highway": "service", "status": "unnamed", "description": "unnamed" }, "geometry": { "type": "LineString", "coordinates": [ [ 14.3924208, 40.6338346 ], [ 14.3924476, 40.633793 ], [ 14.3924591, 40.6337753 ], [ 14.3925251, 40.6336738 ], [ 14.39257, 40.633692 ] ] } },
{ "type": "Feature", "properties": { "name": "", "name_manual": "", "name_original": null, "highway": "footway", "status": "unnamed", "description": "unnamed" }, "geometry": { "type": "LineString", "coordinates": [ [ 14.3929972, 40.6342983 ], [ 14.3930609, 40.6341921 ], [ 14.3928773, 40.6341042 ], [ 14.392821, 40.6340747 ], [ 14.3928053, 40.6340664 ], [ 14.3926367, 40.6339778 ], [ 14.3926166, 40.6339672 ], [ 14.3925708, 40.6339431 ], [ 14.3925498, 40.6339321 ], [ 14.3924334, 40.6338708 ], [ 14.392408, 40.6338574 ], [ 14.3923284, 40.6338155 ], [ 14.3921949, 40.633759 ], [ 14.3921804, 40.6337577 ], [ 14.3921606, 40.6337623 ], [ 14.3921421, 40.633777 ], [ 14.3920976, 40.6338473 ], [ 14.39209, 40.6338591 ], [ 14.3920639, 40.6339005 ], [ 14.3919305, 40.634081 ], [ 14.3918464, 40.6342055 ], [ 14.3916428, 40.6345067 ], [ 14.3915742, 40.6346081 ], [ 14.3914136, 40.6348455 ], [ 14.3913968, 40.6348804 ], [ 14.3913895, 40.6349313 ], [ 14.3913985, 40.634978 ], [ 14.3914231, 40.6350159 ], [ 14.391432, 40.6350297 ], [ 14.391448, 40.635049 ], [ 14.3914821, 40.6350738 ], [ 14.391784, 40.6351965 ], [ 14.3918407, 40.635214 ], [ 14.3920384, 40.6352751 ], [ 14.3920734, 40.6352781 ], [ 14.3920933, 40.6352766 ], [ 14.39212, 40.6352682 ], [ 14.3922074, 40.635212 ] ] } },
{ "type": "Feature", "properties": { "name": "", "name_manual": "", "name_original": null, "highway": "footway", "status": "unnamed", "description": "unnamed" }, "geometry": { "type": "LineString", "coordinates": [ [ 14.3917892, 40.6352843 ], [ 14.3917945, 40.6352771 ], [ 14.391815, 40.6352492 ], [ 14.3918363, 40.63522 ], [ 14.3918407, 40.635214 ] ] } },
{ "type": "Feature", "properties": { "name": "", "name_manual": "", "name_original": null, "highway": "footway", "status": "unnamed", "description": "unnamed" }, "geometry": { "type": "LineString", "coordinates": [ [ 14.3911264, 40.6349255 ], [ 14.3911392, 40.6349305 ], [ 14.3912567, 40.634976 ], [ 14.391448, 40.635049 ] ] } },
{ "type": "Feature", "properties": { "name": "", "name_manual": "", "name_original": null, "highway": "footway", "status": "unnamed", "description": "unnamed" }, "geometry": { "type": "LineString", "coordinates": [ [ 14.3898695, 40.6350013 ], [ 14.3898874, 40.6349426 ], [ 14.3899379, 40.6348931 ] ] } },
{ "type": "Feature", "properties": { "name": "", "name_manual": "", "name_original": null, "highway": "footway", "status": "unnamed", "description": "unnamed" }, "geometry": { "type": "LineString", "coordinates": [ [ 14.3899675, 40.6352272 ], [ 14.3900585, 40.6351304 ], [ 14.3898695, 40.6350013 ] ] } },
{ "type": "Feature", "properties": { "name": "", "name_manual": "", "name_original": null, "highway": "footway", "status": "unnamed", "description": "unnamed" }, "geometry": { "type": "LineString", "coordinates": [ [ 14.3927442, 40.6355338 ], [ 14.3927109, 40.635579 ], [ 14.3926902, 40.6356071 ] ] } },
{ "type": "Feature", "properties": { "name": "", "name_manual": "", "name_original": null, "highway": "service", "status": "unnamed", "description": "unnamed" }, "geometry": { "type": "LineString", "coordinates": [ [ 14.3928684, 40.6354003 ], [ 14.3927504, 40.6355262 ], [ 14.3927442, 40.6355338 ] ] } },
{ "type": "Feature", "properties": { "name": "", "name_manual": "", "name_original": null, "highway": "service", "status": "unnamed", "description": "unnamed" }, "geometry": { "type": "LineString", "coordinates": [ [ 14.3929682, 40.6356893 ], [ 14.3929996, 40.6356446 ], [ 14.3930054, 40.6356362 ], [ 14.3930856, 40.635526 ] ] } },
{ "type": "Feature", "properties": { "name": "", "name_manual": "", "name_original": null, "highway": "service", "status": "unnamed", "description": "unnamed" }, "geometry": { "type": "LineString", "coordinates": [ [ 14.3924982, 40.6354879 ], [ 14.3925331, 40.6354451 ], [ 14.3925394, 40.6354375 ], [ 14.3926296, 40.6353332 ] ] } },
{ "type": "Feature", "properties": { "name": "", "name_manual": "", "name_original": null, "highway": "footway", "status": "unnamed", "description": "unnamed" }, "geometry": { "type": "LineString", "coordinates": [ [ 14.3923453, 40.6354568 ], [ 14.3923416, 40.6354629 ], [ 14.3923325, 40.6354781 ], [ 14.3926068, 40.6356338 ] ] } },
{ "type": "Feature", "properties": { "name": "", "name_manual": "", "name_original": null, "highway": "service", "status": "unnamed", "description": "unnamed" }, "geometry": { "type": "LineString", "coordinates": [ [ 14.3920403, 40.6353893 ], [ 14.392026, 40.63541 ] ] } },
{ "type": "Feature", "properties": { "name": "", "name_manual": "", "name_original": null, "highway": "service", "status": "unnamed", "description": "unnamed" }, "geometry": { "type": "LineString", "coordinates": [ [ 14.3920748, 40.6353312 ], [ 14.3920453, 40.6353812 ], [ 14.3920403, 40.6353893 ] ] } },
{ "type": "Feature", "properties": { "name": "", "name_manual": "", "name_original": null, "highway": "service", "status": "unnamed", "description": "unnamed" }, "geometry": { "type": "LineString", "coordinates": [ [ 14.392026, 40.63541 ], [ 14.3917807, 40.6357799 ], [ 14.3916406, 40.635986 ], [ 14.3915822, 40.6361102 ], [ 14.3917613, 40.6362491 ] ] } },
{ "type": "Feature", "properties": { "name": "", "name_manual": "", "name_original": null, "highway": "footway", "status": "unnamed", "description": "unnamed" }, "geometry": { "type": "LineString", "coordinates": [ [ 14.3920734, 40.6352781 ], [ 14.3920927, 40.6352834 ], [ 14.392179, 40.6353072 ], [ 14.3922813, 40.6353355 ], [ 14.3922998, 40.6353406 ] ] } },
{ "type": "Feature", "properties": { "name": "", "name_manual": "", "name_original": null, "highway": "footway", "status": "unnamed", "description": "unnamed" }, "geometry": { "type": "LineString", "coordinates": [ [ 14.3912543, 40.6350792 ], [ 14.3912754, 40.6350775 ], [ 14.3913045, 40.6350814 ], [ 14.3913834, 40.6351142 ], [ 14.3917151, 40.6352508 ], [ 14.3917892, 40.6352843 ], [ 14.3919248, 40.6353457 ], [ 14.3919116, 40.6353639 ] ] } },
{ "type": "Feature", "properties": { "name": "", "name_manual": "", "name_original": null, "highway": "footway", "status": "unnamed", "description": "unnamed" }, "geometry": { "type": "LineString", "coordinates": [ [ 14.3911423, 40.6350375 ], [ 14.3911983, 40.6350584 ], [ 14.3912543, 40.6350792 ] ] } },
{ "type": "Feature", "properties": { "name": "", "name_manual": "", "name_original": null, "highway": "service", "status": "unnamed", "description": "unnamed" }, "geometry": { "type": "LineString", "coordinates": [ [ 14.3922675, 40.6351917 ], [ 14.3922211, 40.6351497 ], [ 14.3922052, 40.6350645 ], [ 14.3922749, 40.6349739 ], [ 14.3922917, 40.6349769 ] ] } },
{ "type": "Feature", "properties": { "name": "", "name_manual": "", "name_original": null, "highway": "footway", "status": "unnamed", "description": "unnamed" }, "geometry": { "type": "LineString", "coordinates": [ [ 14.399797, 40.626486 ], [ 14.3997999, 40.6264869 ], [ 14.39984, 40.6264956 ] ] } },
{ "type": "Feature", "properties": { "name": "", "name_manual": "", "name_original": null, "highway": "service", "status": "unnamed", "description": "unnamed" }, "geometry": { "type": "LineString", "coordinates": [ [ 14.3975736, 40.6263099 ], [ 14.3980873, 40.6264193 ], [ 14.39866, 40.6264782 ] ] } },
{ "type": "Feature", "properties": { "name": "", "name_manual": "", "name_original": null, "highway": "service", "status": "unnamed", "description": "unnamed" }, "geometry": { "type": "LineString", "coordinates": [ [ 14.3969187, 40.6261652 ], [ 14.3970716, 40.6261973 ], [ 14.3975736, 40.6263099 ], [ 14.3976514, 40.6260722 ], [ 14.3981785, 40.6261328 ], [ 14.3987082, 40.6262193 ], [ 14.39866, 40.6264782 ], [ 14.398656, 40.6264998 ], [ 14.3986591, 40.626552 ] ] } },
{ "type": "Feature", "properties": { "name": "", "name_manual": "", "name_original": null, "highway": "service", "status": "unnamed", "description": "unnamed" }, "geometry": { "type": "LineString", "coordinates": [ [ 14.395867, 40.6270273 ], [ 14.3958567, 40.6270171 ], [ 14.3958342, 40.6269948 ], [ 14.3956744, 40.6270876 ], [ 14.3956068, 40.6270206 ], [ 14.3957648, 40.6269288 ] ] } },
{ "type": "Feature", "properties": { "name": "", "name_manual": "", "name_original": null, "highway": "service", "status": "unnamed", "description": "unnamed" }, "geometry": { "type": "LineString", "coordinates": [ [ 14.3985617, 40.6265428 ], [ 14.3985395, 40.6265407 ] ] } },
{ "type": "Feature", "properties": { "name": "", "name_manual": "", "name_original": null, "highway": "service", "status": "unnamed", "description": "unnamed" }, "geometry": { "type": "LineString", "coordinates": [ [ 14.3988286, 40.6267493 ], [ 14.3988541, 40.6267197 ], [ 14.3986971, 40.626643 ], [ 14.3986137, 40.6266026 ] ] } },
{ "type": "Feature", "properties": { "name": "", "name_manual": "", "name_original": null, "highway": "service", "status": "unnamed", "description": "unnamed" }, "geometry": { "type": "LineString", "coordinates": [ [ 14.3986634, 40.6265916 ], [ 14.3986591, 40.626552 ], [ 14.3985617, 40.6265428 ] ] } },
{ "type": "Feature", "properties": { "name": "", "name_manual": "", "name_original": null, "highway": "footway", "status": "unnamed", "description": "unnamed" }, "geometry": { "type": "LineString", "coordinates": [ [ 14.3971686, 40.6266014 ], [ 14.3972967, 40.6266516 ], [ 14.3973572, 40.6266737 ], [ 14.3973912, 40.6266861 ], [ 14.397529, 40.6267359 ], [ 14.3975852, 40.6267523 ], [ 14.3976418, 40.6267687 ], [ 14.3977641, 40.6267791 ], [ 14.3978437, 40.6267713 ], [ 14.3979102, 40.6267647 ], [ 14.3982388, 40.6266877 ], [ 14.398529, 40.6265987 ], [ 14.3985526, 40.6265941 ], [ 14.3986591, 40.626552 ] ] } },
{ "type": "Feature", "properties": { "name": "", "name_manual": "", "name_original": null, "highway": "service", "status": "unnamed", "description": "unnamed" }, "geometry": { "type": "LineString", "coordinates": [ [ 14.3973951, 40.6265377 ], [ 14.397364, 40.6266468 ], [ 14.3973572, 40.6266737 ], [ 14.3973504, 40.6267005 ] ] } },
{ "type": "Feature", "properties": { "name": "", "name_manual": "", "name_original": null, "highway": "service", "status": "unnamed", "description": "unnamed" }, "geometry": { "type": "LineString", "coordinates": [ [ 14.3976202, 40.6266356 ], [ 14.3975916, 40.6267274 ], [ 14.3975852, 40.6267523 ], [ 14.3975786, 40.6267778 ] ] } },
{ "type": "Feature", "properties": { "name": "", "name_manual": "", "name_original": null, "highway": "service", "status": "unnamed", "description": "unnamed" }, "geometry": { "type": "LineString", "coordinates": [ [ 14.397882, 40.6266321 ], [ 14.3978547, 40.6267346 ], [ 14.3978437, 40.6267713 ], [ 14.3978352, 40.6267995 ] ] } },
{ "type": "Feature", "properties": { "name": "", "name_manual": "", "name_original": null, "highway": "service", "status": "unnamed", "description": "unnamed" }, "geometry": { "type": "LineString", "coordinates": [ [ 14.3971677, 40.6264329 ], [ 14.3971299, 40.6265652 ], [ 14.3971182, 40.6266113 ] ] } },
{ "type": "Feature", "properties": { "name": "", "name_manual": "", "name_original": null, "highway": "service", "status": "unnamed", "description": "unnamed" }, "geometry": { "type": "LineString", "coordinates": [ [ 14.3985395, 40.6265407 ], [ 14.3980685, 40.6264885 ], [ 14.3976018, 40.6263878 ], [ 14.3973993, 40.6263135 ], [ 14.3970524, 40.6262302 ], [ 14.3969285, 40.6262239 ], [ 14.3968344, 40.6263826 ], [ 14.3967608, 40.626472 ] ] } },
{ "type": "Feature", "properties": { "name": "", "name_manual": "", "name_original": null, "highway": "steps", "status": "unnamed", "description": "unnamed" }, "geometry": { "type": "LineString", "coordinates": [ [ 14.3998083, 40.6264678 ], [ 14.3998055, 40.6264666 ], [ 14.3997509, 40.6264585 ], [ 14.3995859, 40.626445 ] ] } },
{ "type": "Feature", "properties": { "name": "", "name_manual": "", "name_original": null, "highway": "footway", "status": "unnamed", "description": "unnamed" }, "geometry": { "type": "LineString", "coordinates": [ [ 14.3997643, 40.6265319 ], [ 14.399797, 40.626486 ], [ 14.3998083, 40.6264678 ], [ 14.3998199, 40.6264493 ] ] } },
{ "type": "Feature", "properties": { "name": "", "name_manual": "", "name_original": null, "highway": "footway", "status": "unnamed", "description": "unnamed" }, "geometry": { "type": "LineString", "coordinates": [ [ 14.3965383, 40.6277929 ], [ 14.3965047, 40.6277093 ], [ 14.3964618, 40.6276056 ], [ 14.3964482, 40.6275609 ], [ 14.3964574, 40.6275208 ], [ 14.3964804, 40.6275002 ], [ 14.3965125, 40.6274886 ], [ 14.3965582, 40.62749 ], [ 14.396635, 40.6275206 ], [ 14.3969577, 40.6276585 ], [ 14.3973534, 40.6278247 ], [ 14.3974663, 40.6278743 ], [ 14.3973765, 40.6279847 ] ] } },
{ "type": "Feature", "properties": { "name": "", "name_manual": "", "name_original": null, "highway": "footway", "status": "unnamed", "description": "unnamed" }, "geometry": { "type": "LineString", "coordinates": [ [ 14.3954753, 40.6279345 ], [ 14.3955593, 40.6278023 ] ] } },
{ "type": "Feature", "properties": { "name": "", "name_manual": "", "name_original": null, "highway": "footway", "status": "unnamed", "description": "unnamed" }, "geometry": { "type": "LineString", "coordinates": [ [ 14.3957296, 40.6280277 ], [ 14.3958305, 40.6278742 ] ] } },
{ "type": "Feature", "properties": { "name": "", "name_manual": "", "name_original": null, "highway": "footway", "status": "unnamed", "description": "unnamed" }, "geometry": { "type": "LineString", "coordinates": [ [ 14.396309, 40.6279288 ], [ 14.3966868, 40.6284119 ] ] } },
{ "type": "Feature", "properties": { "name": "", "name_manual": "", "name_original": null, "highway": "footway", "status": "unnamed", "description": "unnamed" }, "geometry": { "type": "LineString", "coordinates": [ [ 14.3963656, 40.627509 ], [ 14.3963563, 40.6275199 ], [ 14.3962463, 40.6276381 ] ] } },
{ "type": "Feature", "properties": { "name": "", "name_manual": "", "name_original": null, "highway": "footway", "status": "unnamed", "description": "unnamed" }, "geometry": { "type": "LineString", "coordinates": [ [ 14.3960496, 40.6275048 ], [ 14.3960464, 40.6274949 ], [ 14.3961649, 40.6273526 ] ] } },
{ "type": "Feature", "properties": { "name": "", "name_manual": "", "name_original": null, "highway": "footway", "status": "unnamed", "description": "unnamed" }, "geometry": { "type": "LineString", "coordinates": [ [ 14.3958292, 40.6273846 ], [ 14.3958196, 40.6273591 ], [ 14.3958522, 40.6272809 ] ] } },
{ "type": "Feature", "properties": { "name": "", "name_manual": "", "name_original": null, "highway": "footway", "status": "unnamed", "description": "unnamed" }, "geometry": { "type": "LineString", "coordinates": [ [ 14.3955026, 40.6273952 ], [ 14.3955338, 40.6273517 ], [ 14.3956047, 40.6273353 ], [ 14.3958289, 40.6272832 ], [ 14.3958522, 40.6272809 ], [ 14.3958865, 40.6272774 ], [ 14.3961229, 40.6273274 ], [ 14.3961649, 40.6273526 ], [ 14.3961987, 40.6273728 ], [ 14.3963572, 40.6274882 ], [ 14.3963656, 40.627509 ], [ 14.3963763, 40.6275293 ], [ 14.3964323, 40.6276494 ], [ 14.3964966, 40.6277973 ] ] } },
{ "type": "Feature", "properties": { "name": "", "name_manual": "", "name_original": null, "highway": "service", "status": "unnamed", "description": "unnamed" }, "geometry": { "type": "LineString", "coordinates": [ [ 14.3944768, 40.627905 ], [ 14.3946433, 40.6279573 ], [ 14.394817, 40.6280336 ], [ 14.3947627, 40.6280967 ], [ 14.3951134, 40.6282525 ] ] } },
{ "type": "Feature", "properties": { "name": "", "name_manual": "", "name_original": null, "highway": "service", "status": "unnamed", "description": "unnamed" }, "geometry": { "type": "LineString", "coordinates": [ [ 14.3945132, 40.6278794 ], [ 14.394579, 40.6278656 ], [ 14.3947385, 40.6277853 ], [ 14.3948592, 40.6278265 ] ] } },
{ "type": "Feature", "properties": { "name": "", "name_manual": "", "name_original": null, "highway": "service", "status": "unnamed", "description": "unnamed" }, "geometry": { "type": "LineString", "coordinates": [ [ 14.3973484, 40.6287217 ], [ 14.3972668, 40.6286619 ], [ 14.3968112, 40.6284601 ], [ 14.3966868, 40.6284119 ], [ 14.3964576, 40.628323 ], [ 14.3964417, 40.6283054 ], [ 14.3964323, 40.628283 ], [ 14.396439, 40.6282627 ], [ 14.3964616, 40.628249 ] ] } },
{ "type": "Feature", "properties": { "name": "", "name_manual": "", "name_original": null, "highway": "footway", "status": "unnamed", "description": "unnamed" }, "geometry": { "type": "LineString", "coordinates": [ [ 14.3974347, 40.6280233 ], [ 14.397778, 40.6281711 ], [ 14.397799, 40.6281947 ], [ 14.3978052, 40.6282168 ] ] } },
{ "type": "Feature", "properties": { "name": "", "name_manual": "", "name_original": null, "highway": "footway", "status": "unnamed", "description": "unnamed" }, "geometry": { "type": "LineString", "coordinates": [ [ 14.3980087, 40.6280151 ], [ 14.3981329, 40.6279082 ], [ 14.3981692, 40.627869 ] ] } },
{ "type": "Feature", "properties": { "name": "", "name_manual": "", "name_original": null, "highway": "footway", "status": "unnamed", "description": "unnamed" }, "geometry": { "type": "LineString", "coordinates": [ [ 14.3979617, 40.6280564 ], [ 14.3979826, 40.628038 ], [ 14.3980087, 40.6280151 ] ] } },
{ "type": "Feature", "properties": { "name": "", "name_manual": "", "name_original": null, "highway": "service", "status": "unnamed", "description": "unnamed" }, "geometry": { "type": "LineString", "coordinates": [ [ 14.3980283, 40.6280618 ], [ 14.3979826, 40.628038 ], [ 14.3979242, 40.6280075 ] ] } },
{ "type": "Feature", "properties": { "name": "", "name_manual": "", "name_original": null, "highway": "footway", "status": "unnamed", "description": "unnamed" }, "geometry": { "type": "LineString", "coordinates": [ [ 14.3974837, 40.6279564 ], [ 14.3977952, 40.6280956 ], [ 14.3978266, 40.6281012 ], [ 14.3978648, 40.6281018 ], [ 14.3979062, 40.6280909 ], [ 14.3979362, 40.6280768 ], [ 14.3979617, 40.6280564 ] ] } },
{ "type": "Feature", "properties": { "name": "", "name_manual": "", "name_original": null, "highway": "footway", "status": "unnamed", "description": "unnamed" }, "geometry": { "type": "LineString", "coordinates": [ [ 14.3981784, 40.627833 ], [ 14.3981969, 40.6278428 ], [ 14.3982143, 40.627852 ] ] } },
{ "type": "Feature", "properties": { "name": "", "name_manual": "", "name_original": null, "highway": "footway", "status": "unnamed", "description": "unnamed" }, "geometry": { "type": "LineString", "coordinates": [ [ 14.3981692, 40.627869 ], [ 14.3981969, 40.6278428 ], [ 14.3982241, 40.6278169 ] ] } },
{ "type": "Feature", "properties": { "name": "", "name_manual": "", "name_original": null, "highway": "footway", "status": "unnamed", "description": "unnamed" }, "geometry": { "type": "LineString", "coordinates": [ [ 14.3982241, 40.6278169 ], [ 14.3982663, 40.6278016 ], [ 14.398343, 40.6277337 ], [ 14.3985677, 40.6275348 ] ] } },
{ "type": "Feature", "properties": { "name": "", "name_manual": "", "name_original": null, "highway": "steps", "status": "unnamed", "description": "unnamed" }, "geometry": { "type": "LineString", "coordinates": [ [ 14.3977593, 40.6276108 ], [ 14.397811, 40.6275546 ] ] } },
{ "type": "Feature", "properties": { "name": "", "name_manual": "", "name_original": null, "highway": "footway", "status": "unnamed", "description": "unnamed" }, "geometry": { "type": "LineString", "coordinates": [ [ 14.397811, 40.6275546 ], [ 14.3978549, 40.6275069 ] ] } },
{ "type": "Feature", "properties": { "name": "", "name_manual": "", "name_original": null, "highway": "footway", "status": "unnamed", "description": "unnamed" }, "geometry": { "type": "LineString", "coordinates": [ [ 14.3977101, 40.6276643 ], [ 14.397667, 40.6277111 ] ] } },
{ "type": "Feature", "properties": { "name": "", "name_manual": "", "name_original": null, "highway": "footway", "status": "unnamed", "description": "unnamed" }, "geometry": { "type": "LineString", "coordinates": [ [ 14.398343, 40.6277337 ], [ 14.3983353, 40.6277296 ], [ 14.3982406, 40.6276787 ] ] } },
{ "type": "Feature", "properties": { "name": "", "name_manual": "", "name_original": null, "highway": "footway", "status": "unnamed", "description": "unnamed" }, "geometry": { "type": "LineString", "coordinates": [ [ 14.3980235, 40.6277509 ], [ 14.3980791, 40.6276904 ], [ 14.3981806, 40.6277441 ], [ 14.3982406, 40.6276787 ], [ 14.3983013, 40.6276126 ] ] } },
{ "type": "Feature", "properties": { "name": "", "name_manual": "", "name_original": null, "highway": "footway", "status": "unnamed", "description": "unnamed" }, "geometry": { "type": "LineString", "coordinates": [ [ 14.397801, 40.6277302 ], [ 14.3978612, 40.6276648 ], [ 14.3979248, 40.6275957 ] ] } },
{ "type": "Feature", "properties": { "name": "", "name_manual": "", "name_original": null, "highway": "steps", "status": "unnamed", "description": "unnamed" }, "geometry": { "type": "LineString", "coordinates": [ [ 14.3977593, 40.6276108 ], [ 14.3977101, 40.6276643 ] ] } },
{ "type": "Feature", "properties": { "name": "", "name_manual": "", "name_original": null, "highway": "footway", "status": "unnamed", "description": "unnamed" }, "geometry": { "type": "LineString", "coordinates": [ [ 14.3977593, 40.6276108 ], [ 14.3978612, 40.6276648 ], [ 14.3980235, 40.6277509 ], [ 14.3981784, 40.627833 ] ] } },
{ "type": "Feature", "properties": { "name": "", "name_manual": "", "name_original": null, "highway": "service", "status": "unnamed", "description": "unnamed" }, "geometry": { "type": "LineString", "coordinates": [ [ 14.3979002, 40.6281812 ], [ 14.3978558, 40.6281619 ], [ 14.3974593, 40.6279897 ] ] } },
{ "type": "Feature", "properties": { "name": "", "name_manual": "", "name_original": null, "highway": "service", "status": "unnamed", "description": "unnamed" }, "geometry": { "type": "LineString", "coordinates": [ [ 14.3974593, 40.6279897 ], [ 14.3973765, 40.6279847 ], [ 14.3972762, 40.6279787 ], [ 14.3970801, 40.6280102 ], [ 14.3965383, 40.6277929 ], [ 14.3964966, 40.6277973 ], [ 14.3961936, 40.6278255 ], [ 14.3960977, 40.627796 ], [ 14.3960602, 40.6277059 ], [ 14.3959348, 40.6276453 ], [ 14.3958852, 40.6275899 ], [ 14.3956364, 40.6274972 ], [ 14.3955026, 40.6273952 ], [ 14.3954884, 40.6273844 ], [ 14.3954126, 40.6273155 ] ] } },
{ "type": "Feature", "properties": { "name": "", "name_manual": "", "name_original": null, "highway": "footway", "status": "unnamed", "description": "unnamed" }, "geometry": { "type": "LineString", "coordinates": [ [ 14.4011778, 40.6299441 ], [ 14.4012735, 40.6299618 ], [ 14.4013535, 40.6299817 ] ] } },
{ "type": "Feature", "properties": { "name": "", "name_manual": "", "name_original": null, "highway": "service", "status": "unnamed", "description": "unnamed" }, "geometry": { "type": "LineString", "coordinates": [ [ 14.4007958, 40.6296322 ], [ 14.4007317, 40.6296343 ], [ 14.4007215, 40.6296346 ], [ 14.4006106, 40.6296382 ], [ 14.4005207, 40.6296275 ] ] } },
{ "type": "Feature", "properties": { "name": "", "name_manual": "", "name_original": null, "highway": "service", "status": "unnamed", "description": "unnamed" }, "geometry": { "type": "LineString", "coordinates": [ [ 14.4006057, 40.6291176 ], [ 14.4006332, 40.6290992 ], [ 14.40064, 40.6290945 ], [ 14.4006463, 40.6290901 ], [ 14.4006519, 40.6290862 ], [ 14.4007634, 40.6290026 ] ] } },
{ "type": "Feature", "properties": { "name": "", "name_manual": "", "name_original": null, "highway": "service", "status": "unnamed", "description": "unnamed" }, "geometry": { "type": "LineString", "coordinates": [ [ 14.4007707, 40.6293517 ], [ 14.4007949, 40.6293526 ], [ 14.4008835, 40.6293558 ], [ 14.4009981, 40.6293268 ], [ 14.4010364, 40.6293024 ], [ 14.4010136, 40.6292372 ] ] } },
{ "type": "Feature", "properties": { "name": "", "name_manual": "", "name_original": null, "highway": "footway", "status": "unnamed", "description": "unnamed" }, "geometry": { "type": "LineString", "coordinates": [ [ 14.4006869, 40.6293868 ], [ 14.4007148, 40.6293793 ] ] } },
{ "type": "Feature", "properties": { "name": "", "name_manual": "", "name_original": null, "highway": "footway", "status": "unnamed", "description": "unnamed" }, "geometry": { "type": "LineString", "coordinates": [ [ 14.4006512, 40.6293449 ], [ 14.4007057, 40.6292851 ] ] } },
{ "type": "Feature", "properties": { "name": "", "name_manual": "", "name_original": null, "highway": "footway", "status": "unnamed", "description": "unnamed" }, "geometry": { "type": "LineString", "coordinates": [ [ 14.4006759, 40.6293414 ], [ 14.4006966, 40.6293523 ], [ 14.4007012, 40.6293711 ], [ 14.4006869, 40.6293868 ], [ 14.4006622, 40.6293902 ], [ 14.4006415, 40.6293794 ], [ 14.4006369, 40.6293606 ], [ 14.4006512, 40.6293449 ], [ 14.4006759, 40.6293414 ] ] } },
{ "type": "Feature", "properties": { "name": "", "name_manual": "", "name_original": null, "highway": "service", "status": "unnamed", "description": "unnamed" }, "geometry": { "type": "LineString", "coordinates": [ [ 14.4005432, 40.6290649 ], [ 14.4005168, 40.6290865 ], [ 14.4005105, 40.6290912 ], [ 14.4005043, 40.629096 ], [ 14.4004825, 40.6291085 ], [ 14.4004074, 40.6291115 ], [ 14.4003343, 40.6291736 ] ] } },
{ "type": "Feature", "properties": { "name": "", "name_manual": "", "name_original": null, "highway": "footway", "status": "unnamed", "description": "unnamed" }, "geometry": { "type": "LineString", "coordinates": [ [ 14.4007194, 40.6294268 ], [ 14.4007148, 40.6293793 ], [ 14.4007057, 40.6292851 ], [ 14.4007096, 40.6292624 ] ] } },
{ "type": "Feature", "properties": { "name": "", "name_manual": "", "name_original": null, "highway": "footway", "status": "unnamed", "description": "unnamed" }, "geometry": { "type": "LineString", "coordinates": [ [ 14.4007221, 40.6294705 ], [ 14.4007194, 40.6294268 ] ] } },
{ "type": "Feature", "properties": { "name": "", "name_manual": "", "name_original": null, "highway": "footway", "status": "unnamed", "description": "unnamed" }, "geometry": { "type": "LineString", "coordinates": [ [ 14.4002561, 40.6289668 ], [ 14.4003969, 40.6290746 ], [ 14.4004868, 40.6290721 ], [ 14.4005105, 40.6290912 ], [ 14.4006921, 40.6292377 ], [ 14.4007021, 40.6292502 ], [ 14.4007096, 40.6292624 ] ] } },
{ "type": "Feature", "properties": { "name": "", "name_manual": "", "name_original": null, "highway": "footway", "status": "unnamed", "description": "unnamed" }, "geometry": { "type": "LineString", "coordinates": [ [ 14.4008017, 40.6292451 ], [ 14.400785, 40.6292154 ], [ 14.400654, 40.6291072 ], [ 14.40064, 40.6290945 ], [ 14.4005644, 40.6290195 ], [ 14.4005513, 40.6290032 ], [ 14.400574, 40.6289617 ], [ 14.4005731, 40.6289515 ], [ 14.4005618, 40.6289371 ], [ 14.4005102, 40.6288782 ], [ 14.4004378, 40.6288058 ] ] } },
{ "type": "Feature", "properties": { "name": "", "name_manual": "", "name_original": null, "highway": "footway", "status": "unnamed", "description": "unnamed" }, "geometry": { "type": "LineString", "coordinates": [ [ 14.4003795, 40.6286676 ], [ 14.4003979, 40.6286395 ], [ 14.4005738, 40.6283489 ], [ 14.4005817, 40.628352 ], [ 14.4006361, 40.6283723 ], [ 14.4006675, 40.6283868 ], [ 14.4006961, 40.6283363 ], [ 14.4007082, 40.628315 ], [ 14.4008247, 40.6281099 ] ] } },
{ "type": "Feature", "properties": { "name": "", "name_manual": "", "name_original": null, "highway": "service", "status": "unnamed", "description": "unnamed" }, "geometry": { "type": "LineString", "coordinates": [ [ 14.4006496, 40.6283475 ], [ 14.4006108, 40.6283342 ], [ 14.4003907, 40.6282472 ], [ 14.4003106, 40.6283638 ] ] } },
{ "type": "Feature", "properties": { "name": "", "name_manual": "", "name_original": null, "highway": "service", "status": "unnamed", "description": "unnamed" }, "geometry": { "type": "LineString", "coordinates": [ [ 14.4004494, 40.628692 ], [ 14.4003795, 40.6286676 ], [ 14.4001463, 40.6285893 ] ] } },
{ "type": "Feature", "properties": { "name": "", "name_manual": "", "name_original": null, "highway": "service", "status": "unnamed", "description": "unnamed" }, "geometry": { "type": "LineString", "coordinates": [ [ 14.4007011, 40.6283388 ], [ 14.4006961, 40.6283363 ], [ 14.4006653, 40.6283208 ] ] } },
{ "type": "Feature", "properties": { "name": "", "name_manual": "", "name_original": null, "highway": "service", "status": "unnamed", "description": "unnamed" }, "geometry": { "type": "LineString", "coordinates": [ [ 14.4007584, 40.6283593 ], [ 14.4007011, 40.6283388 ] ] } },
{ "type": "Feature", "properties": { "name": "", "name_manual": "", "name_original": null, "highway": "service", "status": "unnamed", "description": "unnamed" }, "geometry": { "type": "LineString", "coordinates": [ [ 14.4006653, 40.6283208 ], [ 14.4006295, 40.6283028 ], [ 14.400347, 40.6281878 ] ] } },
{ "type": "Feature", "properties": { "name": "", "name_manual": "", "name_original": null, "highway": "service", "status": "unnamed", "description": "unnamed" }, "geometry": { "type": "LineString", "coordinates": [ [ 14.4008258, 40.6283878 ], [ 14.4010136, 40.628395 ], [ 14.4017015, 40.6286891 ] ] } },
{ "type": "Feature", "properties": { "name": "", "name_manual": "", "name_original": null, "highway": "service", "status": "unnamed", "description": "unnamed" }, "geometry": { "type": "LineString", "coordinates": [ [ 14.4016345, 40.6287614 ], [ 14.4008446, 40.6284123 ], [ 14.4008258, 40.6283878 ], [ 14.4007584, 40.6283593 ] ] } },
{ "type": "Feature", "properties": { "name": "", "name_manual": "", "name_original": null, "highway": "service", "status": "unnamed", "description": "unnamed" }, "geometry": { "type": "LineString", "coordinates": [ [ 14.4001463, 40.6285893 ], [ 14.3999863, 40.6285212 ], [ 14.3999487, 40.6284448 ], [ 14.4000117, 40.628337 ] ] } },
{ "type": "Feature", "properties": { "name": "", "name_manual": "", "name_original": null, "highway": "service", "status": "unnamed", "description": "unnamed" }, "geometry": { "type": "LineString", "coordinates": [ [ 14.3969188, 40.6292994 ], [ 14.397233, 40.6294912 ] ] } },
{ "type": "Feature", "properties": { "name": "", "name_manual": "", "name_original": null, "highway": "service", "status": "unnamed", "description": "unnamed" }, "geometry": { "type": "LineString", "coordinates": [ [ 14.396796, 40.6292017 ], [ 14.3969188, 40.6292994 ] ] } },
{ "type": "Feature", "properties": { "name": "", "name_manual": "", "name_original": null, "highway": "service", "status": "unnamed", "description": "unnamed" }, "geometry": { "type": "LineString", "coordinates": [ [ 14.396771, 40.6291776 ], [ 14.396796, 40.6292017 ] ] } },
{ "type": "Feature", "properties": { "name": "", "name_manual": "", "name_original": null, "highway": "footway", "status": "unnamed", "description": "unnamed" }, "geometry": { "type": "LineString", "coordinates": [ [ 14.3967179, 40.6291037 ], [ 14.3967179, 40.6290978 ], [ 14.3967222, 40.6290945 ], [ 14.39682, 40.6290847 ], [ 14.3968274, 40.6290859 ], [ 14.3968327, 40.6290896 ], [ 14.3968349, 40.6290948 ], [ 14.3968327, 40.6290989 ], [ 14.3967841, 40.6291395 ], [ 14.3967807, 40.6291418 ], [ 14.3967741, 40.6291421 ], [ 14.3967179, 40.6291037 ] ] } },
{ "type": "Feature", "properties": { "name": "", "name_manual": "", "name_original": null, "highway": "footway", "status": "unnamed", "description": "unnamed" }, "geometry": { "type": "LineString", "coordinates": [ [ 14.3973249, 40.628794 ], [ 14.3972021, 40.6288923 ], [ 14.3971313, 40.628949 ] ] } },
{ "type": "Feature", "properties": { "name": "", "name_manual": "", "name_original": null, "highway": "footway", "status": "unnamed", "description": "unnamed" }, "geometry": { "type": "LineString", "coordinates": [ [ 14.396393, 40.629093 ], [ 14.3966521, 40.6292312 ], [ 14.3966712, 40.629244 ] ] } },
{ "type": "Feature", "properties": { "name": "", "name_manual": "", "name_original": null, "highway": "footway", "status": "unnamed", "description": "unnamed" }, "geometry": { "type": "LineString", "coordinates": [ [ 14.3967402, 40.6291976 ], [ 14.3967266, 40.629183 ], [ 14.3966763, 40.6291361 ], [ 14.3965834, 40.6290948 ], [ 14.3964484, 40.6290907 ], [ 14.396393, 40.629093 ], [ 14.3963623, 40.6290943 ], [ 14.3963406, 40.6290949 ], [ 14.3960494, 40.6291032 ], [ 14.3960217, 40.629104 ], [ 14.3957841, 40.6291134 ], [ 14.395721, 40.629119 ], [ 14.3956906, 40.6291253 ], [ 14.395658, 40.6291321 ], [ 14.3956012, 40.6291452 ], [ 14.3954917, 40.6291828 ], [ 14.395412, 40.6292224 ], [ 14.3953361, 40.6292736 ], [ 14.395309, 40.6292967 ], [ 14.3952446, 40.6293671 ], [ 14.3952262, 40.6294 ], [ 14.3952024, 40.6294839 ], [ 14.3952007, 40.6294941 ] ] } },
{ "type": "Feature", "properties": { "name": "", "name_manual": "", "name_original": null, "highway": "service", "status": "unnamed", "description": "unnamed" }, "geometry": { "type": "LineString", "coordinates": [ [ 14.396698, 40.6292261 ], [ 14.3966837, 40.6292102 ], [ 14.3965517, 40.6291237 ] ] } },
{ "type": "Feature", "properties": { "name": "", "name_manual": "", "name_original": null, "highway": "footway", "status": "unnamed", "description": "unnamed" }, "geometry": { "type": "LineString", "coordinates": [ [ 14.3963406, 40.6290949 ], [ 14.3963406, 40.6290904 ], [ 14.3963401, 40.6290642 ], [ 14.3963395, 40.6290309 ], [ 14.3963394, 40.6290264 ] ] } },
{ "type": "Feature", "properties": { "name": "", "name_manual": "", "name_original": null, "highway": "footway", "status": "unnamed", "description": "unnamed" }, "geometry": { "type": "LineString", "coordinates": [ [ 14.3956607, 40.6290504 ], [ 14.3956624, 40.6290548 ], [ 14.3956773, 40.6290919 ], [ 14.3956889, 40.629121 ], [ 14.3956906, 40.6291253 ] ] } },
{ "type": "Feature", "properties": { "name": "", "name_manual": "", "name_original": null, "highway": "footway", "status": "unnamed", "description": "unnamed" }, "geometry": { "type": "LineString", "coordinates": [ [ 14.3952642, 40.6292273 ], [ 14.3952912, 40.6292114 ], [ 14.3953636, 40.6291511 ], [ 14.3954283, 40.6291181 ], [ 14.3954752, 40.6290981 ], [ 14.3955333, 40.6290832 ], [ 14.3956108, 40.6290621 ], [ 14.3956607, 40.6290504 ], [ 14.3956991, 40.6290453 ], [ 14.3958382, 40.6290394 ], [ 14.3959936, 40.6290373 ], [ 14.396259, 40.6290295 ], [ 14.3963394, 40.6290264 ], [ 14.3966058, 40.6290163 ], [ 14.3967218, 40.6290091 ], [ 14.3967986, 40.6290046 ], [ 14.3968745, 40.628994 ], [ 14.3969395, 40.628977 ], [ 14.3969831, 40.628961 ], [ 14.3970186, 40.6289362 ], [ 14.3970622, 40.6289025 ] ] } },
{ "type": "Feature", "properties": { "name": "", "name_manual": "", "name_original": null, "highway": "service", "status": "unnamed", "description": "unnamed" }, "geometry": { "type": "LineString", "coordinates": [ [ 14.3943752, 40.6278762 ], [ 14.3943969, 40.6278392 ], [ 14.3944227, 40.6277863 ], [ 14.3943208, 40.6277003 ], [ 14.3942202, 40.6276647 ], [ 14.3943134, 40.627426 ] ] } },
{ "type": "Feature", "properties": { "name": "", "name_manual": "", "name_original": null, "highway": "service", "status": "unnamed", "description": "unnamed" }, "geometry": { "type": "LineString", "coordinates": [ [ 14.3927979, 40.6284225 ], [ 14.3927774, 40.6284034 ], [ 14.3927452, 40.6283732 ], [ 14.392665, 40.6284226 ] ] } },
{ "type": "Feature", "properties": { "name": "", "name_manual": "", "name_original": null, "highway": "service", "status": "unnamed", "description": "unnamed" }, "geometry": { "type": "LineString", "coordinates": [ [ 14.3924428, 40.6284546 ], [ 14.3925034, 40.6284993 ], [ 14.3925981, 40.6285253 ], [ 14.3926524, 40.6285532 ] ] } },
{ "type": "Feature", "properties": { "name": "", "name_manual": "", "name_original": null, "highway": "service", "status": "unnamed", "description": "unnamed" }, "geometry": { "type": "LineString", "coordinates": [ [ 14.3932655, 40.6286278 ], [ 14.3932345, 40.628598 ], [ 14.3932616, 40.6285783 ], [ 14.3933867, 40.6284861 ], [ 14.3934417, 40.6284204 ], [ 14.3934698, 40.628369 ] ] } },
{ "type": "Feature", "properties": { "name": "", "name_manual": "", "name_original": null, "highway": "service", "status": "unnamed", "description": "unnamed" }, "geometry": { "type": "LineString", "coordinates": [ [ 14.4085398, 40.6179268 ], [ 14.4085445, 40.6179895 ], [ 14.408504, 40.6181241 ], [ 14.4084662, 40.6182805 ], [ 14.4084492, 40.6184043 ], [ 14.4084579, 40.6185508 ], [ 14.4084633, 40.6186404 ], [ 14.4084796, 40.6186953 ], [ 14.408562, 40.6187626 ], [ 14.4086127, 40.6187968 ], [ 14.4086696, 40.6188632 ], [ 14.4086983, 40.6188834 ], [ 14.4087555, 40.6189154 ], [ 14.4087855, 40.6189964 ], [ 14.4088156, 40.6190215 ] ] } },
{ "type": "Feature", "properties": { "name": "", "name_manual": "", "name_original": null, "highway": "path", "status": "unnamed", "description": "unnamed" }, "geometry": { "type": "LineString", "coordinates": [ [ 14.411068, 40.6166957 ], [ 14.4110207, 40.616776 ], [ 14.4109324, 40.6168594 ], [ 14.4108103, 40.6169404 ], [ 14.4107634, 40.6169653 ], [ 14.4107115, 40.616977 ], [ 14.4106494, 40.6169689 ], [ 14.4105663, 40.6169554 ], [ 14.4103205, 40.6172653 ], [ 14.4106045, 40.6174251 ], [ 14.4106387, 40.6174473 ], [ 14.410644, 40.6174911 ], [ 14.4106418, 40.6175531 ], [ 14.4106318, 40.6175923 ] ] } },
{ "type": "Feature", "properties": { "name": "", "name_manual": "", "name_original": null, "highway": "service", "status": "unnamed", "description": "unnamed" }, "geometry": { "type": "LineString", "coordinates": [ [ 14.4112621, 40.616394 ], [ 14.411229, 40.6163435 ], [ 14.4111182, 40.6163177 ], [ 14.4109722, 40.6162921 ], [ 14.410793, 40.6162774 ], [ 14.410715, 40.6163322 ], [ 14.4106294, 40.6163888 ], [ 14.4104557, 40.6164472 ], [ 14.4101934, 40.6164873 ], [ 14.4101379, 40.6164716 ], [ 14.4099296, 40.6163638 ] ] } },
{ "type": "Feature", "properties": { "name": "", "name_manual": "", "name_original": null, "highway": "steps", "status": "unnamed", "description": "unnamed" }, "geometry": { "type": "LineString", "coordinates": [ [ 14.4130602, 40.6166815 ], [ 14.413002, 40.6167142 ], [ 14.4130906, 40.6167956 ] ] } },
{ "type": "Feature", "properties": { "name": "", "name_manual": "", "name_original": null, "highway": "steps", "status": "unnamed", "description": "unnamed" }, "geometry": { "type": "LineString", "coordinates": [ [ 14.4130844, 40.616706 ], [ 14.4132727, 40.6166292 ], [ 14.4133407, 40.6165996 ] ] } },
{ "type": "Feature", "properties": { "name": "", "name_manual": "", "name_original": null, "highway": "service", "status": "unnamed", "description": "unnamed" }, "geometry": { "type": "LineString", "coordinates": [ [ 14.4008314, 40.6251975 ], [ 14.4007896, 40.625147 ], [ 14.4007862, 40.6250885 ], [ 14.4008117, 40.6250429 ], [ 14.4007975, 40.6250385 ], [ 14.4007741, 40.6250222 ], [ 14.4007595, 40.6250008 ], [ 14.4007554, 40.6249769 ], [ 14.4007623, 40.6249534 ], [ 14.4009003, 40.6247067 ], [ 14.4009171, 40.6246863 ], [ 14.4009422, 40.6246715 ], [ 14.4009724, 40.6246641 ], [ 14.4010042, 40.624665 ], [ 14.4010336, 40.6246741 ], [ 14.4010571, 40.6246902 ], [ 14.401072, 40.6247115 ], [ 14.4010763, 40.6247354 ], [ 14.4010697, 40.624759 ], [ 14.4009312, 40.6250065 ], [ 14.4009141, 40.6250269 ], [ 14.4008889, 40.6250415 ], [ 14.4008586, 40.6250488 ], [ 14.4008269, 40.6250477 ], [ 14.4008117, 40.6250429 ] ] } },
{ "type": "Feature", "properties": { "name": "", "name_manual": "", "name_original": null, "highway": "service", "status": "unnamed", "description": "unnamed" }, "geometry": { "type": "LineString", "coordinates": [ [ 14.4011316, 40.6250081 ], [ 14.4011093, 40.6249752 ], [ 14.4010826, 40.6249393 ], [ 14.4012355, 40.6248757 ], [ 14.4015124, 40.6247714 ], [ 14.401556, 40.624747 ], [ 14.4015044, 40.6246961 ] ] } },
{ "type": "Feature", "properties": { "name": "", "name_manual": "", "name_original": null, "highway": "service", "status": "unnamed", "description": "unnamed" }, "geometry": { "type": "LineString", "coordinates": [ [ 14.4008179, 40.6246174 ], [ 14.4007293, 40.6245966 ], [ 14.4003176, 40.6245002 ], [ 14.4001769, 40.6248462 ] ] } },
{ "type": "Feature", "properties": { "name": "", "name_manual": "", "name_original": null, "highway": "service", "status": "unnamed", "description": "unnamed" }, "geometry": { "type": "LineString", "coordinates": [ [ 14.4001908, 40.626113 ], [ 14.4003759, 40.6261063 ], [ 14.400746, 40.6262972 ], [ 14.4008533, 40.6261771 ], [ 14.4007064, 40.6261002 ] ] } },
{ "type": "Feature", "properties": { "name": "", "name_manual": "", "name_original": null, "highway": "service", "status": "unnamed", "description": "unnamed" }, "geometry": { "type": "LineString", "coordinates": [ [ 14.3993593, 40.6264029 ], [ 14.3993696, 40.6263724 ], [ 14.3995269, 40.6258729 ], [ 14.3996619, 40.6254633 ], [ 14.4003338, 40.6255909 ], [ 14.400375, 40.6255987 ] ] } },
{ "type": "Feature", "properties": { "name": "", "name_manual": "", "name_original": null, "highway": "service", "status": "unnamed", "description": "unnamed" }, "geometry": { "type": "LineString", "coordinates": [ [ 14.4010596, 40.6275823 ], [ 14.4010907, 40.6275957 ], [ 14.4012402, 40.6276586 ], [ 14.4016205, 40.6278174 ], [ 14.4016888, 40.627854 ] ] } },
{ "type": "Feature", "properties": { "name": "", "name_manual": "", "name_original": null, "highway": "service", "status": "unnamed", "description": "unnamed" }, "geometry": { "type": "LineString", "coordinates": [ [ 14.4025908, 40.6250678 ], [ 14.4024707, 40.6251256 ], [ 14.4023353, 40.6252148 ], [ 14.4022688, 40.6252574 ], [ 14.4021508, 40.6251719 ] ] } },
{ "type": "Feature", "properties": { "name": "", "name_manual": "", "name_original": null, "highway": "service", "status": "unnamed", "description": "unnamed" }, "geometry": { "type": "LineString", "coordinates": [ [ 14.4012165, 40.626171 ], [ 14.4011014, 40.6261615 ], [ 14.4009143, 40.6261386 ], [ 14.4006997, 40.6259832 ], [ 14.4007514, 40.6258259 ], [ 14.4008258, 40.6258162 ], [ 14.4009123, 40.6258463 ], [ 14.4011091, 40.6259422 ], [ 14.4011165, 40.625972 ], [ 14.4011215, 40.6260035 ], [ 14.4011014, 40.6261615 ] ] } },
{ "type": "Feature", "properties": { "name": "", "name_manual": "", "name_original": null, "highway": "service", "status": "unnamed", "description": "unnamed" }, "geometry": { "type": "LineString", "coordinates": [ [ 14.394215, 40.6294823 ], [ 14.394243, 40.6294616 ], [ 14.3942528, 40.6294544 ], [ 14.3942946, 40.6294235 ], [ 14.3944911, 40.6294606 ], [ 14.3945033, 40.6294942 ], [ 14.3945067, 40.6295034 ], [ 14.3945102, 40.6295129 ], [ 14.3945201, 40.62954 ] ] } },
{ "type": "Feature", "properties": { "name": "", "name_manual": "", "name_original": null, "highway": "footway", "status": "unnamed", "description": "unnamed" }, "geometry": { "type": "LineString", "coordinates": [ [ 14.3990864, 40.6303001 ], [ 14.3990801, 40.630332 ] ] } },
{ "type": "Feature", "properties": { "name": "", "name_manual": "", "name_original": null, "highway": "footway", "status": "unnamed", "description": "unnamed" }, "geometry": { "type": "LineString", "coordinates": [ [ 14.4063304, 40.6236825 ], [ 14.4063813, 40.6236693 ] ] } },
{ "type": "Feature", "properties": { "name": "", "name_manual": "", "name_original": null, "highway": "footway", "status": "unnamed", "description": "unnamed" }, "geometry": { "type": "LineString", "coordinates": [ [ 14.4062333, 40.6237086 ], [ 14.4063304, 40.6236825 ] ] } },
{ "type": "Feature", "properties": { "name": "", "name_manual": "", "name_original": null, "highway": "footway", "status": "unnamed", "description": "unnamed" }, "geometry": { "type": "LineString", "coordinates": [ [ 14.4057208, 40.6229745 ], [ 14.4057259, 40.6229759 ], [ 14.4057051, 40.6230342 ] ] } },
{ "type": "Feature", "properties": { "name": "", "name_manual": "", "name_original": null, "highway": "steps", "status": "unnamed", "description": "unnamed" }, "geometry": { "type": "LineString", "coordinates": [ [ 14.4057127, 40.6229724 ], [ 14.4057208, 40.6229745 ] ] } },
{ "type": "Feature", "properties": { "name": "", "name_manual": "", "name_original": null, "highway": "steps", "status": "unnamed", "description": "unnamed" }, "geometry": { "type": "LineString", "coordinates": [ [ 14.4056377, 40.6229526 ], [ 14.4056783, 40.6229633 ] ] } },
{ "type": "Feature", "properties": { "name": "", "name_manual": "", "name_original": null, "highway": "footway", "status": "unnamed", "description": "unnamed" }, "geometry": { "type": "LineString", "coordinates": [ [ 14.4056169, 40.622947 ], [ 14.4056377, 40.6229526 ] ] } },
{ "type": "Feature", "properties": { "name": "", "name_manual": "", "name_original": null, "highway": "footway", "status": "unnamed", "description": "unnamed" }, "geometry": { "type": "LineString", "coordinates": [ [ 14.4057082, 40.6229712 ], [ 14.4056457, 40.6229949 ], [ 14.405614, 40.6230084 ], [ 14.4055039, 40.6230595 ], [ 14.4055513, 40.6229851 ], [ 14.4055571, 40.6229784 ], [ 14.40557, 40.6229765 ], [ 14.4056155, 40.6229879 ], [ 14.4056457, 40.6229949 ] ] } },
{ "type": "Feature", "properties": { "name": "", "name_manual": "", "name_original": null, "highway": "footway", "status": "unnamed", "description": "unnamed" }, "geometry": { "type": "LineString", "coordinates": [ [ 14.4056169, 40.622947 ], [ 14.405647, 40.6229086 ], [ 14.4056843, 40.62286 ], [ 14.405696, 40.6228536 ], [ 14.4057103, 40.6228592 ], [ 14.4058005, 40.6229218 ], [ 14.4057993, 40.6229326 ], [ 14.4057901, 40.6229396 ], [ 14.4057801, 40.6229389 ], [ 14.4056677, 40.6229139 ], [ 14.405647, 40.6229086 ] ] } },
{ "type": "Feature", "properties": { "name": "", "name_manual": "", "name_original": null, "highway": "footway", "status": "unnamed", "description": "unnamed" }, "geometry": { "type": "LineString", "coordinates": [ [ 14.4056783, 40.6229633 ], [ 14.4057082, 40.6229712 ], [ 14.4057127, 40.6229724 ] ] } },
{ "type": "Feature", "properties": { "name": "", "name_manual": "", "name_original": null, "highway": "footway", "status": "unnamed", "description": "unnamed" }, "geometry": { "type": "LineString", "coordinates": [ [ 14.4064425, 40.6240917 ], [ 14.4063545, 40.6238824 ], [ 14.4062396, 40.6239087 ], [ 14.4060695, 40.6239478 ], [ 14.4059392, 40.6239777 ], [ 14.4059248, 40.6239412 ], [ 14.4058855, 40.62395 ], [ 14.4058246, 40.6237954 ], [ 14.4057501, 40.623606 ], [ 14.405662, 40.6233822 ], [ 14.405586, 40.6231892 ] ] } },
{ "type": "Feature", "properties": { "name": "", "name_manual": "", "name_original": null, "highway": "footway", "status": "unnamed", "description": "unnamed" }, "geometry": { "type": "LineString", "coordinates": [ [ 14.4054771, 40.623781 ], [ 14.405332, 40.6238135 ], [ 14.4053033, 40.6237397 ], [ 14.4052724, 40.6236601 ] ] } },
{ "type": "Feature", "properties": { "name": "", "name_manual": "", "name_original": null, "highway": "footway", "status": "unnamed", "description": "unnamed" }, "geometry": { "type": "LineString", "coordinates": [ [ 14.4052724, 40.6236601 ], [ 14.4052719, 40.6236326 ], [ 14.4052333, 40.6235298 ], [ 14.405224, 40.6234811 ], [ 14.4052866, 40.6233867 ], [ 14.4053333, 40.6233163 ], [ 14.4053689, 40.6232952 ], [ 14.4054622, 40.6231486 ], [ 14.4055169, 40.6231206 ], [ 14.4055521, 40.623103 ], [ 14.4056366, 40.6230605 ], [ 14.4057051, 40.6230342 ], [ 14.4057261, 40.6230262 ], [ 14.4057652, 40.6230173 ], [ 14.4057924, 40.6230145 ], [ 14.4058085, 40.6230139 ], [ 14.4058268, 40.6230139 ], [ 14.4060077, 40.6230371 ], [ 14.4060783, 40.6230337 ] ] } },
{ "type": "Feature", "properties": { "name": "", "name_manual": "", "name_original": null, "highway": "footway", "status": "unnamed", "description": "unnamed" }, "geometry": { "type": "LineString", "coordinates": [ [ 14.4052724, 40.6236601 ], [ 14.4054167, 40.6236276 ] ] } },
{ "type": "Feature", "properties": { "name": "", "name_manual": "", "name_original": null, "highway": "footway", "status": "unnamed", "description": "unnamed" }, "geometry": { "type": "LineString", "coordinates": [ [ 14.4053033, 40.6237397 ], [ 14.405448, 40.623707 ] ] } },
{ "type": "Feature", "properties": { "name": "", "name_manual": "", "name_original": null, "highway": "footway", "status": "unnamed", "description": "unnamed" }, "geometry": { "type": "LineString", "coordinates": [ [ 14.4055702, 40.623149 ], [ 14.4055521, 40.623103 ] ] } },
{ "type": "Feature", "properties": { "name": "", "name_manual": "", "name_original": null, "highway": "steps", "status": "unnamed", "description": "unnamed" }, "geometry": { "type": "LineString", "coordinates": [ [ 14.405586, 40.6231892 ], [ 14.4055702, 40.623149 ] ] } },
{ "type": "Feature", "properties": { "name": "", "name_manual": "", "name_original": null, "highway": "footway", "status": "unnamed", "description": "unnamed" }, "geometry": { "type": "LineString", "coordinates": [ [ 14.405224, 40.6234811 ], [ 14.4053481, 40.6234531 ], [ 14.4054941, 40.6234201 ], [ 14.405662, 40.6233822 ], [ 14.4058319, 40.6233439 ], [ 14.4060077, 40.6233042 ] ] } },
{ "type": "Feature", "properties": { "name": "", "name_manual": "", "name_original": null, "highway": "footway", "status": "unnamed", "description": "unnamed" }, "geometry": { "type": "LineString", "coordinates": [ [ 14.4053481, 40.6234531 ], [ 14.4054167, 40.6236276 ], [ 14.4054361, 40.6236769 ], [ 14.405448, 40.623707 ], [ 14.4054771, 40.623781 ], [ 14.405487, 40.6238061 ], [ 14.4056334, 40.6237741 ] ] } },
{ "type": "Feature", "properties": { "name": "", "name_manual": "", "name_original": null, "highway": "footway", "status": "unnamed", "description": "unnamed" }, "geometry": { "type": "LineString", "coordinates": [ [ 14.4062736, 40.6240094 ], [ 14.4062381, 40.6239184 ], [ 14.4062396, 40.6239087 ], [ 14.4062411, 40.623899 ], [ 14.4061699, 40.6237162 ], [ 14.4060958, 40.623528 ], [ 14.4060077, 40.6233042 ] ] } },
{ "type": "Feature", "properties": { "name": "", "name_manual": "", "name_original": null, "highway": "footway", "status": "unnamed", "description": "unnamed" }, "geometry": { "type": "LineString", "coordinates": [ [ 14.4054941, 40.6234201 ], [ 14.4055822, 40.6236439 ], [ 14.4056334, 40.6237741 ], [ 14.4056387, 40.6237876 ], [ 14.4057149, 40.6238206 ], [ 14.4058246, 40.6237954 ], [ 14.4059943, 40.6237565 ], [ 14.4061699, 40.6237162 ], [ 14.4062333, 40.6237086 ] ] } },
{ "type": "Feature", "properties": { "name": "", "name_manual": "", "name_original": null, "highway": "footway", "status": "unnamed", "description": "unnamed" }, "geometry": { "type": "LineString", "coordinates": [ [ 14.4061085, 40.6240467 ], [ 14.4060695, 40.6239478 ], [ 14.4059943, 40.6237565 ], [ 14.40592, 40.6235677 ], [ 14.4058319, 40.6233439 ] ] } },
{ "type": "Feature", "properties": { "name": "", "name_manual": "", "name_original": null, "highway": "footway", "status": "unnamed", "description": "unnamed" }, "geometry": { "type": "LineString", "coordinates": [ [ 14.4054361, 40.6236769 ], [ 14.4055822, 40.6236439 ], [ 14.4057501, 40.623606 ], [ 14.40592, 40.6235677 ], [ 14.4060958, 40.623528 ] ] } },
{ "type": "Feature", "properties": { "name": "", "name_manual": "", "name_original": null, "highway": "footway", "status": "unnamed", "description": "unnamed" }, "geometry": { "type": "LineString", "coordinates": [ [ 14.4051413, 40.6233323 ], [ 14.4051643, 40.6233409 ], [ 14.4052866, 40.6233867 ] ] } },
{ "type": "Feature", "properties": { "name": "", "name_manual": "", "name_original": null, "highway": "steps", "status": "unnamed", "description": "unnamed" }, "geometry": { "type": "LineString", "coordinates": [ [ 14.4051217, 40.623325 ], [ 14.4051413, 40.6233323 ] ] } },
{ "type": "Feature", "properties": { "name": "", "name_manual": "", "name_original": null, "highway": "footway", "status": "unnamed", "description": "unnamed" }, "geometry": { "type": "LineString", "coordinates": [ [ 14.4051745, 40.6232158 ], [ 14.405106, 40.6233191 ] ] } },
{ "type": "Feature", "properties": { "name": "", "name_manual": "", "name_original": null, "highway": "footway", "status": "unnamed", "description": "unnamed" }, "geometry": { "type": "LineString", "coordinates": [ [ 14.4050763, 40.6231789 ], [ 14.4050054, 40.6232815 ], [ 14.405106, 40.6233191 ], [ 14.4051217, 40.623325 ] ] } },
{ "type": "Feature", "properties": { "name": "", "name_manual": "", "name_original": null, "highway": "footway", "status": "unnamed", "description": "unnamed" }, "geometry": { "type": "LineString", "coordinates": [ [ 14.4048742, 40.623103 ], [ 14.4050054, 40.6232815 ], [ 14.405119, 40.6234352 ] ] } },
{ "type": "Feature", "properties": { "name": "", "name_manual": "", "name_original": null, "highway": "footway", "status": "unnamed", "description": "unnamed" }, "geometry": { "type": "LineString", "coordinates": [ [ 14.4048353, 40.6230434 ], [ 14.4048118, 40.6230795 ], [ 14.4048742, 40.623103 ], [ 14.4050763, 40.6231789 ], [ 14.4051517, 40.6232072 ], [ 14.4051745, 40.6232158 ], [ 14.4052326, 40.6232376 ] ] } },
{ "type": "Feature", "properties": { "name": "", "name_manual": "", "name_original": null, "highway": "steps", "status": "unnamed", "description": "unnamed" }, "geometry": { "type": "LineString", "coordinates": [ [ 14.4048809, 40.6229752 ], [ 14.4048353, 40.6230434 ] ] } },
{ "type": "Feature", "properties": { "name": "", "name_manual": "", "name_original": null, "highway": "footway", "status": "unnamed", "description": "unnamed" }, "geometry": { "type": "LineString", "coordinates": [ [ 14.4051047, 40.6230202 ], [ 14.4049043, 40.6229432 ] ] } },
{ "type": "Feature", "properties": { "name": "", "name_manual": "", "name_original": null, "highway": "footway", "status": "unnamed", "description": "unnamed" }, "geometry": { "type": "LineString", "coordinates": [ [ 14.4051635, 40.6231898 ], [ 14.4051517, 40.6232072 ] ] } },
{ "type": "Feature", "properties": { "name": "", "name_manual": "", "name_original": null, "highway": "steps", "status": "unnamed", "description": "unnamed" }, "geometry": { "type": "LineString", "coordinates": [ [ 14.405056, 40.6231193 ], [ 14.4051794, 40.6231664 ], [ 14.4051635, 40.6231898 ] ] } },
{ "type": "Feature", "properties": { "name": "", "name_manual": "", "name_original": null, "highway": "steps", "status": "unnamed", "description": "unnamed" }, "geometry": { "type": "LineString", "coordinates": [ [ 14.4054171, 40.6229188 ], [ 14.4054021, 40.622913 ] ] } },
{ "type": "Feature", "properties": { "name": "", "name_manual": "", "name_original": null, "highway": "footway", "status": "unnamed", "description": "unnamed" }, "geometry": { "type": "LineString", "coordinates": [ [ 14.4054379, 40.6229267 ], [ 14.4054171, 40.6229188 ] ] } },
{ "type": "Feature", "properties": { "name": "", "name_manual": "", "name_original": null, "highway": "steps", "status": "unnamed", "description": "unnamed" }, "geometry": { "type": "LineString", "coordinates": [ [ 14.4052975, 40.6227308 ], [ 14.405277, 40.6227616 ] ] } },
{ "type": "Feature", "properties": { "name": "", "name_manual": "", "name_original": null, "highway": "footway", "status": "unnamed", "description": "unnamed" }, "geometry": { "type": "LineString", "coordinates": [ [ 14.4053459, 40.6226582 ], [ 14.4052975, 40.6227308 ] ] } },
{ "type": "Feature", "properties": { "name": "", "name_manual": "", "name_original": null, "highway": "footway", "status": "unnamed", "description": "unnamed" }, "geometry": { "type": "LineString", "coordinates": [ [ 14.4051757, 40.6229133 ], [ 14.4051656, 40.6229285 ], [ 14.4051047, 40.6230202 ], [ 14.4050423, 40.623114 ], [ 14.405056, 40.6231193 ] ] } },
{ "type": "Feature", "properties": { "name": "", "name_manual": "", "name_original": null, "highway": "steps", "status": "unnamed", "description": "unnamed" }, "geometry": { "type": "LineString", "coordinates": [ [ 14.4051988, 40.6228787 ], [ 14.4051757, 40.6229133 ] ] } },
{ "type": "Feature", "properties": { "name": "", "name_manual": "", "name_original": null, "highway": "footway", "status": "unnamed", "description": "unnamed" }, "geometry": { "type": "LineString", "coordinates": [ [ 14.4053453, 40.6230669 ], [ 14.4053233, 40.6230549 ], [ 14.4053086, 40.6230488 ], [ 14.4053421, 40.6230001 ], [ 14.4051656, 40.6229285 ] ] } },
{ "type": "Feature", "properties": { "name": "", "name_manual": "", "name_original": null, "highway": "footway", "status": "unnamed", "description": "unnamed" }, "geometry": { "type": "LineString", "coordinates": [ [ 14.4050698, 40.6226953 ], [ 14.4052699, 40.6227722 ], [ 14.4054627, 40.6228463 ] ] } },
{ "type": "Feature", "properties": { "name": "", "name_manual": "", "name_original": null, "highway": "footway", "status": "unnamed", "description": "unnamed" }, "geometry": { "type": "LineString", "coordinates": [ [ 14.405602, 40.6226798 ], [ 14.405578, 40.622714 ], [ 14.4055552, 40.6227491 ], [ 14.4054379, 40.6229267 ], [ 14.4053453, 40.6230669 ], [ 14.4052326, 40.6232376 ], [ 14.4051643, 40.6233409 ] ] } },
{ "type": "Feature", "properties": { "name": "", "name_manual": "", "name_original": null, "highway": "footway", "status": "unnamed", "description": "unnamed" }, "geometry": { "type": "LineString", "coordinates": [ [ 14.4055552, 40.6227491 ], [ 14.4053459, 40.6226582 ], [ 14.405151, 40.6225736 ], [ 14.4050698, 40.6226953 ], [ 14.405022, 40.6227669 ], [ 14.4049043, 40.6229432 ], [ 14.4048809, 40.6229752 ] ] } },
{ "type": "Feature", "properties": { "name": "", "name_manual": "", "name_original": null, "highway": "footway", "status": "unnamed", "description": "unnamed" }, "geometry": { "type": "LineString", "coordinates": [ [ 14.4054021, 40.622913 ], [ 14.4052221, 40.6228438 ], [ 14.405022, 40.6227669 ] ] } },
{ "type": "Feature", "properties": { "name": "", "name_manual": "", "name_original": null, "highway": "footway", "status": "unnamed", "description": "unnamed" }, "geometry": { "type": "LineString", "coordinates": [ [ 14.405277, 40.6227616 ], [ 14.4052699, 40.6227722 ], [ 14.4052221, 40.6228438 ], [ 14.4051988, 40.6228787 ] ] } },
{ "type": "Feature", "properties": { "name": "", "name_manual": "", "name_original": null, "highway": "service", "status": "unnamed", "description": "unnamed" }, "geometry": { "type": "LineString", "coordinates": [ [ 14.4015357, 40.6200075 ], [ 14.4014756, 40.6201047 ], [ 14.4014514, 40.6201663 ] ] } },
{ "type": "Feature", "properties": { "name": "", "name_manual": "", "name_original": null, "highway": "service", "status": "unnamed", "description": "unnamed" }, "geometry": { "type": "LineString", "coordinates": [ [ 14.4016087, 40.6199663 ], [ 14.4015357, 40.6200075 ], [ 14.4015185, 40.6200172 ], [ 14.4014313, 40.6201017 ], [ 14.4013844, 40.620118 ], [ 14.4013394, 40.620119 ], [ 14.4012952, 40.6201139 ], [ 14.4011094, 40.6200793 ] ] } },
{ "type": "Feature", "properties": { "name": "", "name_manual": "", "name_original": null, "highway": "service", "status": "unnamed", "description": "unnamed" }, "geometry": { "type": "LineString", "coordinates": [ [ 14.4016828, 40.620601 ], [ 14.4017482, 40.6206017 ], [ 14.4017733, 40.6205893 ], [ 14.4018095, 40.6205002 ] ] } },
{ "type": "Feature", "properties": { "name": "", "name_manual": "", "name_original": null, "highway": "service", "status": "unnamed", "description": "unnamed" }, "geometry": { "type": "LineString", "coordinates": [ [ 14.4019577, 40.6195801 ], [ 14.4018682, 40.6195914 ], [ 14.4017954, 40.6196146 ], [ 14.4016653, 40.6196909 ], [ 14.4016385, 40.6196813 ] ] } },
{ "type": "Feature", "properties": { "name": "", "name_manual": "", "name_original": null, "highway": "service", "status": "unnamed", "description": "unnamed" }, "geometry": { "type": "LineString", "coordinates": [ [ 14.4027108, 40.6186433 ], [ 14.4026805, 40.6187264 ], [ 14.4026812, 40.618759 ], [ 14.402698, 40.6187875 ], [ 14.4027315, 40.6188063 ], [ 14.4028006, 40.6188252 ], [ 14.402867, 40.6188511 ], [ 14.4029005, 40.618903 ], [ 14.4029045, 40.6189529 ], [ 14.4028844, 40.6189835 ], [ 14.4027932, 40.6190242 ], [ 14.4027972, 40.6190649 ], [ 14.402816, 40.6191311 ], [ 14.4028535, 40.6191514 ], [ 14.4029139, 40.6191626 ], [ 14.4029729, 40.6191667 ], [ 14.4030118, 40.6192023 ] ] } },
{ "type": "Feature", "properties": { "name": "", "name_manual": "", "name_original": null, "highway": "service", "status": "unnamed", "description": "unnamed" }, "geometry": { "type": "LineString", "coordinates": [ [ 14.4041105, 40.6187737 ], [ 14.4040852, 40.6188836 ], [ 14.4040458, 40.619069 ], [ 14.4040216, 40.6191473 ], [ 14.4040632, 40.6193377 ], [ 14.4040927, 40.6195016 ], [ 14.4040726, 40.6195535 ], [ 14.4041195, 40.6196981 ], [ 14.4041276, 40.6198039 ], [ 14.4041933, 40.6200442 ], [ 14.4042184, 40.6201756 ] ] } },
{ "type": "Feature", "properties": { "name": "", "name_manual": "", "name_original": null, "highway": "service", "status": "unnamed", "description": "unnamed" }, "geometry": { "type": "LineString", "coordinates": [ [ 14.4043925, 40.6203512 ], [ 14.4043154, 40.6203385 ], [ 14.4042825, 40.6203256 ], [ 14.4042604, 40.6203099 ], [ 14.4042382, 40.6202081 ], [ 14.4042184, 40.6201756 ], [ 14.4041531, 40.6200686 ], [ 14.4041303, 40.6200462 ], [ 14.4041115, 40.620035 ], [ 14.4040726, 40.6200233 ], [ 14.404017, 40.6200126 ], [ 14.4038889, 40.6200101 ], [ 14.4038433, 40.6200208 ], [ 14.4035308, 40.6201673 ], [ 14.4033672, 40.6202376 ], [ 14.4032492, 40.6202386 ] ] } },
{ "type": "Feature", "properties": { "name": "", "name_manual": "", "name_original": null, "highway": "service", "status": "unnamed", "description": "unnamed" }, "geometry": { "type": "LineString", "coordinates": [ [ 14.4045023, 40.6218274 ], [ 14.40445, 40.6218282 ], [ 14.4044092, 40.6218291 ], [ 14.4043643, 40.6218032 ], [ 14.4042952, 40.6217564 ], [ 14.4042523, 40.6217034 ], [ 14.4042094, 40.6216464 ], [ 14.4041075, 40.6215273 ], [ 14.4040257, 40.6214357 ], [ 14.4040123, 40.6213441 ], [ 14.4039224, 40.6211649 ], [ 14.4038902, 40.6211201 ], [ 14.4038661, 40.6211079 ], [ 14.4037407, 40.6210942 ], [ 14.4033772, 40.6211476 ] ] } },
{ "type": "Feature", "properties": { "name": "", "name_manual": "", "name_original": null, "highway": "service", "status": "unnamed", "description": "unnamed" }, "geometry": { "type": "LineString", "coordinates": [ [ 14.4015406, 40.6218948 ], [ 14.4015044, 40.6219589 ], [ 14.4014655, 40.6220872 ], [ 14.4014092, 40.6221727 ], [ 14.4013354, 40.622306 ], [ 14.4010726, 40.6225819 ] ] } },
{ "type": "Feature", "properties": { "name": "", "name_manual": "", "name_original": null, "highway": "service", "status": "unnamed", "description": "unnamed" }, "geometry": { "type": "LineString", "coordinates": [ [ 14.4010898, 40.6218008 ], [ 14.4012134, 40.6218052 ], [ 14.4014816, 40.6218459 ], [ 14.4015406, 40.6218948 ], [ 14.4015621, 40.6219426 ], [ 14.4016063, 40.6219671 ], [ 14.4017659, 40.6220139 ], [ 14.4018303, 40.6221737 ] ] } },
{ "type": "Feature", "properties": { "name": "", "name_manual": "", "name_original": null, "highway": "track", "status": "unnamed", "description": "unnamed" }, "geometry": { "type": "LineString", "coordinates": [ [ 14.4035865, 40.6231974 ], [ 14.4035478, 40.6231278 ], [ 14.4035335, 40.6230512 ], [ 14.4035375, 40.622984 ], [ 14.4035979, 40.622814 ] ] } },
{ "type": "Feature", "properties": { "name": "", "name_manual": "", "name_original": null, "highway": "service", "status": "unnamed", "description": "unnamed" }, "geometry": { "type": "LineString", "coordinates": [ [ 14.4063719, 40.6225392 ], [ 14.4059924, 40.622392 ], [ 14.4061118, 40.6222475 ], [ 14.4062492, 40.6221421 ] ] } },
{ "type": "Feature", "properties": { "name": "", "name_manual": "", "name_original": null, "highway": "service", "status": "unnamed", "description": "unnamed" }, "geometry": { "type": "LineString", "coordinates": [ [ 14.4075636, 40.6209455 ], [ 14.4074991, 40.6209624 ], [ 14.4074388, 40.6209939 ], [ 14.407074, 40.621227 ], [ 14.4067776, 40.6213543 ], [ 14.4067079, 40.6214031 ], [ 14.4063994, 40.6215477 ], [ 14.4062479, 40.6215456 ], [ 14.4062251, 40.6215385 ], [ 14.4062009, 40.6215151 ], [ 14.4061916, 40.6214876 ], [ 14.4064812, 40.6211761 ], [ 14.406504, 40.6210194 ], [ 14.406492, 40.620996 ], [ 14.4064464, 40.6209848 ], [ 14.4064075, 40.6209909 ], [ 14.4063807, 40.6210072 ], [ 14.4062452, 40.62111 ] ] } },
{ "type": "Feature", "properties": { "name": "", "name_manual": "", "name_original": null, "highway": "service", "status": "unnamed", "description": "unnamed" }, "geometry": { "type": "LineString", "coordinates": [ [ 14.4042523, 40.6229453 ], [ 14.4042416, 40.6229809 ], [ 14.4042362, 40.6231346 ], [ 14.4042369, 40.6234186 ] ] } },
{ "type": "Feature", "properties": { "name": "", "name_manual": "", "name_original": null, "highway": "service", "status": "unnamed", "description": "unnamed" }, "geometry": { "type": "LineString", "coordinates": [ [ 14.4050178, 40.6223637 ], [ 14.4049589, 40.6223747 ], [ 14.4049168, 40.6223686 ], [ 14.4048116, 40.6223325 ], [ 14.4047271, 40.622304 ], [ 14.4046815, 40.6222908 ], [ 14.4046359, 40.6222959 ], [ 14.4046278, 40.6223183 ], [ 14.4046466, 40.6223915 ], [ 14.4046614, 40.6224496 ], [ 14.4046547, 40.6224842 ], [ 14.4046426, 40.6225188 ], [ 14.4046225, 40.6225402 ], [ 14.4045567, 40.6226002 ], [ 14.404479, 40.6226969 ], [ 14.4043194, 40.6228873 ], [ 14.4042845, 40.622929 ], [ 14.4042523, 40.6229453 ], [ 14.4042376, 40.6229402 ], [ 14.4042242, 40.6228985 ], [ 14.4042376, 40.6228374 ], [ 14.4042805, 40.6227478 ] ] } },
{ "type": "Feature", "properties": { "name": "", "name_manual": "", "name_original": null, "highway": "footway", "status": "unnamed", "description": "unnamed" }, "geometry": { "type": "LineString", "coordinates": [ [ 14.4043797, 40.6305822 ], [ 14.4043695, 40.6306073 ], [ 14.4043497, 40.6306482 ] ] } },
{ "type": "Feature", "properties": { "name": "", "name_manual": "", "name_original": null, "highway": "footway", "status": "unnamed", "description": "unnamed" }, "geometry": { "type": "LineString", "coordinates": [ [ 14.4062192, 40.6308571 ], [ 14.4062243, 40.6308238 ], [ 14.4062301, 40.6307898 ], [ 14.4062313, 40.630782 ] ] } },
{ "type": "Feature", "properties": { "name": "", "name_manual": "", "name_original": null, "highway": "service", "status": "unnamed", "description": "unnamed" }, "geometry": { "type": "LineString", "coordinates": [ [ 14.4039247, 40.6287196 ], [ 14.4038377, 40.6286618 ], [ 14.4036535, 40.6285502 ], [ 14.4034182, 40.628428 ], [ 14.4033229, 40.6285202 ] ] } },
{ "type": "Feature", "properties": { "name": "", "name_manual": "", "name_original": null, "highway": "service", "status": "unnamed", "description": "unnamed" }, "geometry": { "type": "LineString", "coordinates": [ [ 14.4036166, 40.6290225 ], [ 14.4035472, 40.6289577 ], [ 14.4034034, 40.6288504 ] ] } },
{ "type": "Feature", "properties": { "name": "", "name_manual": "", "name_original": null, "highway": "service", "status": "unnamed", "description": "unnamed" }, "geometry": { "type": "LineString", "coordinates": [ [ 14.4032636, 40.6293138 ], [ 14.4032327, 40.6292858 ], [ 14.4029997, 40.629081 ] ] } },
{ "type": "Feature", "properties": { "name": "", "name_manual": "", "name_original": null, "highway": "steps", "status": "unnamed", "description": "unnamed" }, "geometry": { "type": "LineString", "coordinates": [ [ 14.4076408, 40.6132519 ], [ 14.4076363, 40.6132361 ] ] } },
{ "type": "Feature", "properties": { "name": "", "name_manual": "", "name_original": null, "highway": "footway", "status": "unnamed", "description": "unnamed" }, "geometry": { "type": "LineString", "coordinates": [ [ 14.4078679, 40.6133106 ], [ 14.4078543, 40.6133113 ], [ 14.4078116, 40.6133136 ], [ 14.4076654, 40.6133365 ], [ 14.4076408, 40.6132519 ] ] } },
{ "type": "Feature", "properties": { "name": "", "name_manual": "", "name_original": null, "highway": "steps", "status": "unnamed", "description": "unnamed" }, "geometry": { "type": "LineString", "coordinates": [ [ 14.4076839, 40.6129802 ], [ 14.4076867, 40.6129961 ], [ 14.4076916, 40.6130148 ] ] } },
{ "type": "Feature", "properties": { "name": "", "name_manual": "", "name_original": null, "highway": "footway", "status": "unnamed", "description": "unnamed" }, "geometry": { "type": "LineString", "coordinates": [ [ 14.4076363, 40.6132361 ], [ 14.4076279, 40.6132072 ], [ 14.4077657, 40.6131862 ], [ 14.4077338, 40.6130532 ], [ 14.4077244, 40.6130204 ], [ 14.4077137, 40.613012 ], [ 14.4076916, 40.6130148 ] ] } },
{ "type": "Feature", "properties": { "name": "", "name_manual": "", "name_original": null, "highway": "steps", "status": "unnamed", "description": "unnamed" }, "geometry": { "type": "LineString", "coordinates": [ [ 14.407785, 40.6130423 ], [ 14.407758, 40.6130481 ], [ 14.4077338, 40.6130532 ] ] } },
{ "type": "Feature", "properties": { "name": "", "name_manual": "", "name_original": null, "highway": "footway", "status": "unnamed", "description": "unnamed" }, "geometry": { "type": "LineString", "coordinates": [ [ 14.4079531, 40.6130365 ], [ 14.4077807, 40.6130285 ] ] } },
{ "type": "Feature", "properties": { "name": "", "name_manual": "", "name_original": null, "highway": "footway", "status": "unnamed", "description": "unnamed" }, "geometry": { "type": "LineString", "coordinates": [ [ 14.4076839, 40.6129802 ], [ 14.4076782, 40.6129629 ] ] } },
{ "type": "Feature", "properties": { "name": "", "name_manual": "", "name_original": null, "highway": "footway", "status": "unnamed", "description": "unnamed" }, "geometry": { "type": "LineString", "coordinates": [ [ 14.4079507, 40.6133063 ], [ 14.4078679, 40.6133106 ] ] } },
{ "type": "Feature", "properties": { "name": "", "name_manual": "", "name_original": null, "highway": "footway", "status": "unnamed", "description": "unnamed" }, "geometry": { "type": "LineString", "coordinates": [ [ 14.4078679, 40.6133106 ], [ 14.407785, 40.6130423 ], [ 14.4077807, 40.6130285 ], [ 14.4077774, 40.6130179 ], [ 14.4077539, 40.6129894 ], [ 14.4077144, 40.6129802 ], [ 14.4076839, 40.6129802 ] ] } },
{ "type": "Feature", "properties": { "name": "", "name_manual": "", "name_original": null, "highway": "service", "status": "unnamed", "description": "unnamed" }, "geometry": { "type": "LineString", "coordinates": [ [ 14.4074482, 40.6138053 ], [ 14.4075765, 40.6137978 ], [ 14.4076889, 40.6137105 ], [ 14.4080356, 40.6135787 ] ] } },
{ "type": "Feature", "properties": { "name": "", "name_manual": "", "name_original": null, "highway": "service", "status": "unnamed", "description": "unnamed" }, "geometry": { "type": "LineString", "coordinates": [ [ 14.4065491, 40.6116228 ], [ 14.4065563, 40.6115961 ], [ 14.4065614, 40.6115868 ], [ 14.4065825, 40.6115478 ], [ 14.4065825, 40.6114439 ] ] } },
{ "type": "Feature", "properties": { "name": "", "name_manual": "", "name_original": null, "highway": "path", "status": "unnamed", "description": "unnamed" }, "geometry": { "type": "LineString", "coordinates": [ [ 14.408737, 40.607274 ], [ 14.408726, 40.6071682 ] ] } },
{ "type": "Feature", "properties": { "name": "", "name_manual": "", "name_original": null, "highway": "steps", "status": "unnamed", "description": "unnamed" }, "geometry": { "type": "LineString", "coordinates": [ [ 14.40873, 40.607393 ], [ 14.408737, 40.607274 ] ] } },
{ "type": "Feature", "properties": { "name": "", "name_manual": "", "name_original": null, "highway": "path", "status": "unnamed", "description": "unnamed" }, "geometry": { "type": "LineString", "coordinates": [ [ 14.4066672, 40.6092969 ], [ 14.4065899, 40.6091797 ], [ 14.4067267, 40.6090045 ], [ 14.4067991, 40.6089251 ] ] } },
{ "type": "Feature", "properties": { "name": "", "name_manual": "", "name_original": null, "highway": "path", "status": "unnamed", "description": "unnamed" }, "geometry": { "type": "LineString", "coordinates": [ [ 14.4086486, 40.6076352 ], [ 14.408721, 40.607545 ], [ 14.4087254, 40.6074711 ], [ 14.40873, 40.607393 ] ] } },
{ "type": "Feature", "properties": { "name": "", "name_manual": "", "name_original": null, "highway": "steps", "status": "unnamed", "description": "unnamed" }, "geometry": { "type": "LineString", "coordinates": [ [ 14.4085009, 40.6078703 ], [ 14.408584, 40.607795 ], [ 14.4086486, 40.6076352 ] ] } },
{ "type": "Feature", "properties": { "name": "", "name_manual": "", "name_original": null, "highway": "path", "status": "unnamed", "description": "unnamed" }, "geometry": { "type": "LineString", "coordinates": [ [ 14.4062303, 40.6098183 ], [ 14.4062942, 40.6097498 ], [ 14.4063263, 40.6097172 ], [ 14.406351, 40.6096855 ], [ 14.4064907, 40.6095045 ], [ 14.4066672, 40.6092969 ], [ 14.4067714, 40.6092254 ], [ 14.406918, 40.609174 ], [ 14.4069676, 40.6091563 ], [ 14.4070563, 40.6090971 ], [ 14.4073003, 40.6089886 ], [ 14.4074929, 40.6089568 ], [ 14.407639, 40.608877 ], [ 14.408041, 40.608526 ], [ 14.4083105, 40.6080228 ], [ 14.4084228, 40.6079216 ], [ 14.4085009, 40.6078703 ] ] } },
{ "type": "Feature", "properties": { "name": "", "name_manual": "", "name_original": null, "highway": "path", "status": "unnamed", "description": "unnamed" }, "geometry": { "type": "LineString", "coordinates": [ [ 14.408726, 40.6071682 ], [ 14.4086632, 40.6072238 ], [ 14.4086471, 40.6072778 ], [ 14.408678, 40.6073389 ], [ 14.40873, 40.607393 ] ] } },
{ "type": "Feature", "properties": { "name": "", "name_manual": "", "name_original": null, "highway": "steps", "status": "unnamed", "description": "unnamed" }, "geometry": { "type": "LineString", "coordinates": [ [ 14.4060811, 40.6148122 ], [ 14.4062948, 40.6146427 ] ] } },
{ "type": "Feature", "properties": { "name": "", "name_manual": "", "name_original": null, "highway": "footway", "status": "unnamed", "description": "unnamed" }, "geometry": { "type": "LineString", "coordinates": [ [ 14.4063911, 40.6142742 ], [ 14.4064638, 40.6143439 ], [ 14.40653, 40.61431 ] ] } },
{ "type": "Feature", "properties": { "name": "", "name_manual": "", "name_original": null, "highway": "service", "status": "unnamed", "description": "unnamed" }, "geometry": { "type": "LineString", "coordinates": [ [ 14.4064933, 40.6144711 ], [ 14.4063911, 40.6142742 ] ] } },
{ "type": "Feature", "properties": { "name": "", "name_manual": "", "name_original": null, "highway": "service", "status": "unnamed", "description": "unnamed" }, "geometry": { "type": "LineString", "coordinates": [ [ 14.4062948, 40.6146427 ], [ 14.4064712, 40.614519 ], [ 14.4064933, 40.6144711 ] ] } },
{ "type": "Feature", "properties": { "name": "", "name_manual": "", "name_original": null, "highway": "service", "status": "unnamed", "description": "unnamed" }, "geometry": { "type": "LineString", "coordinates": [ [ 14.405431, 40.6154069 ], [ 14.4054761, 40.6154352 ] ] } },
{ "type": "Feature", "properties": { "name": "", "name_manual": "", "name_original": null, "highway": "steps", "status": "unnamed", "description": "unnamed" }, "geometry": { "type": "LineString", "coordinates": [ [ 14.4028113, 40.6185952 ], [ 14.4028033, 40.6186063 ] ] } },
{ "type": "Feature", "properties": { "name": "", "name_manual": "", "name_original": null, "highway": "footway", "status": "unnamed", "description": "unnamed" }, "geometry": { "type": "LineString", "coordinates": [ [ 14.4029118, 40.6184573 ], [ 14.4029343, 40.6184658 ], [ 14.4030126, 40.6184807 ], [ 14.4030752, 40.6184915 ] ] } },
{ "type": "Feature", "properties": { "name": "", "name_manual": "", "name_original": null, "highway": "service", "status": "unnamed", "description": "unnamed" }, "geometry": { "type": "LineString", "coordinates": [ [ 14.4027745, 40.6185622 ], [ 14.4027978, 40.618596 ], [ 14.4028033, 40.6186063 ], [ 14.4028354, 40.6186531 ], [ 14.402873, 40.6186781 ], [ 14.402926, 40.6186796 ], [ 14.4029548, 40.6186684 ], [ 14.4029663, 40.6186624 ], [ 14.4029903, 40.6186373 ], [ 14.402985, 40.6186002 ], [ 14.4029555, 40.6185844 ], [ 14.4029213, 40.6185905 ] ] } },
{ "type": "Feature", "properties": { "name": "", "name_manual": "", "name_original": null, "highway": "footway", "status": "unnamed", "description": "unnamed" }, "geometry": { "type": "LineString", "coordinates": [ [ 14.4029292, 40.6183651 ], [ 14.4029605, 40.618379 ], [ 14.4029669, 40.6183818 ], [ 14.4029118, 40.6184573 ], [ 14.4029033, 40.6184691 ], [ 14.4028113, 40.6185952 ] ] } },
{ "type": "Feature", "properties": { "name": "", "name_manual": "", "name_original": null, "highway": "footway", "status": "unnamed", "description": "unnamed" }, "geometry": { "type": "LineString", "coordinates": [ [ 14.4021917, 40.6180006 ], [ 14.4021595, 40.6180948 ] ] } },
{ "type": "Feature", "properties": { "name": "", "name_manual": "", "name_original": null, "highway": "steps", "status": "unnamed", "description": "unnamed" }, "geometry": { "type": "LineString", "coordinates": [ [ 14.4022226, 40.6179497 ], [ 14.4021917, 40.6180006 ] ] } },
{ "type": "Feature", "properties": { "name": "", "name_manual": "", "name_original": null, "highway": "service", "status": "unnamed", "description": "unnamed" }, "geometry": { "type": "LineString", "coordinates": [ [ 14.4016087, 40.6199663 ], [ 14.4016559, 40.619923 ], [ 14.4017989, 40.6198061 ], [ 14.4018249, 40.6197683 ], [ 14.4018813, 40.6196686 ], [ 14.4019329, 40.6196095 ], [ 14.4019577, 40.6195801 ], [ 14.402008, 40.6195204 ], [ 14.4020866, 40.6194106 ], [ 14.4021275, 40.6193576 ], [ 14.4022185, 40.6193074 ], [ 14.4023403, 40.6192285 ], [ 14.4023979, 40.6191811 ], [ 14.4024294, 40.6191445 ], [ 14.4024504, 40.6190982 ], [ 14.402466, 40.6190514 ], [ 14.4024774, 40.6189819 ], [ 14.4024929, 40.6189497 ], [ 14.4026341, 40.6187411 ], [ 14.4027108, 40.6186433 ], [ 14.4027745, 40.6185622 ], [ 14.4029292, 40.6183651 ], [ 14.4029434, 40.618347 ] ] } },
{ "type": "Feature", "properties": { "name": "", "name_manual": "", "name_original": null, "highway": "service", "status": "unnamed", "description": "unnamed" }, "geometry": { "type": "LineString", "coordinates": [ [ 14.39958, 40.6233509 ], [ 14.3995062, 40.6234306 ], [ 14.3994069, 40.6235764 ], [ 14.3993077, 40.6236721 ], [ 14.3992517, 40.623726 ], [ 14.3990656, 40.6239713 ] ] } },
{ "type": "Feature", "properties": { "name": "", "name_manual": "", "name_original": null, "highway": "service", "status": "unnamed", "description": "unnamed" }, "geometry": { "type": "LineString", "coordinates": [ [ 14.3948157, 40.6345837 ], [ 14.3948488, 40.6346221 ], [ 14.3951394, 40.634732 ], [ 14.3952689, 40.6347936 ], [ 14.3953091, 40.6348138 ] ] } },
{ "type": "Feature", "properties": { "name": "", "name_manual": "", "name_original": null, "highway": "service", "status": "unnamed", "description": "unnamed" }, "geometry": { "type": "LineString", "coordinates": [ [ 14.3943481, 40.6343553 ], [ 14.3943726, 40.6343646 ], [ 14.3945597, 40.634455 ] ] } },
{ "type": "Feature", "properties": { "name": "", "name_manual": "", "name_original": null, "highway": "service", "status": "unnamed", "description": "unnamed" }, "geometry": { "type": "LineString", "coordinates": [ [ 14.4067409, 40.619204 ], [ 14.4067394, 40.6192906 ], [ 14.4065242, 40.6195586 ], [ 14.4064021, 40.6197103 ], [ 14.4063726, 40.6197541 ], [ 14.4063766, 40.6197948 ], [ 14.40639, 40.6198212 ], [ 14.406441, 40.6198284 ], [ 14.4064812, 40.6198121 ], [ 14.4065872, 40.6197439 ], [ 14.4069386, 40.6194863 ], [ 14.4070378, 40.6194538 ], [ 14.4071746, 40.6194619 ] ] } },
{ "type": "Feature", "properties": { "name": "", "name_manual": "", "name_original": null, "highway": "service", "status": "unnamed", "description": "unnamed" }, "geometry": { "type": "LineString", "coordinates": [ [ 14.4071026, 40.6176654 ], [ 14.4070391, 40.6176379 ], [ 14.4066516, 40.6174534 ] ] } },
{ "type": "Feature", "properties": { "name": "", "name_manual": "", "name_original": null, "highway": "service", "status": "unnamed", "description": "unnamed" }, "geometry": { "type": "LineString", "coordinates": [ [ 14.4047171, 40.6172924 ], [ 14.4047115, 40.6172078 ], [ 14.4046801, 40.6171745 ], [ 14.404654, 40.6171205 ], [ 14.4046553, 40.6170366 ], [ 14.4046734, 40.6169699 ], [ 14.4047103, 40.6169521 ], [ 14.4048277, 40.6169281 ], [ 14.404949, 40.61692 ] ] } },
{ "type": "Feature", "properties": { "name": "", "name_manual": "", "name_original": null, "highway": "service", "status": "unnamed", "description": "unnamed" }, "geometry": { "type": "LineString", "coordinates": [ [ 14.4048063, 40.6174405 ], [ 14.4048688, 40.6173082 ], [ 14.4048867, 40.6172488 ], [ 14.4049443, 40.6171796 ], [ 14.4050302, 40.6171307 ], [ 14.4050825, 40.6170931 ], [ 14.4052474, 40.6169546 ], [ 14.405344, 40.6168833 ], [ 14.4053829, 40.6168752 ], [ 14.405411, 40.6168925 ], [ 14.4054271, 40.6169159 ], [ 14.4054204, 40.6169587 ], [ 14.4053923, 40.6170116 ], [ 14.4053668, 40.6171022 ], [ 14.4053815, 40.6171704 ], [ 14.4054352, 40.6173221 ] ] } },
{ "type": "Feature", "properties": { "name": "", "name_manual": "", "name_original": null, "highway": "service", "status": "unnamed", "description": "unnamed" }, "geometry": { "type": "LineString", "coordinates": [ [ 14.4058067, 40.6190846 ], [ 14.4058657, 40.6190206 ], [ 14.4058741, 40.6189929 ], [ 14.405872, 40.6189661 ], [ 14.4058543, 40.6189412 ], [ 14.4058429, 40.6189015 ], [ 14.4058395, 40.6188511 ], [ 14.4058717, 40.6187631 ], [ 14.4058891, 40.6187157 ], [ 14.4058851, 40.6186811 ], [ 14.4058114, 40.6186012 ], [ 14.4057282, 40.6185004 ], [ 14.4056933, 40.6184327 ], [ 14.4056518, 40.6183772 ], [ 14.405641, 40.6183508 ], [ 14.4056424, 40.6183065 ], [ 14.4056699, 40.6182103 ], [ 14.4056786, 40.6181767 ], [ 14.4056705, 40.6181487 ], [ 14.4056524, 40.6181177 ], [ 14.4056357, 40.6180841 ], [ 14.4056223, 40.6180398 ], [ 14.4056176, 40.617995 ], [ 14.4056122, 40.6178158 ], [ 14.4055572, 40.6177568 ] ] } },
{ "type": "Feature", "properties": { "name": "", "name_manual": "", "name_original": null, "highway": "service", "status": "unnamed", "description": "unnamed" }, "geometry": { "type": "LineString", "coordinates": [ [ 14.4084488, 40.6178043 ], [ 14.4084688, 40.6178352 ], [ 14.4085398, 40.6179268 ], [ 14.4086565, 40.617994 ], [ 14.408682, 40.6180337 ], [ 14.4086954, 40.6182098 ] ] } },
{ "type": "Feature", "properties": { "name": "", "name_manual": "", "name_original": null, "highway": "service", "status": "unnamed", "description": "unnamed" }, "geometry": { "type": "LineString", "coordinates": [ [ 14.407129, 40.6159773 ], [ 14.4070244, 40.6157136 ], [ 14.4068916, 40.6154602 ] ] } },
{ "type": "Feature", "properties": { "name": "", "name_manual": "", "name_original": null, "highway": "service", "status": "unnamed", "description": "unnamed" }, "geometry": { "type": "LineString", "coordinates": [ [ 14.4069379, 40.6160735 ], [ 14.4068269, 40.6159712 ], [ 14.4065885, 40.6158409 ], [ 14.4064759, 40.6158287 ], [ 14.4063069, 40.615845 ], [ 14.4061835, 40.6158551 ], [ 14.4059877, 40.6158684 ] ] } },
{ "type": "Feature", "properties": { "name": "", "name_manual": "", "name_original": null, "highway": "service", "status": "unnamed", "description": "unnamed" }, "geometry": { "type": "LineString", "coordinates": [ [ 14.407225, 40.6165081 ], [ 14.4072457, 40.6164629 ], [ 14.4072805, 40.6163362 ], [ 14.4072671, 40.6162618 ], [ 14.4072443, 40.6161931 ], [ 14.407129, 40.6159773 ], [ 14.4070029, 40.6158572 ], [ 14.4069439, 40.6157981 ], [ 14.4068836, 40.6157462 ], [ 14.4067816, 40.6157086 ], [ 14.4066381, 40.6156689 ], [ 14.4064665, 40.6156607 ], [ 14.4063404, 40.6156597 ] ] } },
{ "type": "Feature", "properties": { "name": "", "name_manual": "", "name_original": null, "highway": "service", "status": "unnamed", "description": "unnamed" }, "geometry": { "type": "LineString", "coordinates": [ [ 14.407048, 40.6165587 ], [ 14.4070491, 40.6165173 ], [ 14.4070726, 40.6164664 ], [ 14.4071243, 40.6164023 ], [ 14.4071437, 40.6163458 ], [ 14.4071491, 40.6162939 ], [ 14.4071444, 40.6162425 ], [ 14.4071323, 40.6161982 ], [ 14.4071129, 40.6161626 ], [ 14.4070827, 40.61613 ], [ 14.4070445, 40.6160954 ], [ 14.4070063, 40.6160725 ], [ 14.4069627, 40.6160644 ], [ 14.4069379, 40.6160735 ], [ 14.4069305, 40.6161086 ], [ 14.4069486, 40.6162542 ], [ 14.406848, 40.6164018 ], [ 14.4068185, 40.6164176 ], [ 14.4064484, 40.616579 ], [ 14.406205, 40.6166823 ], [ 14.4060937, 40.6168065 ], [ 14.4060085, 40.6168696 ], [ 14.4059978, 40.6169236 ], [ 14.4059958, 40.6169841 ], [ 14.4060112, 40.6170131 ], [ 14.4060279, 40.6170406 ], [ 14.4062043, 40.6171699 ], [ 14.4063726, 40.6172534 ] ] } },
{ "type": "Feature", "properties": { "name": "", "name_manual": "", "name_original": null, "highway": "service", "status": "unnamed", "description": "unnamed" }, "geometry": { "type": "LineString", "coordinates": [ [ 14.4077844, 40.6165576 ], [ 14.4077588, 40.6164868 ], [ 14.4077472, 40.6164682 ], [ 14.407706, 40.6164294 ], [ 14.4076547, 40.6164143 ], [ 14.4075729, 40.6163988 ], [ 14.4074924, 40.6163909 ] ] } }
]
}
