{
"type": "FeatureCollection",
"name": "strade_unnamed",
"crs": { "type": "name", "properties": { "name": "urn:ogc:def:crs:OGC:1.3:CRS84" } },
"features": [
{ "type": "Feature", "properties": { "name": "", "name_manual": "", "name_original": null, "highway": "service", "status": "unnamed", "description": "unnamed" }, "geometry": { "type": "LineString", "coordinates": [ [ 14.4118494, 40.637642 ], [ 14.4116512, 40.6378011 ], [ 14.4116096, 40.6378174 ], [ 14.4115627, 40.6378011 ], [ 14.4108546, 40.6373126 ], [ 14.4106159, 40.6371579 ], [ 14.4105434, 40.6370989 ], [ 14.4105167, 40.6370577 ] ] } },
{ "type": "Feature", "properties": { "name": "", "name_manual": "", "name_original": null, "highway": "unclassified", "status": "unnamed", "description": "unnamed" }, "geometry": { "type": "LineString", "coordinates": [ [ 14.4131924, 40.6302189 ], [ 14.4132368, 40.6302615 ], [ 14.4134662, 40.6304261 ], [ 14.4134949, 40.6304519 ], [ 14.4137584, 40.6306375 ], [ 14.4138358, 40.6306756 ], [ 14.4138783, 40.6306988 ] ] } },
{ "type": "Feature", "properties": { "name": "", "name_manual": "", "name_original": null, "highway": "service", "status": "unnamed", "description": "unnamed" }, "geometry": { "type": "LineString", "coordinates": [ [ 14.4153067, 40.6308497 ], [ 14.4153525, 40.6308164 ], [ 14.4157139, 40.6305536 ], [ 14.415987, 40.630355 ] ] } },
{ "type": "Feature", "properties": { "name": "", "name_manual": "", "name_original": null, "highway": "service", "status": "unnamed", "description": "unnamed" }, "geometry": { "type": "LineString", "coordinates": [ [ 14.4170967, 40.6310233 ], [ 14.4165111, 40.6305486 ], [ 14.4168707, 40.630293 ], [ 14.4173609, 40.6306903 ] ] } },
{ "type": "Feature", "properties": { "name": "", "name_manual": "", "name_original": null, "highway": "service", "status": "unnamed", "description": "unnamed" }, "geometry": { "type": "LineString", "coordinates": [ [ 14.4070313, 40.6285103 ], [ 14.4072128, 40.6283675 ], [ 14.4073956, 40.6281728 ], [ 14.4074019, 40.6281648 ], [ 14.407433, 40.6281261 ] ] } },
{ "type": "Feature", "properties": { "name": "", "name_manual": "", "name_original": null, "highway": "unclassified", "status": "unnamed", "description": "unnamed" }, "geometry": { "type": "LineString", "coordinates": [ [ 14.4256302, 40.612253 ], [ 14.4258553, 40.6124203 ], [ 14.425999, 40.612493 ], [ 14.4261858, 40.612493 ], [ 14.4263966, 40.6124894 ], [ 14.4265451, 40.6125548 ], [ 14.4269714, 40.6127257 ], [ 14.4271486, 40.6127693 ], [ 14.4272636, 40.6127512 ], [ 14.4274025, 40.6127003 ], [ 14.4275845, 40.6126275 ], [ 14.4277378, 40.612653 ], [ 14.4278384, 40.6127439 ], [ 14.4279534, 40.6127948 ], [ 14.4281402, 40.6127657 ], [ 14.4282264, 40.6127039 ], [ 14.4283605, 40.6127766 ], [ 14.4286192, 40.6128348 ], [ 14.4288683, 40.6128457 ], [ 14.4290216, 40.6128384 ], [ 14.4291605, 40.6128712 ], [ 14.4294958, 40.6129002 ], [ 14.4295533, 40.612973 ], [ 14.4295149, 40.6130348 ], [ 14.4293377, 40.6130093 ], [ 14.4288827, 40.6129948 ], [ 14.4283318, 40.6129839 ], [ 14.4281785, 40.6130821 ], [ 14.42803, 40.613133 ], [ 14.4278097, 40.6131148 ], [ 14.4275961, 40.6130972 ], [ 14.4274237, 40.6131583 ], [ 14.4273125, 40.6131554 ], [ 14.4271094, 40.6130594 ], [ 14.4269715, 40.6130361 ], [ 14.4267875, 40.6130914 ], [ 14.4266917, 40.6130623 ], [ 14.4265998, 40.6129489 ], [ 14.4264963, 40.6129489 ], [ 14.4263507, 40.613039 ], [ 14.4262012, 40.6130478 ], [ 14.4260556, 40.6130274 ], [ 14.4259866, 40.6129896 ], [ 14.4257107, 40.613007 ], [ 14.4256034, 40.612943 ], [ 14.4254923, 40.6128907 ], [ 14.4253544, 40.6128645 ], [ 14.4250631, 40.6126696 ], [ 14.4248945, 40.6125241 ], [ 14.424837, 40.6124514 ], [ 14.4247374, 40.6124572 ], [ 14.4247259, 40.6125503 ], [ 14.4247527, 40.6125823 ], [ 14.4248409, 40.612594 ], [ 14.42486, 40.6126405 ], [ 14.4249137, 40.6126812 ], [ 14.4252279, 40.6128383 ], [ 14.4252739, 40.6129081 ], [ 14.4252739, 40.6129547 ], [ 14.4254693, 40.612975 ], [ 14.4255498, 40.6130769 ], [ 14.4256839, 40.6131554 ], [ 14.4258372, 40.6131845 ], [ 14.42632, 40.6132572 ], [ 14.4264657, 40.6133299 ], [ 14.4266228, 40.6134259 ], [ 14.426799, 40.6134259 ], [ 14.4269408, 40.6134056 ], [ 14.4271976, 40.6134608 ], [ 14.4274237, 40.6135016 ], [ 14.4278145, 40.6134958 ], [ 14.4281594, 40.6134521 ], [ 14.428466, 40.6134288 ], [ 14.4287036, 40.613487 ], [ 14.4287611, 40.6135801 ], [ 14.4287342, 40.6136412 ], [ 14.4286576, 40.6136616 ], [ 14.4285924, 40.6136383 ], [ 14.4285311, 40.6136034 ], [ 14.4283893, 40.6135917 ], [ 14.4281518, 40.6136179 ], [ 14.427941, 40.6136383 ], [ 14.4277915, 40.6136674 ], [ 14.4277264, 40.613743 ], [ 14.4277647, 40.6137779 ], [ 14.4278375, 40.6137866 ], [ 14.427987, 40.6137721 ], [ 14.4281824, 40.6137576 ], [ 14.4284545, 40.6137779 ], [ 14.4284928, 40.6138303 ], [ 14.4285273, 40.6139408 ], [ 14.4286078, 40.6140281 ], [ 14.4287151, 40.6140659 ], [ 14.4288684, 40.6140281 ], [ 14.4290063, 40.6139612 ], [ 14.4290944, 40.6139757 ], [ 14.4291136, 40.6140746 ], [ 14.429037, 40.6141386 ], [ 14.4288875, 40.6141648 ], [ 14.4286844, 40.6141939 ], [ 14.428535, 40.6142259 ], [ 14.4284162, 40.6141765 ], [ 14.428328, 40.6141037 ], [ 14.4282476, 40.6140165 ], [ 14.4281633, 40.6138739 ], [ 14.4280828, 40.6138303 ], [ 14.4279908, 40.6138594 ], [ 14.4279678, 40.6139379 ], [ 14.4280368, 40.6139874 ], [ 14.4281441, 40.6140252 ], [ 14.4281786, 40.6141357 ], [ 14.4282399, 40.6142375 ], [ 14.4283357, 40.6142957 ], [ 14.4284966, 40.6143364 ], [ 14.4286614, 40.6143161 ], [ 14.4287879, 40.6142783 ], [ 14.4289412, 40.6142724 ], [ 14.4289335, 40.6143539 ], [ 14.4288684, 40.6144033 ], [ 14.4288032, 40.6144179 ], [ 14.4287419, 40.6143946 ], [ 14.4285196, 40.6144121 ], [ 14.4283319, 40.6144121 ], [ 14.4281518, 40.6143568 ], [ 14.4280751, 40.6142637 ], [ 14.4279946, 40.614191 ], [ 14.4278988, 40.6141677 ], [ 14.4278337, 40.6142434 ], [ 14.4278529, 40.6143015 ], [ 14.427941, 40.6143277 ], [ 14.4280368, 40.614351 ], [ 14.4281594, 40.6144266 ], [ 14.428374, 40.6145197 ], [ 14.4285196, 40.6145459 ], [ 14.4287304, 40.6145343 ], [ 14.428922, 40.6145663 ], [ 14.4290868, 40.6145663 ], [ 14.4292362, 40.6145663 ], [ 14.4293205, 40.6145953 ], [ 14.4293359, 40.6146681 ], [ 14.4293052, 40.6147321 ], [ 14.4292171, 40.6147408 ], [ 14.4291098, 40.614735 ], [ 14.4290485, 40.6147088 ], [ 14.4288875, 40.6147088 ], [ 14.4286384, 40.6147204 ], [ 14.4284545, 40.6147524 ], [ 14.4283472, 40.6147437 ], [ 14.4282092, 40.614671 ], [ 14.4280521, 40.6145982 ], [ 14.4278682, 40.6144935 ], [ 14.4277571, 40.614415 ], [ 14.4276459, 40.6144266 ], [ 14.4276459, 40.6145139 ], [ 14.4277456, 40.6145604 ], [ 14.4278873, 40.6146099 ], [ 14.4280828, 40.6147233 ], [ 14.4282437, 40.6148251 ], [ 14.4283625, 40.6148891 ], [ 14.4285043, 40.6148891 ], [ 14.4287112, 40.6149328 ], [ 14.4289335, 40.6149822 ], [ 14.429014, 40.615023 ], [ 14.4290025, 40.6151073 ], [ 14.4289067, 40.6151335 ], [ 14.4287611, 40.6151015 ], [ 14.4286001, 40.6150375 ], [ 14.42842, 40.61502 ], [ 14.4282897, 40.6150084 ], [ 14.4281748, 40.6150113 ], [ 14.4281096, 40.6150695 ], [ 14.4281441, 40.6151219 ], [ 14.4282744, 40.6151219 ], [ 14.4284468, 40.6151189 ], [ 14.4286154, 40.6151684 ], [ 14.4287036, 40.6152469 ], [ 14.4287534, 40.6153633 ], [ 14.4287649, 40.6155524 ], [ 14.4287572, 40.6157007 ], [ 14.4287151, 40.6157327 ], [ 14.4286538, 40.6157153 ], [ 14.4286193, 40.61566 ], [ 14.4286039, 40.6155407 ], [ 14.428558, 40.6154098 ], [ 14.4284851, 40.6153662 ], [ 14.428397, 40.6153662 ], [ 14.4283434, 40.6154215 ], [ 14.428351, 40.6155029 ], [ 14.4283855, 40.6158433 ], [ 14.4284123, 40.6163436 ], [ 14.4284315, 40.6164687 ], [ 14.4286054, 40.616756 ], [ 14.4286231, 40.6168323 ], [ 14.4286081, 40.6168772 ], [ 14.4285873, 40.6169013 ], [ 14.4284775, 40.6169486 ], [ 14.4284458, 40.6169943 ], [ 14.4284488, 40.6170457 ], [ 14.4284807, 40.6170902 ], [ 14.4285359, 40.617152 ], [ 14.4285639, 40.6171995 ], [ 14.4286086, 40.6172789 ] ] } },
{ "type": "Feature", "properties": { "name": "", "name_manual": "", "name_original": null, "highway": "unclassified", "status": "unnamed", "description": "unnamed" }, "geometry": { "type": "LineString", "coordinates": [ [ 14.4293617, 40.6126748 ], [ 14.4292227, 40.6125439 ], [ 14.4291126, 40.6125221 ], [ 14.4290934, 40.6126384 ], [ 14.4292036, 40.6127075 ], [ 14.4293712, 40.6127366 ], [ 14.4295581, 40.6127366 ], [ 14.4297209, 40.6128021 ], [ 14.4297497, 40.6129439 ], [ 14.4297928, 40.6131002 ], [ 14.4297113, 40.6131766 ], [ 14.4296155, 40.6131148 ], [ 14.429582, 40.6130639 ], [ 14.4295149, 40.6130348 ] ] } },
{ "type": "Feature", "properties": { "name": "", "name_manual": "", "name_original": null, "highway": "residential", "status": "unnamed", "description": "unnamed" }, "geometry": { "type": "LineString", "coordinates": [ [ 14.4237854, 40.6237519 ], [ 14.4239216, 40.6237728 ], [ 14.4240388, 40.6238033 ], [ 14.424145, 40.6237924 ] ] } },
{ "type": "Feature", "properties": { "name": "", "name_manual": "", "name_original": null, "highway": "service", "status": "unnamed", "description": "unnamed" }, "geometry": { "type": "LineString", "coordinates": [ [ 14.4319139, 40.621228 ], [ 14.4319569, 40.6211252 ], [ 14.4319582, 40.621055 ], [ 14.4319421, 40.6209949 ], [ 14.4319126, 40.6209084 ], [ 14.4319072, 40.620828 ], [ 14.4319247, 40.6207578 ], [ 14.431985, 40.6206346 ], [ 14.4320695, 40.6204585 ], [ 14.4320869, 40.620373 ], [ 14.4320816, 40.6201195 ], [ 14.4320789, 40.620032 ], [ 14.4320387, 40.6199933 ], [ 14.4319636, 40.6199485 ], [ 14.4318938, 40.6198894 ], [ 14.4318187, 40.6198518 ], [ 14.4316913, 40.6198202 ], [ 14.4316202, 40.6198172 ], [ 14.4315626, 40.6198314 ], [ 14.4314821, 40.6198467 ], [ 14.4313627, 40.6198569 ], [ 14.4312407, 40.6198436 ], [ 14.4311844, 40.6198212 ], [ 14.43112, 40.6197826 ], [ 14.4310516, 40.6197103 ], [ 14.4309296, 40.6195993 ], [ 14.4308089, 40.619526 ], [ 14.430723, 40.6195036 ], [ 14.4306493, 40.6195108 ], [ 14.430605, 40.6195515 ], [ 14.4305983, 40.6196095 ], [ 14.4306158, 40.6196818 ], [ 14.4306734, 40.6197215 ], [ 14.4307686, 40.619753 ], [ 14.4308303, 40.6197876 ], [ 14.4310932, 40.6199872 ], [ 14.4312716, 40.6201714 ], [ 14.4313131, 40.6202447 ], [ 14.4312997, 40.6202895 ], [ 14.4312742, 40.6203058 ], [ 14.4312045, 40.6203109 ], [ 14.4311361, 40.6202987 ], [ 14.4310409, 40.6202569 ], [ 14.4309148, 40.620205 ], [ 14.4307646, 40.6201673 ], [ 14.4306117, 40.6201327 ], [ 14.430483, 40.6201073 ], [ 14.4303851, 40.6200574 ], [ 14.4303328, 40.6200085 ], [ 14.4303234, 40.6199526 ], [ 14.430314, 40.619866 ], [ 14.4302402, 40.6197887 ], [ 14.4301906, 40.6197683 ], [ 14.430145, 40.6197795 ] ] } },
{ "type": "Feature", "properties": { "name": "", "name_manual": "", "name_original": null, "highway": "service", "status": "unnamed", "description": "unnamed" }, "geometry": { "type": "LineString", "coordinates": [ [ 14.4161614, 40.6335831 ], [ 14.4160867, 40.6336558 ], [ 14.4160091, 40.6337157 ], [ 14.4159289, 40.6337825 ], [ 14.4158459, 40.6338542 ], [ 14.4156043, 40.6340632 ], [ 14.4155783, 40.6340911 ], [ 14.4155022, 40.6341801 ], [ 14.4154033, 40.6342861 ], [ 14.4153766, 40.6343133 ], [ 14.4153452, 40.6343454 ] ] } },
{ "type": "Feature", "properties": { "name": "", "name_manual": "", "name_original": null, "highway": "service", "status": "unnamed", "description": "unnamed" }, "geometry": { "type": "LineString", "coordinates": [ [ 14.4145175, 40.6339249 ], [ 14.4145447, 40.6338955 ], [ 14.4147811, 40.6336309 ], [ 14.4148736, 40.6335289 ], [ 14.4149406, 40.6334552 ], [ 14.4150043, 40.6333862 ], [ 14.4150631, 40.6333242 ], [ 14.4150862, 40.6333389 ], [ 14.4152099, 40.6334094 ] ] } },
{ "type": "Feature", "properties": { "name": "", "name_manual": "", "name_original": null, "highway": "residential", "status": "unnamed", "description": "unnamed" }, "geometry": { "type": "LineString", "coordinates": [ [ 14.426739, 40.6162109 ], [ 14.4265065, 40.6162445 ], [ 14.4261819, 40.6164739 ], [ 14.4260139, 40.6165957 ], [ 14.425846, 40.6166411 ], [ 14.4256557, 40.6166637 ] ] } },
{ "type": "Feature", "properties": { "name": "", "name_manual": "", "name_original": null, "highway": "residential", "status": "unnamed", "description": "unnamed" }, "geometry": { "type": "LineString", "coordinates": [ [ 14.427703, 40.617428 ], [ 14.4276454, 40.6173528 ], [ 14.4273763, 40.6168301 ], [ 14.4271295, 40.6163912 ], [ 14.426739, 40.6162109 ], [ 14.4264699, 40.6160226 ], [ 14.4262957, 40.6158464 ], [ 14.426301, 40.6152816 ] ] } },
{ "type": "Feature", "properties": { "name": "", "name_manual": "", "name_original": null, "highway": "path", "status": "unnamed", "description": "unnamed" }, "geometry": { "type": "LineString", "coordinates": [ [ 14.4381691, 40.6220321 ], [ 14.4381129, 40.6220585 ], [ 14.437976, 40.622118 ], [ 14.437775, 40.622274 ], [ 14.437506, 40.622386 ], [ 14.437297, 40.622417 ], [ 14.437222, 40.622464 ], [ 14.437171, 40.622494 ], [ 14.437096, 40.622521 ], [ 14.436868, 40.622637 ], [ 14.436664, 40.622753 ], [ 14.43646, 40.62285 ], [ 14.436224, 40.622952 ], [ 14.435849, 40.623151 ], [ 14.435739, 40.623206 ], [ 14.435573, 40.623302 ], [ 14.43554, 40.62332 ], [ 14.43535, 40.623404 ], [ 14.43528, 40.623438 ], [ 14.435181, 40.6235 ], [ 14.435081, 40.623598 ], [ 14.435069, 40.623605 ], [ 14.434848, 40.623667 ], [ 14.434795, 40.623687 ], [ 14.434598, 40.623772 ], [ 14.434517, 40.623834 ] ] } },
{ "type": "Feature", "properties": { "name": "", "name_manual": "", "name_original": null, "highway": "path", "status": "unnamed", "description": "unnamed" }, "geometry": { "type": "LineString", "coordinates": [ [ 14.4351656, 40.6168838 ], [ 14.435318, 40.61684 ], [ 14.43548, 40.61671 ], [ 14.43554, 40.61634 ], [ 14.43564, 40.61627 ], [ 14.43568, 40.61616 ], [ 14.43616, 40.61599 ], [ 14.43635, 40.61598 ], [ 14.4363881, 40.6159708 ], [ 14.43653, 40.61594 ], [ 14.4366, 40.61575 ], [ 14.4367, 40.61563 ], [ 14.43683, 40.61556 ], [ 14.43677, 40.61606 ], [ 14.43682, 40.61619 ], [ 14.43694, 40.61633 ], [ 14.437, 40.61631 ], [ 14.43704, 40.61617 ], [ 14.43718, 40.61629 ], [ 14.4372, 40.61615 ], [ 14.43726, 40.61606 ], [ 14.43731, 40.61616 ], [ 14.43749, 40.61611 ], [ 14.43751, 40.61596 ], [ 14.43761, 40.61593 ], [ 14.43777, 40.61605 ], [ 14.43819, 40.61606 ], [ 14.43833, 40.61611 ], [ 14.43847, 40.61604 ], [ 14.43851, 40.61592 ], [ 14.43906, 40.61596 ], [ 14.4393, 40.6159 ], [ 14.43958, 40.61591 ], [ 14.43979, 40.61585 ], [ 14.44007, 40.61588 ], [ 14.44012, 40.61598 ], [ 14.44023, 40.61605 ], [ 14.44025, 40.61614 ], [ 14.44023, 40.6162 ], [ 14.44027, 40.61622 ], [ 14.4404, 40.61617 ], [ 14.44053, 40.61601 ], [ 14.44069, 40.616 ], [ 14.44076, 40.61597 ], [ 14.44074, 40.61594 ], [ 14.44074, 40.61589 ], [ 14.440964, 40.616011 ], [ 14.44105, 40.61603 ], [ 14.44116, 40.61609 ], [ 14.44124, 40.61612 ], [ 14.4413, 40.61617 ], [ 14.4413, 40.61621 ], [ 14.44143, 40.61622 ], [ 14.4415, 40.61625 ], [ 14.44163, 40.61632 ], [ 14.4418, 40.61637 ], [ 14.44189, 40.61634 ], [ 14.44184, 40.61629 ], [ 14.44182, 40.61626 ], [ 14.44178, 40.61623 ], [ 14.44163, 40.61614 ], [ 14.44169, 40.61615 ], [ 14.441885, 40.616178 ] ] } },
{ "type": "Feature", "properties": { "name": "", "name_manual": "", "name_original": null, "highway": "path", "status": "unnamed", "description": "unnamed" }, "geometry": { "type": "LineString", "coordinates": [ [ 14.4321, 40.61778 ], [ 14.43229, 40.6177 ], [ 14.43265, 40.61771 ], [ 14.43285, 40.61778 ], [ 14.43288, 40.61775 ], [ 14.43343, 40.61778 ], [ 14.43365, 40.61769 ], [ 14.43386, 40.61767 ], [ 14.43405, 40.61756 ], [ 14.43412, 40.61749 ], [ 14.4343, 40.61742 ], [ 14.43475, 40.61709 ], [ 14.4351399, 40.6169952 ], [ 14.4351656, 40.6168838 ] ] } },
{ "type": "Feature", "properties": { "name": "", "name_manual": "", "name_original": null, "highway": "service", "status": "unnamed", "description": "unnamed" }, "geometry": { "type": "LineString", "coordinates": [ [ 14.4096559, 40.6253151 ], [ 14.40958, 40.62549 ], [ 14.40941, 40.62563 ], [ 14.4093374, 40.6256743 ], [ 14.4088902, 40.6259472 ], [ 14.40893, 40.62619 ], [ 14.40883, 40.62636 ], [ 14.40868, 40.6265 ], [ 14.40871, 40.62666 ], [ 14.40871, 40.6267176 ] ] } },
{ "type": "Feature", "properties": { "name": "", "name_manual": "", "name_original": null, "highway": "service", "status": "unnamed", "description": "unnamed" }, "geometry": { "type": "LineString", "coordinates": [ [ 14.406132, 40.6418656 ], [ 14.4061708, 40.6418915 ], [ 14.4060729, 40.6420987 ], [ 14.4059562, 40.6423011 ], [ 14.4059546, 40.6423267 ], [ 14.4059723, 40.642368 ], [ 14.405943, 40.6423959 ], [ 14.4058623, 40.6424407 ], [ 14.4058184, 40.6424537 ], [ 14.4056657, 40.6424589 ] ] } },
{ "type": "Feature", "properties": { "name": "", "name_manual": "", "name_original": null, "highway": "service", "status": "unnamed", "description": "unnamed" }, "geometry": { "type": "LineString", "coordinates": [ [ 14.4056657, 40.6424589 ], [ 14.4058122, 40.6425672 ] ] } },
{ "type": "Feature", "properties": { "name": "", "name_manual": "", "name_original": null, "highway": "footway", "status": "unnamed", "description": "unnamed" }, "geometry": { "type": "LineString", "coordinates": [ [ 14.4056657, 40.6424589 ], [ 14.405638, 40.6424325 ], [ 14.4055923, 40.6424008 ], [ 14.4055802, 40.642326 ], [ 14.405601, 40.6422355 ], [ 14.4056358, 40.6422236 ] ] } },
{ "type": "Feature", "properties": { "name": "", "name_manual": "", "name_original": null, "highway": "footway", "status": "unnamed", "description": "unnamed" }, "geometry": { "type": "LineString", "coordinates": [ [ 14.4061708, 40.6418915 ], [ 14.4062823, 40.6419241 ], [ 14.4065137, 40.6420091 ], [ 14.4064752, 40.6420582 ], [ 14.4064953, 40.6420883 ], [ 14.4065609, 40.6421229 ], [ 14.4065733, 40.6421264 ], [ 14.4066241, 40.6421405 ], [ 14.4066871, 40.6421582 ], [ 14.4067297, 40.6421532 ], [ 14.4067535, 40.6421571 ], [ 14.4067972, 40.6421701 ], [ 14.4068311, 40.6421745 ], [ 14.4068898, 40.6421544 ], [ 14.4069528, 40.6420791 ], [ 14.4065669, 40.6419243 ], [ 14.4063756, 40.6418575 ], [ 14.4063371, 40.6418636 ], [ 14.4062823, 40.6419241 ] ] } },
{ "type": "Feature", "properties": { "name": "", "name_manual": "", "name_original": null, "highway": "footway", "status": "unnamed", "description": "unnamed" }, "geometry": { "type": "LineString", "coordinates": [ [ 14.4059546, 40.6423267 ], [ 14.4062019, 40.642408 ], [ 14.4062898, 40.6424196 ], [ 14.4063899, 40.6423976 ], [ 14.4065055, 40.6422994 ], [ 14.4064796, 40.6422806 ], [ 14.4064063, 40.6422214 ], [ 14.4063456, 40.6421923 ], [ 14.4060729, 40.6420987 ] ] } },
{ "type": "Feature", "properties": { "name": "", "name_manual": "", "name_original": null, "highway": "footway", "status": "unnamed", "description": "unnamed" }, "geometry": { "type": "LineString", "coordinates": [ [ 14.4065733, 40.6421264 ], [ 14.4065609, 40.6421522 ], [ 14.4065525, 40.6421907 ] ] } },
{ "type": "Feature", "properties": { "name": "", "name_manual": "", "name_original": null, "highway": "footway", "status": "unnamed", "description": "unnamed" }, "geometry": { "type": "LineString", "coordinates": [ [ 14.4065828, 40.6422369 ], [ 14.4066268, 40.6422065 ], [ 14.4066871, 40.6421582 ] ] } },
{ "type": "Feature", "properties": { "name": "", "name_manual": "", "name_original": null, "highway": "footway", "status": "unnamed", "description": "unnamed" }, "geometry": { "type": "LineString", "coordinates": [ [ 14.4066268, 40.6422065 ], [ 14.4066593, 40.6422481 ] ] } },
{ "type": "Feature", "properties": { "name": "", "name_manual": "", "name_original": null, "highway": "service", "status": "unnamed", "description": "unnamed" }, "geometry": { "type": "LineString", "coordinates": [ [ 14.4059423, 40.6412541 ], [ 14.4062127, 40.6413371 ], [ 14.4062439, 40.641367 ], [ 14.4062516, 40.6414267 ], [ 14.4061853, 40.6416918 ], [ 14.4061811, 40.6417593 ], [ 14.406132, 40.6418656 ], [ 14.406073, 40.6419769 ] ] } },
{ "type": "Feature", "properties": { "name": "", "name_manual": "", "name_original": null, "highway": "steps", "status": "unnamed", "description": "unnamed" }, "geometry": { "type": "LineString", "coordinates": [ [ 14.4056358, 40.6422236 ], [ 14.4057021, 40.6422434 ] ] } },
{ "type": "Feature", "properties": { "name": "", "name_manual": "", "name_original": null, "highway": "footway", "status": "unnamed", "description": "unnamed" }, "geometry": { "type": "LineString", "coordinates": [ [ 14.4057021, 40.6422434 ], [ 14.4057393, 40.6422552 ], [ 14.4059131, 40.6423101 ], [ 14.4060533, 40.6420611 ], [ 14.4058823, 40.6420038 ], [ 14.4057393, 40.6422552 ] ] } },
{ "type": "Feature", "properties": { "name": "", "name_manual": "", "name_original": null, "highway": "footway", "status": "unnamed", "description": "unnamed" }, "geometry": { "type": "LineString", "coordinates": [ [ 14.4065137, 40.6420091 ], [ 14.4065669, 40.6419243 ] ] } },
{ "type": "Feature", "properties": { "name": "", "name_manual": "", "name_original": null, "highway": "service", "status": "unnamed", "description": "unnamed" }, "geometry": { "type": "LineString", "coordinates": [ [ 14.4049818, 40.6437019 ], [ 14.405002, 40.6436037 ], [ 14.4050422, 40.6435193 ], [ 14.4051884, 40.6432323 ], [ 14.4053024, 40.6430063 ], [ 14.4053788, 40.6428461 ], [ 14.4052273, 40.6427743 ], [ 14.4050677, 40.6426975 ], [ 14.4050542, 40.6426507 ], [ 14.4051509, 40.6425148 ], [ 14.4053681, 40.6422492 ], [ 14.4054553, 40.6421485 ], [ 14.4055558, 40.6420757 ] ] } },
{ "type": "Feature", "properties": { "name": "", "name_manual": "", "name_original": null, "highway": "service", "status": "unnamed", "description": "unnamed" }, "geometry": { "type": "LineString", "coordinates": [ [ 14.4055558, 40.6420757 ], [ 14.4055156, 40.6422722 ], [ 14.4055236, 40.6423678 ], [ 14.4055398, 40.6424223 ], [ 14.4055746, 40.6424604 ] ] } },
{ "type": "Feature", "properties": { "name": "", "name_manual": "", "name_original": null, "highway": "service", "status": "unnamed", "description": "unnamed" }, "geometry": { "type": "LineString", "coordinates": [ [ 14.4311065, 40.6186217 ], [ 14.4312091, 40.6186905 ], [ 14.4312575, 40.618759 ], [ 14.4312381, 40.6188494 ], [ 14.4311318, 40.6189424 ], [ 14.4311119, 40.6189674 ] ] } },
{ "type": "Feature", "properties": { "name": "", "name_manual": "", "name_original": null, "highway": "service", "status": "unnamed", "description": "unnamed" }, "geometry": { "type": "LineString", "coordinates": [ [ 14.4307849, 40.6193038 ], [ 14.4310449, 40.6193469 ], [ 14.4315358, 40.6194137 ] ] } },
{ "type": "Feature", "properties": { "name": "", "name_manual": "", "name_original": null, "highway": "service", "status": "unnamed", "description": "unnamed" }, "geometry": { "type": "LineString", "coordinates": [ [ 14.4320239, 40.6189034 ], [ 14.4317117, 40.6192431 ], [ 14.4315358, 40.6194137 ] ] } },
{ "type": "Feature", "properties": { "name": "", "name_manual": "", "name_original": null, "highway": "path", "status": "unnamed", "description": "unnamed" }, "geometry": { "type": "LineString", "coordinates": [ [ 14.4643401, 40.6311054 ], [ 14.4643557, 40.6309305 ], [ 14.4643489, 40.6307184 ], [ 14.4643213, 40.6306285 ], [ 14.464262, 40.6305288 ], [ 14.4640367, 40.6302469 ], [ 14.463937, 40.6301153 ], [ 14.463886, 40.6299988 ], [ 14.4638559, 40.6298716 ], [ 14.4638283, 40.629549 ], [ 14.4638196, 40.6295089 ], [ 14.4637794, 40.6294239 ], [ 14.4637233, 40.6293504 ], [ 14.4636649, 40.6293454 ], [ 14.463543, 40.629353 ], [ 14.4632357, 40.629344 ], [ 14.4622522, 40.6293045 ], [ 14.4618641, 40.629351 ], [ 14.4616013, 40.6294007 ], [ 14.4614585, 40.6294184 ], [ 14.4613781, 40.6294284 ], [ 14.4608817, 40.6294754 ], [ 14.460637, 40.6294409 ], [ 14.460443, 40.629491 ], [ 14.4601341, 40.6295233 ], [ 14.4600729, 40.6295479 ], [ 14.4598937, 40.6295918 ], [ 14.459775, 40.629574 ], [ 14.459633, 40.629574 ], [ 14.459459, 40.629622 ], [ 14.459262, 40.629603 ], [ 14.459075, 40.629625 ], [ 14.458941, 40.629594 ], [ 14.458906, 40.629547 ], [ 14.458799, 40.629533 ], [ 14.458739, 40.629501 ], [ 14.45859, 40.629526 ], [ 14.458519, 40.629501 ], [ 14.458505, 40.629405 ], [ 14.458424, 40.629395 ], [ 14.458408, 40.629336 ], [ 14.458235, 40.629318 ], [ 14.458039, 40.629372 ], [ 14.458012, 40.629308 ], [ 14.457902, 40.629317 ], [ 14.457869, 40.629292 ], [ 14.457782, 40.62929 ], [ 14.457801, 40.629242 ], [ 14.457645, 40.629284 ], [ 14.457555, 40.629278 ], [ 14.457386, 40.62936 ], [ 14.457166, 40.629358 ], [ 14.456648, 40.629174 ], [ 14.45628, 40.629096 ], [ 14.455995, 40.628923 ], [ 14.455905, 40.628969 ], [ 14.455501, 40.629022 ], [ 14.45509, 40.629027 ], [ 14.454848, 40.628967 ], [ 14.4547367, 40.6289755 ], [ 14.454361, 40.629004 ], [ 14.454219, 40.62904 ], [ 14.454046, 40.629015 ], [ 14.453372, 40.629096 ], [ 14.453191, 40.629093 ], [ 14.453053, 40.629194 ], [ 14.452872, 40.629276 ], [ 14.452735, 40.629271 ], [ 14.452643, 40.629255 ], [ 14.452343, 40.629124 ], [ 14.452272, 40.629115 ], [ 14.452224, 40.629062 ], [ 14.452118, 40.629111 ], [ 14.452072, 40.629027 ], [ 14.451986, 40.628954 ], [ 14.451885, 40.629002 ], [ 14.451747, 40.628863 ], [ 14.451528, 40.628711 ], [ 14.451452, 40.628727 ], [ 14.451313, 40.628806 ], [ 14.451209, 40.628767 ], [ 14.451081, 40.628595 ], [ 14.450965, 40.62852 ], [ 14.450805, 40.628468 ], [ 14.450756, 40.628403 ], [ 14.450672, 40.628385 ], [ 14.4505418, 40.6282826 ], [ 14.450414, 40.628182 ], [ 14.450092, 40.628012 ], [ 14.45007, 40.627963 ], [ 14.449891, 40.627856 ], [ 14.449825, 40.627769 ], [ 14.449812, 40.627664 ], [ 14.44997, 40.627696 ], [ 14.449895, 40.627631 ], [ 14.449996, 40.627569 ], [ 14.450097, 40.627564 ], [ 14.450076, 40.627451 ], [ 14.449982, 40.627364 ], [ 14.450007, 40.627314 ], [ 14.449904, 40.627232 ], [ 14.44992, 40.627178 ], [ 14.449951, 40.627162 ], [ 14.44961, 40.626736 ], [ 14.449577, 40.626646 ], [ 14.449487, 40.626556 ], [ 14.449292, 40.626429 ], [ 14.449249, 40.626341 ], [ 14.449053, 40.626289 ], [ 14.448824, 40.626179 ], [ 14.448578, 40.625975 ], [ 14.448395, 40.625729 ], [ 14.447871, 40.625342 ], [ 14.447724, 40.625148 ], [ 14.447675, 40.624798 ], [ 14.447597, 40.624667 ], [ 14.447622, 40.624537 ], [ 14.4475299, 40.6244643 ], [ 14.447437, 40.624393 ], [ 14.447377, 40.623987 ], [ 14.447166, 40.62342 ], [ 14.447256, 40.623064 ], [ 14.447213, 40.623005 ], [ 14.447285, 40.622858 ], [ 14.447266, 40.62249 ], [ 14.447228, 40.622388 ], [ 14.447295, 40.62234 ], [ 14.447285, 40.622283 ], [ 14.447226, 40.622235 ], [ 14.4473543, 40.6220698 ], [ 14.447434, 40.62191 ], [ 14.44742, 40.621836 ], [ 14.447124, 40.621768 ], [ 14.446896, 40.621823 ], [ 14.446203, 40.621847 ], [ 14.44587, 40.621787 ], [ 14.445741, 40.621908 ], [ 14.445425, 40.622026 ], [ 14.445406, 40.622059 ], [ 14.445162, 40.622163 ], [ 14.445025, 40.62227 ], [ 14.4448408, 40.6223162 ], [ 14.4447812, 40.6223513 ], [ 14.4446564, 40.6224144 ], [ 14.4446385, 40.6224434 ], [ 14.4446034, 40.6224856 ], [ 14.4445239, 40.6225257 ], [ 14.4442684, 40.6227101 ], [ 14.444221, 40.6226805 ], [ 14.444191, 40.622562 ], [ 14.4441933, 40.6225159 ], [ 14.4442454, 40.6224465 ], [ 14.4442615, 40.6223142 ], [ 14.4442803, 40.6221788 ], [ 14.444258, 40.621943 ], [ 14.444323, 40.621653 ], [ 14.444266, 40.621438 ], [ 14.444131, 40.621171 ], [ 14.444066, 40.621123 ], [ 14.4439323, 40.6211116 ], [ 14.4438417, 40.6210998 ], [ 14.4437241, 40.6210801 ], [ 14.44361, 40.621058 ], [ 14.443137, 40.620862 ], [ 14.442836, 40.620842 ], [ 14.442491, 40.620967 ], [ 14.442295, 40.621005 ], [ 14.44219, 40.621075 ], [ 14.442002, 40.621143 ], [ 14.441298, 40.621534 ], [ 14.440626, 40.621758 ], [ 14.440398, 40.621779 ], [ 14.440014, 40.621857 ], [ 14.439907, 40.621858 ], [ 14.4394484, 40.6219423 ], [ 14.4391621, 40.621955 ], [ 14.4388959, 40.6219766 ], [ 14.4385896, 40.622082 ], [ 14.4382927, 40.6220769 ], [ 14.4381974, 40.6220542 ], [ 14.4381691, 40.6220321 ], [ 14.43819, 40.621632 ], [ 14.438159, 40.621471 ], [ 14.4381509, 40.6212281 ], [ 14.4382302, 40.621087 ], [ 14.438234, 40.620976 ], [ 14.438328, 40.6208457 ], [ 14.438329, 40.620758 ], [ 14.438201, 40.620661 ], [ 14.4381917, 40.6205928 ], [ 14.4383265, 40.6204864 ], [ 14.4382227, 40.6203733 ], [ 14.4378276, 40.6203885 ], [ 14.4373588, 40.620508 ], [ 14.4370374, 40.6205474 ], [ 14.4367293, 40.620588 ], [ 14.4361666, 40.6206704 ], [ 14.4361819, 40.6205855 ], [ 14.4363192, 40.6204915 ], [ 14.4363861, 40.6203479 ], [ 14.436731, 40.6199997 ], [ 14.4369659, 40.6197693 ], [ 14.4372626, 40.6193546 ], [ 14.437588, 40.6192441 ], [ 14.4376029, 40.6192294 ], [ 14.437343, 40.619228 ], [ 14.43705, 40.619221 ], [ 14.436882, 40.619321 ], [ 14.4361116, 40.6195918 ], [ 14.4357282, 40.6198447 ], [ 14.4356294, 40.6199336 ], [ 14.4355574, 40.6200899 ], [ 14.4354453, 40.620236 ], [ 14.4351355, 40.6204661 ], [ 14.4344776, 40.6207698 ], [ 14.4340725, 40.6208562 ], [ 14.4338063, 40.6209629 ], [ 14.4336271, 40.6210353 ], [ 14.4337845, 40.6207812 ], [ 14.433885, 40.6206592 ], [ 14.4340139, 40.6205626 ], [ 14.4341193, 40.6204648 ], [ 14.434481, 40.619981 ], [ 14.4345864, 40.6193465 ], [ 14.434693, 40.619141 ], [ 14.4350133, 40.6187747 ], [ 14.435313, 40.6185459 ], [ 14.4353351, 40.6185269 ], [ 14.4352782, 40.6185335 ], [ 14.4342824, 40.6188832 ], [ 14.4337767, 40.6192503 ], [ 14.433653, 40.619386 ], [ 14.4335068, 40.6194989 ], [ 14.4329638, 40.6196496 ], [ 14.4329571, 40.6196514 ] ] } },
{ "type": "Feature", "properties": { "name": "", "name_manual": "", "name_original": null, "highway": "service", "status": "unnamed", "description": "unnamed" }, "geometry": { "type": "LineString", "coordinates": [ [ 14.4311119, 40.6189674 ], [ 14.4309965, 40.6190866 ], [ 14.4307849, 40.6193038 ] ] } },
{ "type": "Feature", "properties": { "name": "", "name_manual": "", "name_original": null, "highway": "residential", "status": "unnamed", "description": "unnamed" }, "geometry": { "type": "LineString", "coordinates": [ [ 14.4141706, 40.6273435 ], [ 14.4140758, 40.6274586 ], [ 14.4139632, 40.6276334 ], [ 14.4137781, 40.6278472 ], [ 14.413597, 40.6279919 ], [ 14.4134853, 40.6280159 ] ] } },
{ "type": "Feature", "properties": { "name": "", "name_manual": "", "name_original": null, "highway": "residential", "status": "unnamed", "description": "unnamed" }, "geometry": { "type": "LineString", "coordinates": [ [ 14.4170208, 40.6241892 ], [ 14.4173409, 40.6243861 ], [ 14.4176782, 40.6246342 ] ] } },
{ "type": "Feature", "properties": { "name": "", "name_manual": "", "name_original": null, "highway": "footway", "status": "unnamed", "description": "unnamed" }, "geometry": { "type": "LineString", "coordinates": [ [ 14.4071781, 40.6339723 ], [ 14.4074388, 40.6341208 ], [ 14.407526, 40.6341943 ], [ 14.4076359, 40.634283 ], [ 14.4077586, 40.6343633 ], [ 14.4078885, 40.6344288 ], [ 14.408074, 40.6344832 ] ] } },
{ "type": "Feature", "properties": { "name": "", "name_manual": "", "name_original": null, "highway": "footway", "status": "unnamed", "description": "unnamed" }, "geometry": { "type": "LineString", "coordinates": [ [ 14.4074059, 40.6337606 ], [ 14.4074185, 40.6337934 ], [ 14.4074616, 40.6338248 ], [ 14.4074764, 40.6339367 ], [ 14.407589, 40.6340954 ], [ 14.407699, 40.6341545 ], [ 14.4078894, 40.6341545 ], [ 14.4080793, 40.6342759 ], [ 14.4082373, 40.6342992 ], [ 14.4082422, 40.6343017 ] ] } },
{ "type": "Feature", "properties": { "name": "", "name_manual": "", "name_original": null, "highway": "service", "status": "unnamed", "description": "unnamed" }, "geometry": { "type": "LineString", "coordinates": [ [ 14.4094838, 40.6328961 ], [ 14.4092326, 40.6327569 ] ] } },
{ "type": "Feature", "properties": { "name": "", "name_manual": "", "name_original": null, "highway": "service", "status": "unnamed", "description": "unnamed" }, "geometry": { "type": "LineString", "coordinates": [ [ 14.4218397, 40.618311 ], [ 14.4219512, 40.6183117 ], [ 14.4221079, 40.6183022 ], [ 14.4222483, 40.6182891 ] ] } },
{ "type": "Feature", "properties": { "name": "", "name_manual": "", "name_original": null, "highway": "service", "status": "unnamed", "description": "unnamed" }, "geometry": { "type": "LineString", "coordinates": [ [ 14.4224033, 40.6182748 ], [ 14.4224342, 40.6182723 ], [ 14.4226351, 40.6182557 ], [ 14.4229618, 40.6182218 ], [ 14.4232241, 40.6181798 ], [ 14.4233483, 40.6181307 ], [ 14.4235374, 40.6178484 ] ] } },
{ "type": "Feature", "properties": { "name": "", "name_manual": "", "name_original": null, "highway": "service", "status": "unnamed", "description": "unnamed" }, "geometry": { "type": "LineString", "coordinates": [ [ 14.4222483, 40.6182891 ], [ 14.4224033, 40.6182748 ] ] } },
{ "type": "Feature", "properties": { "name": "", "name_manual": "", "name_original": null, "highway": "service", "status": "unnamed", "description": "unnamed" }, "geometry": { "type": "LineString", "coordinates": [ [ 14.4152306, 40.6216205 ], [ 14.4151823, 40.6215645 ], [ 14.4151226, 40.6215156 ], [ 14.4150998, 40.6214774 ], [ 14.4150951, 40.6214311 ], [ 14.4150898, 40.6213711 ], [ 14.4150388, 40.6213079 ], [ 14.4150322, 40.621256 ], [ 14.4150462, 40.6211553 ], [ 14.4150556, 40.6211324 ], [ 14.4150469, 40.6211135 ], [ 14.4149892, 40.6210932 ], [ 14.4149624, 40.621084 ], [ 14.4149557, 40.6210764 ], [ 14.4149557, 40.6210611 ], [ 14.4149939, 40.6210005 ], [ 14.4149972, 40.6209746 ], [ 14.4149771, 40.6209598 ], [ 14.4148558, 40.6209033 ], [ 14.4148517, 40.6208931 ], [ 14.4148531, 40.6208789 ], [ 14.4148618, 40.6208631 ], [ 14.4149074, 40.6207791 ], [ 14.4149724, 40.6206544 ], [ 14.4150854, 40.6204771 ], [ 14.4151361, 40.6204068 ], [ 14.4151563, 40.6204094 ], [ 14.4152423, 40.6204334 ], [ 14.4152645, 40.6204435 ], [ 14.4152695, 40.6204587 ], [ 14.415256, 40.6204869 ] ] } },
{ "type": "Feature", "properties": { "name": "", "name_manual": "", "name_original": null, "highway": "service", "status": "unnamed", "description": "unnamed" }, "geometry": { "type": "LineString", "coordinates": [ [ 14.4208463, 40.6210148 ], [ 14.4208257, 40.6209736 ], [ 14.4207562, 40.6209054 ], [ 14.4207052, 40.6208516 ], [ 14.4206997, 40.6208131 ], [ 14.4207412, 40.6207934 ], [ 14.4208589, 40.6208087 ], [ 14.4210004, 40.6208195 ], [ 14.4211039, 40.6208022 ], [ 14.4211439, 40.6207608 ], [ 14.4211482, 40.6206957 ], [ 14.4211462, 40.6206336 ], [ 14.421114, 40.6205603 ], [ 14.4210912, 40.6205226 ], [ 14.421055, 40.62049 ], [ 14.4208506, 40.6204195 ] ] } },
{ "type": "Feature", "properties": { "name": "", "name_manual": "", "name_original": null, "highway": "residential", "status": "unnamed", "description": "unnamed" }, "geometry": { "type": "LineString", "coordinates": [ [ 14.4206868, 40.6135591 ], [ 14.4207214, 40.6135498 ], [ 14.4208035, 40.6135157 ], [ 14.4209087, 40.6134495 ], [ 14.4209709, 40.6133693 ], [ 14.4210097, 40.6132901 ], [ 14.421018, 40.6132325 ], [ 14.4210326, 40.61319 ], [ 14.421124, 40.613104 ], [ 14.4211521, 40.613088 ], [ 14.4212013, 40.6130601 ], [ 14.421242, 40.6130333 ], [ 14.4212911, 40.6130018 ], [ 14.4213778, 40.6129607 ], [ 14.4214985, 40.6129373 ] ] } },
{ "type": "Feature", "properties": { "name": "", "name_manual": "", "name_original": null, "highway": "path", "status": "unnamed", "description": "unnamed" }, "geometry": { "type": "LineString", "coordinates": [ [ 14.421124, 40.613104 ], [ 14.4210046, 40.6130121 ], [ 14.4208827, 40.6129711 ], [ 14.4207726, 40.6129514 ], [ 14.4207014, 40.6129197 ], [ 14.4205923, 40.6128664 ], [ 14.420515, 40.6128443 ], [ 14.4204115, 40.6128149 ], [ 14.4203508, 40.612805 ], [ 14.420272, 40.6128026 ], [ 14.420207, 40.6128087 ], [ 14.4201199, 40.6128139 ], [ 14.4200239, 40.6128289 ], [ 14.4199585, 40.6128342 ], [ 14.4198754, 40.612826 ], [ 14.419761, 40.6128276 ], [ 14.4196736, 40.6128313 ], [ 14.4196094, 40.612802 ], [ 14.4195531, 40.6127837 ], [ 14.419487, 40.6127831 ], [ 14.4193402, 40.6128216 ], [ 14.4192567, 40.6128485 ], [ 14.4191803, 40.6128462 ], [ 14.4190946, 40.6128361 ], [ 14.4190465, 40.6128195 ], [ 14.418974, 40.6128055 ], [ 14.4188952, 40.612784 ], [ 14.4188591, 40.612773 ], [ 14.4188328, 40.612768 ], [ 14.4188008, 40.6127616 ] ] } },
{ "type": "Feature", "properties": { "name": "", "name_manual": "", "name_original": null, "highway": "service", "status": "unnamed", "description": "unnamed" }, "geometry": { "type": "LineString", "coordinates": [ [ 14.4090369, 40.6322702 ], [ 14.4090154, 40.6322263 ], [ 14.409011, 40.6322188 ], [ 14.4090067, 40.6322114 ], [ 14.4089621, 40.6321455 ], [ 14.4089222, 40.6320563 ], [ 14.4088228, 40.6317724 ], [ 14.4089176, 40.631483 ], [ 14.4090721, 40.6315225 ], [ 14.4092412, 40.6315481 ], [ 14.4093083, 40.631655 ], [ 14.409433, 40.6319155 ], [ 14.4094491, 40.6319793 ] ] } },
{ "type": "Feature", "properties": { "name": "", "name_manual": "", "name_original": null, "highway": "path", "status": "unnamed", "description": "unnamed" }, "geometry": { "type": "LineString", "coordinates": [ [ 14.4089781, 40.6322265 ], [ 14.408972, 40.6322193 ], [ 14.4089194, 40.6321568 ], [ 14.4089074, 40.6321398 ], [ 14.4088295, 40.6320819 ] ] } },
{ "type": "Feature", "properties": { "name": "", "name_manual": "", "name_original": null, "highway": "footway", "status": "unnamed", "description": "unnamed" }, "geometry": { "type": "LineString", "coordinates": [ [ 14.4022977, 40.6372842 ], [ 14.4022961, 40.6372734 ], [ 14.4022732, 40.6372761 ], [ 14.4014295, 40.6380667 ] ] } },
{ "type": "Feature", "properties": { "name": "", "name_manual": "", "name_original": null, "highway": "service", "status": "unnamed", "description": "unnamed" }, "geometry": { "type": "LineString", "coordinates": [ [ 14.4089773, 40.6312985 ], [ 14.4089837, 40.6312853 ], [ 14.4089865, 40.631276 ], [ 14.4090177, 40.6312336 ] ] } },
{ "type": "Feature", "properties": { "name": "", "name_manual": "", "name_original": null, "highway": "service", "status": "unnamed", "description": "unnamed" }, "geometry": { "type": "LineString", "coordinates": [ [ 14.4089133, 40.6314253 ], [ 14.4089773, 40.6312985 ] ] } },
{ "type": "Feature", "properties": { "name": "", "name_manual": "", "name_original": null, "highway": "service", "status": "unnamed", "description": "unnamed" }, "geometry": { "type": "LineString", "coordinates": [ [ 14.4089176, 40.631483 ], [ 14.4089133, 40.6314253 ] ] } },
{ "type": "Feature", "properties": { "name": "", "name_manual": "", "name_original": null, "highway": "path", "status": "unnamed", "description": "unnamed" }, "geometry": { "type": "LineString", "coordinates": [ [ 14.4446658, 40.6288436 ], [ 14.4447391, 40.6288363 ], [ 14.4447975, 40.6288089 ], [ 14.4448216, 40.6287626 ], [ 14.4448437, 40.6287073 ], [ 14.444902, 40.6284988 ], [ 14.4449245, 40.6283741 ], [ 14.4449898, 40.6282335 ], [ 14.4449962, 40.6282124 ], [ 14.4450377, 40.6280623 ], [ 14.4450887, 40.6279254 ], [ 14.4451591, 40.6277587 ], [ 14.4452117, 40.6276195 ], [ 14.4452352, 40.627565 ], [ 14.4453052, 40.6274114 ], [ 14.4453569, 40.6272841 ], [ 14.4453718, 40.6272557 ], [ 14.4454494, 40.6271387 ], [ 14.4455051, 40.627033 ], [ 14.445558, 40.6269075 ], [ 14.4455715, 40.6268638 ], [ 14.4456065, 40.6267645 ], [ 14.4456204, 40.6266662 ], [ 14.4456422, 40.6266268 ], [ 14.4456866, 40.6265836 ], [ 14.445723, 40.6264706 ], [ 14.4457854, 40.6263668 ], [ 14.4458328, 40.626281 ], [ 14.4458894, 40.6262193 ], [ 14.4459222, 40.6261404 ], [ 14.4459701, 40.6260802 ], [ 14.4460109, 40.6259885 ], [ 14.4460457, 40.6258991 ], [ 14.4460739, 40.625835 ], [ 14.4461146, 40.6257529 ], [ 14.4461671, 40.6256792 ], [ 14.4462114, 40.6256286 ], [ 14.4462463, 40.6255781 ], [ 14.446258, 40.6255564 ], [ 14.4462851, 40.6255058 ], [ 14.4463518, 40.6254494 ], [ 14.4464301, 40.6253805 ], [ 14.4464786, 40.625322 ], [ 14.4465353, 40.6252554 ], [ 14.4465938, 40.6251977 ], [ 14.4466425, 40.6251542 ], [ 14.446715, 40.6251255 ], [ 14.4468005, 40.6250845 ], [ 14.4468493, 40.6250471 ], [ 14.446911, 40.6250009 ], [ 14.4469752, 40.6249465 ], [ 14.4470389, 40.6248966 ], [ 14.4470831, 40.624841 ], [ 14.4471583, 40.6247903 ], [ 14.4472199, 40.6247415 ], [ 14.4472543, 40.6246922 ], [ 14.4473154, 40.6246346 ], [ 14.4473723, 40.6245755 ], [ 14.447407, 40.6245533 ], [ 14.4474409, 40.6245317 ], [ 14.4474837, 40.6244985 ], [ 14.4475299, 40.6244643 ] ] } },
{ "type": "Feature", "properties": { "name": "", "name_manual": "", "name_original": null, "highway": "service", "status": "unnamed", "description": "unnamed" }, "geometry": { "type": "LineString", "coordinates": [ [ 14.4143508, 40.632459 ], [ 14.4144241, 40.6325238 ], [ 14.4144843, 40.6325664 ], [ 14.4146962, 40.6325207 ], [ 14.4148551, 40.6325181 ], [ 14.414971, 40.6325851 ], [ 14.4153821, 40.6327888 ], [ 14.4157067, 40.6328601 ], [ 14.4163383, 40.6323325 ], [ 14.4163396, 40.6323176 ], [ 14.4163489, 40.6323087 ], [ 14.4163776, 40.6322811 ] ] } },
{ "type": "Feature", "properties": { "name": "", "name_manual": "", "name_original": null, "highway": "service", "status": "unnamed", "description": "unnamed" }, "geometry": { "type": "LineString", "coordinates": [ [ 14.4164715, 40.6258465 ], [ 14.4164557, 40.6258656 ], [ 14.416453, 40.6258967 ], [ 14.4164718, 40.6259135 ], [ 14.4167172, 40.6260483 ], [ 14.4169499, 40.6262066 ], [ 14.4170827, 40.6262926 ], [ 14.4170947, 40.6263221 ], [ 14.4170954, 40.6263445 ], [ 14.4170699, 40.6263801 ], [ 14.4168895, 40.6265323 ], [ 14.4167984, 40.6266891 ], [ 14.4167997, 40.6267206 ], [ 14.4168305, 40.626802 ], [ 14.4168292, 40.6268305 ], [ 14.416801, 40.626859 ], [ 14.4166119, 40.6269822 ], [ 14.4164886, 40.6270382 ], [ 14.4163088, 40.6270942 ], [ 14.4162592, 40.6270962 ], [ 14.4162244, 40.627083 ], [ 14.4159964, 40.6269425 ], [ 14.4159575, 40.6269384 ], [ 14.4159199, 40.6269364 ], [ 14.4153298, 40.6265639 ], [ 14.415295, 40.6265506 ], [ 14.4151863, 40.6265486 ], [ 14.4151461, 40.6265374 ], [ 14.4151126, 40.6265089 ], [ 14.4151005, 40.6264835 ], [ 14.4151381, 40.6264183 ], [ 14.4152065, 40.6263735 ], [ 14.4152574, 40.6263664 ], [ 14.415307, 40.6263776 ], [ 14.4153889, 40.6264051 ], [ 14.4154398, 40.626403 ], [ 14.4155243, 40.6263929 ], [ 14.4155739, 40.6263959 ], [ 14.4156396, 40.6264305 ], [ 14.4158891, 40.6266117 ], [ 14.4160956, 40.6267339 ], [ 14.416105, 40.6267461 ], [ 14.4160956, 40.6267766 ], [ 14.4160017, 40.6269008 ], [ 14.4159575, 40.6269384 ] ] } },
{ "type": "Feature", "properties": { "name": "", "name_manual": "", "name_original": null, "highway": "service", "status": "unnamed", "description": "unnamed" }, "geometry": { "type": "LineString", "coordinates": [ [ 14.4171578, 40.6268163 ], [ 14.417434, 40.6265445 ], [ 14.4174662, 40.6265221 ], [ 14.4175547, 40.6264621 ], [ 14.4177653, 40.6263063 ] ] } },
{ "type": "Feature", "properties": { "name": "", "name_manual": "", "name_original": null, "highway": "service", "status": "unnamed", "description": "unnamed" }, "geometry": { "type": "LineString", "coordinates": [ [ 14.4164203, 40.6257933 ], [ 14.4164604, 40.625833 ], [ 14.4164715, 40.6258465 ], [ 14.4164939, 40.6258738 ], [ 14.4166616, 40.6259664 ], [ 14.4170639, 40.626228 ], [ 14.4172771, 40.6263735 ], [ 14.4174662, 40.6265221 ] ] } },
{ "type": "Feature", "properties": { "name": "", "name_manual": "", "name_original": null, "highway": "residential", "status": "unnamed", "description": "unnamed" }, "geometry": { "type": "LineString", "coordinates": [ [ 14.4208794, 40.6224689 ], [ 14.4215351, 40.6225279 ], [ 14.4216934, 40.6225463 ], [ 14.4217792, 40.6225727 ], [ 14.421908, 40.6226175 ], [ 14.421967, 40.6226603 ] ] } },
{ "type": "Feature", "properties": { "name": "", "name_manual": "", "name_original": null, "highway": "service", "status": "unnamed", "description": "unnamed" }, "geometry": { "type": "LineString", "coordinates": [ [ 14.421967, 40.6226603 ], [ 14.4220394, 40.6227193 ], [ 14.4221842, 40.6227824 ], [ 14.42238, 40.6228435 ], [ 14.4224095, 40.622872 ], [ 14.4224068, 40.6229188 ], [ 14.4223881, 40.6229555 ], [ 14.422313, 40.6230674 ], [ 14.4221118, 40.623326 ], [ 14.4219831, 40.6235011 ], [ 14.4218221, 40.6237128 ] ] } },
{ "type": "Feature", "properties": { "name": "", "name_manual": "", "name_original": null, "highway": "secondary_link", "status": "unnamed", "description": "unnamed" }, "geometry": { "type": "LineString", "coordinates": [ [ 14.4219482, 40.6286454 ], [ 14.421965, 40.6287323 ], [ 14.4219965, 40.6287746 ], [ 14.422044, 40.6288372 ], [ 14.4220951, 40.6288809 ] ] } },
{ "type": "Feature", "properties": { "name": "", "name_manual": "", "name_original": null, "highway": "service", "status": "unnamed", "description": "unnamed" }, "geometry": { "type": "LineString", "coordinates": [ [ 14.4160125, 40.6360181 ], [ 14.416447, 40.6355744 ], [ 14.4168681, 40.6351316 ], [ 14.4169378, 40.635038 ], [ 14.4169673, 40.6350024 ] ] } },
{ "type": "Feature", "properties": { "name": "", "name_manual": "", "name_original": null, "highway": "service", "status": "unnamed", "description": "unnamed" }, "geometry": { "type": "LineString", "coordinates": [ [ 14.4098917, 40.637624 ], [ 14.4099802, 40.637681 ], [ 14.4100687, 40.6377431 ], [ 14.4101049, 40.6377675 ] ] } },
{ "type": "Feature", "properties": { "name": "", "name_manual": "", "name_original": null, "highway": "service", "status": "unnamed", "description": "unnamed" }, "geometry": { "type": "LineString", "coordinates": [ [ 14.4170625, 40.629084 ], [ 14.4171225, 40.6291255 ], [ 14.4172945, 40.6292998 ], [ 14.4175286, 40.6294998 ], [ 14.4176647, 40.6296199 ], [ 14.4177894, 40.6295425 ] ] } },
{ "type": "Feature", "properties": { "name": "", "name_manual": "", "name_original": null, "highway": "service", "status": "unnamed", "description": "unnamed" }, "geometry": { "type": "LineString", "coordinates": [ [ 14.4145788, 40.6286016 ], [ 14.4146808, 40.6287115 ], [ 14.4149503, 40.6289721 ], [ 14.4150601, 40.6290714 ], [ 14.4153322, 40.629317 ], [ 14.4153942, 40.6293853 ] ] } },
{ "type": "Feature", "properties": { "name": "", "name_manual": "", "name_original": null, "highway": "service", "status": "unnamed", "description": "unnamed" }, "geometry": { "type": "LineString", "coordinates": [ [ 14.4119275, 40.635325 ], [ 14.4123512, 40.6356588 ], [ 14.4125631, 40.6358186 ], [ 14.4126101, 40.6358318 ], [ 14.4127871, 40.635958 ], [ 14.4127925, 40.6359967 ], [ 14.4128112, 40.6360221 ], [ 14.4129185, 40.6361056 ], [ 14.4129494, 40.63613 ], [ 14.4129467, 40.6361575 ], [ 14.41283, 40.6362552 ], [ 14.4128193, 40.6362817 ], [ 14.41283, 40.6363041 ], [ 14.4128729, 40.6363478 ] ] } },
{ "type": "Feature", "properties": { "name": "", "name_manual": "", "name_original": null, "highway": "service", "status": "unnamed", "description": "unnamed" }, "geometry": { "type": "LineString", "coordinates": [ [ 14.4196201, 40.6341994 ], [ 14.4197555, 40.6342716 ] ] } },
{ "type": "Feature", "properties": { "name": "", "name_manual": "", "name_original": null, "highway": "service", "status": "unnamed", "description": "unnamed" }, "geometry": { "type": "LineString", "coordinates": [ [ 14.4179958, 40.6334409 ], [ 14.4180994, 40.6334987 ], [ 14.4182172, 40.6335567 ], [ 14.4185297, 40.6335089 ], [ 14.4189307, 40.6337537 ], [ 14.4190809, 40.6339379 ], [ 14.4193666, 40.6340915 ], [ 14.4196201, 40.6341994 ], [ 14.4196348, 40.6343633 ], [ 14.4196455, 40.6344019 ] ] } },
{ "type": "Feature", "properties": { "name": "", "name_manual": "", "name_original": null, "highway": "service", "status": "unnamed", "description": "unnamed" }, "geometry": { "type": "LineString", "coordinates": [ [ 14.40959, 40.6379711 ], [ 14.40983, 40.6381329 ], [ 14.4100419, 40.6382774 ], [ 14.4101183, 40.6383242 ], [ 14.4102202, 40.6383852 ], [ 14.4102256, 40.6384036 ], [ 14.4102122, 40.6384626 ], [ 14.410184, 40.6385196 ] ] } },
{ "type": "Feature", "properties": { "name": "", "name_manual": "", "name_original": null, "highway": "footway", "status": "unnamed", "description": "unnamed" }, "geometry": { "type": "LineString", "coordinates": [ [ 14.422671, 40.6245409 ], [ 14.4227179, 40.6246044 ], [ 14.4229406, 40.6248395 ], [ 14.4232728, 40.6252152 ], [ 14.423419, 40.625406 ], [ 14.4235528, 40.6255723 ] ] } },
{ "type": "Feature", "properties": { "name": "", "name_manual": "", "name_original": null, "highway": "steps", "status": "unnamed", "description": "unnamed" }, "geometry": { "type": "LineString", "coordinates": [ [ 14.4238005, 40.6236588 ], [ 14.4238221, 40.6236784 ], [ 14.4238325, 40.623708 ] ] } },
{ "type": "Feature", "properties": { "name": "", "name_manual": "", "name_original": null, "highway": "path", "status": "unnamed", "description": "unnamed" }, "geometry": { "type": "LineString", "coordinates": [ [ 14.4475299, 40.6244643 ], [ 14.4475304, 40.6244641 ], [ 14.4475619, 40.6244495 ], [ 14.4476026, 40.6244881 ], [ 14.4476737, 40.6244495 ], [ 14.4477774, 40.6244696 ], [ 14.4478791, 40.6245112 ], [ 14.4479461, 40.6245633 ], [ 14.4480024, 40.624481 ], [ 14.448121, 40.6244356 ], [ 14.4481408, 40.6243853 ], [ 14.4481989, 40.624488 ], [ 14.4482516, 40.6245406 ], [ 14.4482902, 40.6246057 ], [ 14.4484317, 40.6246973 ], [ 14.4485512, 40.6247605 ], [ 14.448641, 40.6247952 ], [ 14.4488313, 40.6248782 ], [ 14.4490455, 40.6249626 ], [ 14.4491567, 40.6250028 ], [ 14.4490582, 40.6248955 ], [ 14.4490377, 40.6248352 ], [ 14.4491369, 40.6248965 ], [ 14.4492641, 40.6249358 ], [ 14.4491913, 40.6247937 ], [ 14.4491177, 40.6247084 ], [ 14.4495094, 40.6248389 ], [ 14.4494455, 40.6247153 ], [ 14.4495484, 40.6247363 ], [ 14.4496684, 40.6248158 ], [ 14.4496405, 40.624658 ], [ 14.44978, 40.6247292 ], [ 14.4497332, 40.6245841 ], [ 14.4499669, 40.6247496 ], [ 14.4498658, 40.6245667 ], [ 14.4500802, 40.6246799 ], [ 14.4499491, 40.6244758 ], [ 14.4502596, 40.6246873 ], [ 14.4500611, 40.6244082 ], [ 14.4502058, 40.6244819 ], [ 14.450259, 40.6245139 ], [ 14.4502983, 40.6245295 ], [ 14.4503203, 40.6245003 ], [ 14.4501683, 40.6243374 ], [ 14.450316, 40.6244497 ], [ 14.4503443, 40.6244445 ], [ 14.4503436, 40.6244224 ], [ 14.4502695, 40.6243408 ], [ 14.4504599, 40.6244343 ], [ 14.4504537, 40.6243947 ], [ 14.4502847, 40.6242016 ], [ 14.450375, 40.624237 ], [ 14.4503948, 40.6242064 ], [ 14.4503675, 40.6241598 ], [ 14.4503917, 40.6241082 ], [ 14.4504455, 40.6241952 ], [ 14.4506529, 40.6243036 ], [ 14.450682, 40.6243355 ], [ 14.450753, 40.6244028 ], [ 14.4508655, 40.6244529 ], [ 14.4508924, 40.6244459 ], [ 14.4508489, 40.6244026 ], [ 14.4508816, 40.6244036 ], [ 14.4508286, 40.6243564 ], [ 14.450934, 40.6243399 ], [ 14.4507533, 40.6242149 ], [ 14.4507454, 40.6242004 ], [ 14.4509908, 40.6242539 ], [ 14.4510031, 40.6242436 ], [ 14.450915, 40.624149 ], [ 14.4509408, 40.6240948 ], [ 14.4511008, 40.6240904 ], [ 14.4509487, 40.6240183 ], [ 14.4509604, 40.624 ], [ 14.4510188, 40.6239978 ], [ 14.4510526, 40.6239831 ], [ 14.4510082, 40.6239537 ], [ 14.4510133, 40.6239535 ], [ 14.451073, 40.6239702 ], [ 14.4510821, 40.6239365 ], [ 14.4510324, 40.6239233 ], [ 14.4510301, 40.6239059 ], [ 14.4511358, 40.623875 ], [ 14.4510447, 40.6238053 ], [ 14.4512062, 40.6238315 ], [ 14.4511845, 40.6237825 ], [ 14.4512284, 40.6237528 ], [ 14.4513939, 40.6237768 ], [ 14.4514789, 40.6238216 ], [ 14.4515336, 40.6238683 ], [ 14.4515927, 40.6238787 ], [ 14.4516178, 40.6239117 ] ] } },
{ "type": "Feature", "properties": { "name": "", "name_manual": "", "name_original": null, "highway": "service", "status": "unnamed", "description": "unnamed" }, "geometry": { "type": "LineString", "coordinates": [ [ 14.4198661, 40.6181772 ], [ 14.4200245, 40.6182002 ], [ 14.4201855, 40.6182236 ], [ 14.420336, 40.6182354 ], [ 14.4205467, 40.6182497 ] ] } },
{ "type": "Feature", "properties": { "name": "", "name_manual": "", "name_original": null, "highway": "service", "status": "unnamed", "description": "unnamed" }, "geometry": { "type": "LineString", "coordinates": [ [ 14.4195275, 40.6172946 ], [ 14.4195811, 40.6172895 ], [ 14.41962, 40.61726 ], [ 14.4196334, 40.6172417 ], [ 14.419679, 40.6171399 ], [ 14.4197126, 40.6170126 ], [ 14.4197313, 40.6169739 ], [ 14.4197461, 40.6169566 ], [ 14.4197702, 40.6169465 ], [ 14.4198145, 40.6169454 ], [ 14.4198695, 40.6169953 ], [ 14.4198105, 40.6172478 ], [ 14.4198105, 40.6172692 ], [ 14.4198708, 40.6173852 ], [ 14.4198883, 40.6175919 ], [ 14.4198923, 40.6178392 ], [ 14.4198661, 40.6181772 ] ] } },
{ "type": "Feature", "properties": { "name": "", "name_manual": "", "name_original": null, "highway": "service", "status": "unnamed", "description": "unnamed" }, "geometry": { "type": "LineString", "coordinates": [ [ 14.4194618, 40.6167785 ], [ 14.4195087, 40.6167571 ], [ 14.4195503, 40.6167296 ], [ 14.4195651, 40.6167123 ], [ 14.4195838, 40.6166736 ], [ 14.4195946, 40.6166299 ], [ 14.4195503, 40.6164945 ], [ 14.4194081, 40.6162695 ], [ 14.4193156, 40.6161351 ], [ 14.4193143, 40.6161147 ], [ 14.4193223, 40.6160944 ], [ 14.4193491, 40.6160903 ], [ 14.4193746, 40.6160954 ], [ 14.4194417, 40.6161972 ], [ 14.419561, 40.6163194 ], [ 14.4196589, 40.6163978 ], [ 14.4197394, 40.6165291 ], [ 14.419836, 40.6166431 ], [ 14.4198869, 40.616696 ], [ 14.4198936, 40.6167388 ], [ 14.4198896, 40.6167805 ], [ 14.4198319, 40.6168793 ], [ 14.4198145, 40.6169454 ] ] } },
{ "type": "Feature", "properties": { "name": "", "name_manual": "", "name_original": null, "highway": "service", "status": "unnamed", "description": "unnamed" }, "geometry": { "type": "LineString", "coordinates": [ [ 14.422499, 40.6209246 ], [ 14.4224069, 40.6209328 ], [ 14.4223049, 40.6209868 ], [ 14.4221909, 40.6210153 ], [ 14.422081, 40.6210275 ], [ 14.4220287, 40.6210153 ], [ 14.4220179, 40.6209949 ], [ 14.422022, 40.6209532 ], [ 14.4220515, 40.6209145 ], [ 14.4221668, 40.620826 ], [ 14.4222687, 40.6207975 ], [ 14.4224337, 40.6207323 ], [ 14.4225986, 40.6206376 ] ] } },
{ "type": "Feature", "properties": { "name": "", "name_manual": "", "name_original": null, "highway": "service", "status": "unnamed", "description": "unnamed" }, "geometry": { "type": "LineString", "coordinates": [ [ 14.4225403, 40.6208814 ], [ 14.4226322, 40.6209054 ], [ 14.4229232, 40.6209064 ], [ 14.4231123, 40.6209206 ], [ 14.423288, 40.6209603 ], [ 14.4234395, 40.6210418 ], [ 14.4234543, 40.6210611 ], [ 14.4234502, 40.6210825 ], [ 14.423418, 40.6211191 ], [ 14.4233631, 40.621223 ], [ 14.4233429, 40.6212382 ], [ 14.4233121, 40.6212474 ], [ 14.4232544, 40.6212474 ], [ 14.4230358, 40.6212168 ] ] } },
{ "type": "Feature", "properties": { "name": "", "name_manual": "", "name_original": null, "highway": "service", "status": "unnamed", "description": "unnamed" }, "geometry": { "type": "LineString", "coordinates": [ [ 14.4270866, 40.6206361 ], [ 14.4271262, 40.6206381 ], [ 14.4271584, 40.62066 ], [ 14.4272435, 40.6207766 ], [ 14.4272952, 40.620828 ], [ 14.4273891, 40.6208707 ], [ 14.4275406, 40.6209186 ], [ 14.4276224, 40.6209237 ], [ 14.4276734, 40.6209104 ], [ 14.4276948, 40.6208972 ], [ 14.4277914, 40.6207975 ], [ 14.4278289, 40.6207679 ], [ 14.4280529, 40.6206906 ], [ 14.4281481, 40.6206458 ], [ 14.4282554, 40.6206376 ], [ 14.4283587, 40.6206132 ], [ 14.4283949, 40.6205582 ], [ 14.4283935, 40.620544 ] ] } },
{ "type": "Feature", "properties": { "name": "", "name_manual": "", "name_original": null, "highway": "path", "status": "unnamed", "description": "unnamed" }, "geometry": { "type": "LineString", "coordinates": [ [ 14.4442684, 40.6227101 ], [ 14.4443068, 40.6228416 ], [ 14.4443653, 40.6229328 ], [ 14.4444608, 40.6230077 ], [ 14.4446025, 40.6230872 ], [ 14.4448151, 40.6231831 ], [ 14.4449846, 40.6232696 ], [ 14.4451787, 40.6234192 ], [ 14.4454529, 40.6235058 ], [ 14.4455484, 40.6235081 ], [ 14.4456316, 40.6235385 ], [ 14.4458134, 40.6237139 ], [ 14.4459335, 40.6238028 ], [ 14.4459767, 40.6238706 ], [ 14.4459798, 40.6240436 ], [ 14.4460075, 40.6241746 ], [ 14.4463957, 40.6245277 ], [ 14.4464635, 40.6246236 ], [ 14.4464727, 40.6247779 ], [ 14.4464327, 40.6249299 ], [ 14.4462694, 40.6252807 ], [ 14.4462262, 40.6255192 ], [ 14.446258, 40.6255564 ] ] } },
{ "type": "Feature", "properties": { "name": "", "name_manual": "", "name_original": null, "highway": "path", "status": "unnamed", "description": "unnamed" }, "geometry": { "type": "LineString", "coordinates": [ [ 14.4342384, 40.6275908 ], [ 14.4340141, 40.6276759 ], [ 14.4338632, 40.6276966 ], [ 14.4337875, 40.6276969 ] ] } },
{ "type": "Feature", "properties": { "name": "", "name_manual": "", "name_original": null, "highway": "service", "status": "unnamed", "description": "unnamed" }, "geometry": { "type": "LineString", "coordinates": [ [ 14.4194446, 40.6151213 ], [ 14.419502, 40.6150397 ], [ 14.419722, 40.6142945 ] ] } },
{ "type": "Feature", "properties": { "name": "", "name_manual": "", "name_original": null, "highway": "footway", "status": "unnamed", "description": "unnamed" }, "geometry": { "type": "LineString", "coordinates": [ [ 14.407047, 40.6260125 ], [ 14.4073671, 40.6262285 ], [ 14.4076664, 40.6263912 ], [ 14.4077046, 40.6264316 ], [ 14.4077246, 40.6264531 ], [ 14.4077429, 40.6265048 ], [ 14.4077811, 40.6265578 ], [ 14.4079148, 40.6266221 ] ] } },
{ "type": "Feature", "properties": { "name": "", "name_manual": "", "name_original": null, "highway": "footway", "status": "unnamed", "description": "unnamed" }, "geometry": { "type": "LineString", "coordinates": [ [ 14.425942, 40.6230179 ], [ 14.4260206, 40.6230201 ], [ 14.4260384, 40.6230191 ], [ 14.4261379, 40.6230132 ], [ 14.4262792, 40.6230047 ], [ 14.4263318, 40.6229974 ], [ 14.4263761, 40.6229954 ], [ 14.4264447, 40.6229776 ], [ 14.4264862, 40.6229269 ], [ 14.4265457, 40.6228721 ], [ 14.4265727, 40.6228428 ] ] } },
{ "type": "Feature", "properties": { "name": "", "name_manual": "", "name_original": null, "highway": "service", "status": "unnamed", "description": "unnamed" }, "geometry": { "type": "LineString", "coordinates": [ [ 14.4046305, 40.6306443 ], [ 14.4046371, 40.6306131 ], [ 14.4046593, 40.6305069 ], [ 14.4043998, 40.6304715 ], [ 14.4044112, 40.6303253 ], [ 14.4040726, 40.6302169 ], [ 14.4040713, 40.630167 ], [ 14.4041732, 40.6300672 ], [ 14.4045407, 40.6302067 ] ] } },
{ "type": "Feature", "properties": { "name": "", "name_manual": "", "name_original": null, "highway": "service", "status": "unnamed", "description": "unnamed" }, "geometry": { "type": "LineString", "coordinates": [ [ 14.4038446, 40.6305365 ], [ 14.4038685, 40.6304273 ], [ 14.4041235, 40.6304601 ], [ 14.4040992, 40.6305716 ] ] } },
{ "type": "Feature", "properties": { "name": "", "name_manual": "", "name_original": null, "highway": "service", "status": "unnamed", "description": "unnamed" }, "geometry": { "type": "LineString", "coordinates": [ [ 14.4032601, 40.6304493 ], [ 14.4032855, 40.6303605 ], [ 14.4035922, 40.6304074 ], [ 14.4035696, 40.6304984 ] ] } },
{ "type": "Feature", "properties": { "name": "", "name_manual": "", "name_original": null, "highway": "service", "status": "unnamed", "description": "unnamed" }, "geometry": { "type": "LineString", "coordinates": [ [ 14.4171557, 40.6354723 ], [ 14.4170068, 40.6354413 ], [ 14.4158972, 40.6365625 ], [ 14.4156403, 40.636434 ], [ 14.4154405, 40.6366293 ], [ 14.4153973, 40.6366599 ], [ 14.415253, 40.6367621 ], [ 14.4149442, 40.6365291 ] ] } },
{ "type": "Feature", "properties": { "name": "", "name_manual": "", "name_original": null, "highway": "service", "status": "unnamed", "description": "unnamed" }, "geometry": { "type": "LineString", "coordinates": [ [ 14.4154405, 40.6366293 ], [ 14.4151215, 40.6364174 ] ] } },
{ "type": "Feature", "properties": { "name": "", "name_manual": "", "name_original": null, "highway": "service", "status": "unnamed", "description": "unnamed" }, "geometry": { "type": "LineString", "coordinates": [ [ 14.4153973, 40.6366599 ], [ 14.4154895, 40.63673 ] ] } },
{ "type": "Feature", "properties": { "name": "", "name_manual": "", "name_original": null, "highway": "footway", "status": "unnamed", "description": "unnamed" }, "geometry": { "type": "LineString", "coordinates": [ [ 14.4072083, 40.6309475 ], [ 14.4072123, 40.6309362 ], [ 14.4072241, 40.6309025 ], [ 14.4072273, 40.6308935 ] ] } },
{ "type": "Feature", "properties": { "name": "", "name_manual": "", "name_original": null, "highway": "footway", "status": "unnamed", "description": "unnamed" }, "geometry": { "type": "LineString", "coordinates": [ [ 14.4079196, 40.6311511 ], [ 14.4079212, 40.6311468 ], [ 14.4079317, 40.6311184 ], [ 14.4079464, 40.6310795 ], [ 14.4079501, 40.6310696 ] ] } },
{ "type": "Feature", "properties": { "name": "", "name_manual": "", "name_original": null, "highway": "footway", "status": "unnamed", "description": "unnamed" }, "geometry": { "type": "LineString", "coordinates": [ [ 14.4081596, 40.6313435 ], [ 14.4081626, 40.6313216 ], [ 14.4081878, 40.6312009 ], [ 14.408198, 40.6311942 ], [ 14.4082167, 40.631195 ], [ 14.4082719, 40.6312002 ], [ 14.4083976, 40.631212 ], [ 14.4085568, 40.6312287 ], [ 14.4088178, 40.631256 ], [ 14.4089556, 40.6312804 ] ] } },
{ "type": "Feature", "properties": { "name": "", "name_manual": "", "name_original": null, "highway": "footway", "status": "unnamed", "description": "unnamed" }, "geometry": { "type": "LineString", "coordinates": [ [ 14.4071345, 40.6308208 ], [ 14.4071587, 40.630873 ], [ 14.407166, 40.6308785 ], [ 14.4072273, 40.6308935 ], [ 14.4075237, 40.6309662 ], [ 14.40755, 40.6309729 ], [ 14.4078611, 40.6310521 ], [ 14.4079007, 40.6310582 ], [ 14.4079501, 40.6310696 ], [ 14.408044, 40.6310841 ], [ 14.4081878, 40.6310947 ], [ 14.408218, 40.6310958 ], [ 14.4082582, 40.6310999 ], [ 14.4084145, 40.6311147 ], [ 14.4084204, 40.6311188 ], [ 14.4084529, 40.631121 ], [ 14.4085186, 40.6311255 ], [ 14.4085712, 40.6311292 ], [ 14.4085842, 40.6311301 ], [ 14.4086038, 40.6311314 ], [ 14.4086499, 40.6311346 ], [ 14.4087155, 40.6311391 ], [ 14.4087813, 40.6311436 ], [ 14.4088125, 40.6311453 ], [ 14.4088623, 40.6311524 ], [ 14.4089135, 40.6311593 ], [ 14.4089629, 40.6311701 ], [ 14.4090107, 40.631185 ], [ 14.4090131, 40.6311859 ] ] } },
{ "type": "Feature", "properties": { "name": "", "name_manual": "", "name_original": null, "highway": "footway", "status": "unnamed", "description": "unnamed" }, "geometry": { "type": "LineString", "coordinates": [ [ 14.4081555, 40.6313733 ], [ 14.4081579, 40.6313564 ], [ 14.4081596, 40.6313435 ] ] } },
{ "type": "Feature", "properties": { "name": "", "name_manual": "", "name_original": null, "highway": "footway", "status": "unnamed", "description": "unnamed" }, "geometry": { "type": "LineString", "coordinates": [ [ 14.4079531, 40.6311651 ], [ 14.4079696, 40.631167 ], [ 14.4080257, 40.6311735 ], [ 14.4081132, 40.6311836 ], [ 14.4081764, 40.6311908 ], [ 14.408198, 40.6311942 ], [ 14.4082105, 40.631188 ], [ 14.408215, 40.6311467 ], [ 14.4082173, 40.6311047 ], [ 14.408218, 40.6310958 ] ] } },
{ "type": "Feature", "properties": { "name": "", "name_manual": "", "name_original": null, "highway": "footway", "status": "unnamed", "description": "unnamed" }, "geometry": { "type": "LineString", "coordinates": [ [ 14.4079905, 40.6317129 ], [ 14.4080024, 40.6317171 ], [ 14.4080557, 40.6317356 ], [ 14.4080997, 40.6317509 ] ] } },
{ "type": "Feature", "properties": { "name": "", "name_manual": "", "name_original": null, "highway": "footway", "status": "unnamed", "description": "unnamed" }, "geometry": { "type": "LineString", "coordinates": [ [ 14.4080353, 40.6313599 ], [ 14.4080944, 40.6313671 ], [ 14.4081494, 40.6313729 ], [ 14.4081555, 40.6313733 ], [ 14.4081681, 40.631374 ] ] } },
{ "type": "Feature", "properties": { "name": "", "name_manual": "", "name_original": null, "highway": "footway", "status": "unnamed", "description": "unnamed" }, "geometry": { "type": "LineString", "coordinates": [ [ 14.4078221, 40.6316422 ], [ 14.4078266, 40.6316354 ], [ 14.4078489, 40.6316036 ], [ 14.4078898, 40.6315419 ] ] } },
{ "type": "Feature", "properties": { "name": "", "name_manual": "", "name_original": null, "highway": "footway", "status": "unnamed", "description": "unnamed" }, "geometry": { "type": "LineString", "coordinates": [ [ 14.4079694, 40.631439 ], [ 14.4079753, 40.6314377 ], [ 14.4079804, 40.6314366 ], [ 14.4079923, 40.6314356 ], [ 14.4080042, 40.6314362 ], [ 14.4080159, 40.6314384 ], [ 14.4080269, 40.6314421 ], [ 14.4080368, 40.6314471 ], [ 14.4080404, 40.6314498 ] ] } },
{ "type": "Feature", "properties": { "name": "", "name_manual": "", "name_original": null, "highway": "footway", "status": "unnamed", "description": "unnamed" }, "geometry": { "type": "LineString", "coordinates": [ [ 14.4078898, 40.6315419 ], [ 14.4079025, 40.6315251 ], [ 14.4079328, 40.631486 ], [ 14.4079629, 40.6314471 ], [ 14.4079694, 40.631439 ], [ 14.4079931, 40.6314082 ], [ 14.4080233, 40.6313693 ], [ 14.4080304, 40.6313618 ], [ 14.4080323, 40.6313595 ], [ 14.4080353, 40.6313599 ] ] } },
{ "type": "Feature", "properties": { "name": "", "name_manual": "", "name_original": null, "highway": "steps", "status": "unnamed", "description": "unnamed" }, "geometry": { "type": "LineString", "coordinates": [ [ 14.4087357, 40.6320245 ], [ 14.4088295, 40.6320819 ] ] } },
{ "type": "Feature", "properties": { "name": "", "name_manual": "", "name_original": null, "highway": "footway", "status": "unnamed", "description": "unnamed" }, "geometry": { "type": "LineString", "coordinates": [ [ 14.4086882, 40.6320169 ], [ 14.4087031, 40.6320236 ], [ 14.4087161, 40.6320075 ], [ 14.4087384, 40.6319689 ], [ 14.4087405, 40.6319653 ], [ 14.4085474, 40.631886 ], [ 14.4083962, 40.6318216 ], [ 14.4083036, 40.6317633 ], [ 14.4082933, 40.6317519 ], [ 14.4081899, 40.6314934 ], [ 14.4081715, 40.6314282 ], [ 14.4081681, 40.631374 ] ] } },
{ "type": "Feature", "properties": { "name": "", "name_manual": "", "name_original": null, "highway": "footway", "status": "unnamed", "description": "unnamed" }, "geometry": { "type": "LineString", "coordinates": [ [ 14.4085067, 40.6319278 ], [ 14.4086882, 40.6320169 ] ] } },
{ "type": "Feature", "properties": { "name": "", "name_manual": "", "name_original": null, "highway": "footway", "status": "unnamed", "description": "unnamed" }, "geometry": { "type": "LineString", "coordinates": [ [ 14.4082378, 40.6318056 ], [ 14.4084256, 40.6318903 ] ] } },
{ "type": "Feature", "properties": { "name": "", "name_manual": "", "name_original": null, "highway": "footway", "status": "unnamed", "description": "unnamed" }, "geometry": { "type": "LineString", "coordinates": [ [ 14.4084256, 40.6318903 ], [ 14.4084703, 40.631911 ], [ 14.4085067, 40.6319278 ] ] } },
{ "type": "Feature", "properties": { "name": "", "name_manual": "", "name_original": null, "highway": "service", "status": "unnamed", "description": "unnamed" }, "geometry": { "type": "LineString", "coordinates": [ [ 14.4075325, 40.6322805 ], [ 14.407407, 40.6323913 ], [ 14.4078365, 40.6326684 ], [ 14.4076604, 40.6328326 ], [ 14.4078357, 40.6329369 ], [ 14.407978, 40.6330062 ], [ 14.4079917, 40.6330136 ], [ 14.4080054, 40.6330211 ], [ 14.4080387, 40.6330374 ] ] } },
{ "type": "Feature", "properties": { "name": "", "name_manual": "", "name_original": null, "highway": "footway", "status": "unnamed", "description": "unnamed" }, "geometry": { "type": "LineString", "coordinates": [ [ 14.4074869, 40.6322004 ], [ 14.407494, 40.6321945 ], [ 14.4075329, 40.6321623 ], [ 14.4075732, 40.6321289 ], [ 14.4075774, 40.6321254 ] ] } },
{ "type": "Feature", "properties": { "name": "", "name_manual": "", "name_original": null, "highway": "footway", "status": "unnamed", "description": "unnamed" }, "geometry": { "type": "LineString", "coordinates": [ [ 14.408331, 40.6325736 ], [ 14.4083236, 40.6325804 ], [ 14.4082907, 40.632611 ], [ 14.4082538, 40.6326617 ], [ 14.4082488, 40.6326691 ] ] } },
{ "type": "Feature", "properties": { "name": "", "name_manual": "", "name_original": null, "highway": "footway", "status": "unnamed", "description": "unnamed" }, "geometry": { "type": "LineString", "coordinates": [ [ 14.4081194, 40.6324445 ], [ 14.408331, 40.6325736 ], [ 14.4085225, 40.6324391 ], [ 14.4085619, 40.6324105 ], [ 14.4085919, 40.6323953 ], [ 14.4086496, 40.6323661 ], [ 14.4089017, 40.6322602 ], [ 14.4089781, 40.6322265 ], [ 14.409011, 40.6322188 ], [ 14.4091619, 40.6321837 ], [ 14.4093134, 40.6321516 ], [ 14.4094129, 40.6321305 ], [ 14.4094902, 40.6321141 ], [ 14.409735, 40.6320622 ], [ 14.4098669, 40.6320426 ], [ 14.4099435, 40.6320313 ], [ 14.4099748, 40.6320189 ], [ 14.4100366, 40.6320061 ], [ 14.4100631, 40.6319951 ], [ 14.4101224, 40.6319532 ], [ 14.4101341, 40.631937 ] ] } },
{ "type": "Feature", "properties": { "name": "", "name_manual": "", "name_original": null, "highway": "footway", "status": "unnamed", "description": "unnamed" }, "geometry": { "type": "LineString", "coordinates": [ [ 14.4076955, 40.6323421 ], [ 14.4077066, 40.6323314 ], [ 14.4077479, 40.6322915 ], [ 14.407789, 40.6322519 ], [ 14.4077959, 40.6322452 ] ] } },
{ "type": "Feature", "properties": { "name": "", "name_manual": "", "name_original": null, "highway": "footway", "status": "unnamed", "description": "unnamed" }, "geometry": { "type": "LineString", "coordinates": [ [ 14.4080351, 40.6323926 ], [ 14.4080758, 40.6324177 ], [ 14.4081194, 40.6324445 ] ] } },
{ "type": "Feature", "properties": { "name": "", "name_manual": "", "name_original": null, "highway": "service", "status": "unnamed", "description": "unnamed" }, "geometry": { "type": "LineString", "coordinates": [ [ 14.4070861, 40.6324858 ], [ 14.4070744, 40.6323348 ], [ 14.407128, 40.6321458 ], [ 14.4071309, 40.6321334 ], [ 14.4071327, 40.6321257 ], [ 14.4071513, 40.6320472 ] ] } },
{ "type": "Feature", "properties": { "name": "", "name_manual": "", "name_original": null, "highway": "footway", "status": "unnamed", "description": "unnamed" }, "geometry": { "type": "LineString", "coordinates": [ [ 14.4075408, 40.6319187 ], [ 14.4075295, 40.6318467 ], [ 14.4075232, 40.6318423 ] ] } },
{ "type": "Feature", "properties": { "name": "", "name_manual": "", "name_original": null, "highway": "footway", "status": "unnamed", "description": "unnamed" }, "geometry": { "type": "LineString", "coordinates": [ [ 14.4081512, 40.6320808 ], [ 14.4083119, 40.6321554 ] ] } },
{ "type": "Feature", "properties": { "name": "", "name_manual": "", "name_original": null, "highway": "footway", "status": "unnamed", "description": "unnamed" }, "geometry": { "type": "LineString", "coordinates": [ [ 14.4080647, 40.6320407 ], [ 14.4081512, 40.6320808 ] ] } },
{ "type": "Feature", "properties": { "name": "", "name_manual": "", "name_original": null, "highway": "footway", "status": "unnamed", "description": "unnamed" }, "geometry": { "type": "LineString", "coordinates": [ [ 14.4076277, 40.6321495 ], [ 14.4076282, 40.632142 ], [ 14.4076274, 40.6320883 ], [ 14.4076191, 40.6320584 ] ] } },
{ "type": "Feature", "properties": { "name": "", "name_manual": "", "name_original": null, "highway": "footway", "status": "unnamed", "description": "unnamed" }, "geometry": { "type": "LineString", "coordinates": [ [ 14.4078542, 40.6317783 ], [ 14.4079373, 40.6317507 ], [ 14.4079797, 40.631745 ], [ 14.4079896, 40.6317453 ] ] } },
{ "type": "Feature", "properties": { "name": "", "name_manual": "", "name_original": null, "highway": "footway", "status": "unnamed", "description": "unnamed" }, "geometry": { "type": "LineString", "coordinates": [ [ 14.4079324, 40.6319793 ], [ 14.4080647, 40.6320407 ] ] } },
{ "type": "Feature", "properties": { "name": "", "name_manual": "", "name_original": null, "highway": "footway", "status": "unnamed", "description": "unnamed" }, "geometry": { "type": "LineString", "coordinates": [ [ 14.4078436, 40.6320856 ], [ 14.4078837, 40.6320459 ], [ 14.4079324, 40.6319793 ], [ 14.4079719, 40.6319255 ] ] } },
{ "type": "Feature", "properties": { "name": "", "name_manual": "", "name_original": null, "highway": "footway", "status": "unnamed", "description": "unnamed" }, "geometry": { "type": "LineString", "coordinates": [ [ 14.4078436, 40.6320856 ], [ 14.4077558, 40.6322 ], [ 14.4077471, 40.6322112 ], [ 14.4077512, 40.6322177 ], [ 14.4077518, 40.632218 ], [ 14.4077959, 40.6322452 ], [ 14.4080351, 40.6323926 ] ] } },
{ "type": "Feature", "properties": { "name": "", "name_manual": "", "name_original": null, "highway": "footway", "status": "unnamed", "description": "unnamed" }, "geometry": { "type": "LineString", "coordinates": [ [ 14.4079719, 40.6319255 ], [ 14.4080458, 40.6318245 ], [ 14.4080997, 40.6317509 ], [ 14.4082378, 40.6318056 ] ] } },
{ "type": "Feature", "properties": { "name": "", "name_manual": "", "name_original": null, "highway": "footway", "status": "unnamed", "description": "unnamed" }, "geometry": { "type": "LineString", "coordinates": [ [ 14.4078141, 40.6320023 ], [ 14.4078648, 40.632034 ], [ 14.4078837, 40.6320459 ] ] } },
{ "type": "Feature", "properties": { "name": "", "name_manual": "", "name_original": null, "highway": "footway", "status": "unnamed", "description": "unnamed" }, "geometry": { "type": "LineString", "coordinates": [ [ 14.407807, 40.6320158 ], [ 14.4078141, 40.6320023 ], [ 14.4078234, 40.6319848 ], [ 14.4078388, 40.6319575 ] ] } },
{ "type": "Feature", "properties": { "name": "", "name_manual": "", "name_original": null, "highway": "footway", "status": "unnamed", "description": "unnamed" }, "geometry": { "type": "LineString", "coordinates": [ [ 14.4075704, 40.6318116 ], [ 14.4075584, 40.6318194 ], [ 14.4075232, 40.6318423 ], [ 14.4075202, 40.6318442 ] ] } },
{ "type": "Feature", "properties": { "name": "", "name_manual": "", "name_original": null, "highway": "footway", "status": "unnamed", "description": "unnamed" }, "geometry": { "type": "LineString", "coordinates": [ [ 14.4078388, 40.6319575 ], [ 14.4079846, 40.6317596 ], [ 14.4079896, 40.6317453 ], [ 14.4079904, 40.6317431 ], [ 14.4079926, 40.631723 ], [ 14.4079905, 40.6317129 ], [ 14.4079817, 40.6317085 ], [ 14.4079644, 40.6316973 ], [ 14.4078383, 40.6316414 ], [ 14.4078253, 40.6316414 ], [ 14.4078221, 40.6316422 ], [ 14.4078146, 40.631644 ], [ 14.4077941, 40.631654 ], [ 14.4077848, 40.6316596 ], [ 14.4075704, 40.6318116 ] ] } },
{ "type": "Feature", "properties": { "name": "", "name_manual": "", "name_original": null, "highway": "service", "status": "unnamed", "description": "unnamed" }, "geometry": { "type": "LineString", "coordinates": [ [ 14.4080926, 40.6313459 ], [ 14.4081579, 40.6313564 ], [ 14.4081822, 40.6313589 ], [ 14.4083026, 40.6313692 ] ] } },
{ "type": "Feature", "properties": { "name": "", "name_manual": "", "name_original": null, "highway": "footway", "status": "unnamed", "description": "unnamed" }, "geometry": { "type": "LineString", "coordinates": [ [ 14.4075202, 40.6318442 ], [ 14.4075171, 40.6318465 ], [ 14.407365, 40.6319577 ], [ 14.4073597, 40.6319665 ], [ 14.4073618, 40.6319758 ], [ 14.4073659, 40.6319801 ], [ 14.4075774, 40.6321254 ], [ 14.4076138, 40.6321487 ], [ 14.4076224, 40.6321492 ], [ 14.4076277, 40.6321495 ], [ 14.4076319, 40.6321496 ], [ 14.4076423, 40.6321466 ], [ 14.4077816, 40.6320354 ], [ 14.407807, 40.6320158 ] ] } },
{ "type": "Feature", "properties": { "name": "", "name_manual": "", "name_original": null, "highway": "service", "status": "unnamed", "description": "unnamed" }, "geometry": { "type": "LineString", "coordinates": [ [ 14.4080473, 40.6317481 ], [ 14.4080111, 40.6317694 ], [ 14.4078474, 40.6319857 ], [ 14.4078234, 40.6319848 ], [ 14.4077067, 40.6319806 ] ] } },
{ "type": "Feature", "properties": { "name": "", "name_manual": "", "name_original": null, "highway": "service", "status": "unnamed", "description": "unnamed" }, "geometry": { "type": "LineString", "coordinates": [ [ 14.4075618, 40.6319046 ], [ 14.4075586, 40.631826 ], [ 14.4075584, 40.6318194 ], [ 14.4075544, 40.6317799 ] ] } },
{ "type": "Feature", "properties": { "name": "", "name_manual": "", "name_original": null, "highway": "service", "status": "unnamed", "description": "unnamed" }, "geometry": { "type": "LineString", "coordinates": [ [ 14.4074893, 40.63196 ], [ 14.4075408, 40.6319187 ], [ 14.4075618, 40.6319046 ], [ 14.4076604, 40.6318292 ], [ 14.4078071, 40.6317391 ], [ 14.4078542, 40.6317783 ], [ 14.4078717, 40.6317929 ], [ 14.4077806, 40.631915 ], [ 14.4077067, 40.6319806 ], [ 14.4076191, 40.6320584 ], [ 14.4074893, 40.63196 ] ] } },
{ "type": "Feature", "properties": { "name": "", "name_manual": "", "name_original": null, "highway": "footway", "status": "unnamed", "description": "unnamed" }, "geometry": { "type": "LineString", "coordinates": [ [ 14.4075171, 40.6318465 ], [ 14.4074973, 40.6318311 ], [ 14.4074906, 40.6318262 ], [ 14.4074418, 40.6317837 ] ] } },
{ "type": "Feature", "properties": { "name": "", "name_manual": "", "name_original": null, "highway": "service", "status": "unnamed", "description": "unnamed" }, "geometry": { "type": "LineString", "coordinates": [ [ 14.4084092, 40.6320404 ], [ 14.4084149, 40.6319808 ] ] } },
{ "type": "Feature", "properties": { "name": "", "name_manual": "", "name_original": null, "highway": "service", "status": "unnamed", "description": "unnamed" }, "geometry": { "type": "LineString", "coordinates": [ [ 14.4081588, 40.6323362 ], [ 14.4083119, 40.6321554 ], [ 14.4084092, 40.6320404 ] ] } },
{ "type": "Feature", "properties": { "name": "", "name_manual": "", "name_original": null, "highway": "service", "status": "unnamed", "description": "unnamed" }, "geometry": { "type": "LineString", "coordinates": [ [ 14.4084679, 40.6319143 ], [ 14.4084703, 40.631911 ], [ 14.4084833, 40.6318932 ] ] } },
{ "type": "Feature", "properties": { "name": "", "name_manual": "", "name_original": null, "highway": "service", "status": "unnamed", "description": "unnamed" }, "geometry": { "type": "LineString", "coordinates": [ [ 14.4084149, 40.6319808 ], [ 14.4084679, 40.6319143 ] ] } },
{ "type": "Feature", "properties": { "name": "", "name_manual": "", "name_original": null, "highway": "footway", "status": "unnamed", "description": "unnamed" }, "geometry": { "type": "LineString", "coordinates": [ [ 14.4053251, 40.6316728 ], [ 14.4053775, 40.6316865 ], [ 14.405575, 40.6317383 ], [ 14.4057005, 40.6317708 ], [ 14.4057666, 40.6317879 ], [ 14.4057658, 40.6317901 ], [ 14.4058993, 40.6318237 ], [ 14.4061161, 40.6318802 ], [ 14.4064765, 40.6319727 ], [ 14.4066789, 40.6320246 ], [ 14.4067009, 40.6320303 ], [ 14.4068963, 40.6320799 ], [ 14.4069408, 40.6320915 ], [ 14.4069931, 40.6321062 ], [ 14.4069962, 40.6321068 ], [ 14.4070911, 40.6321263 ], [ 14.4071309, 40.6321334 ], [ 14.4071683, 40.6321402 ], [ 14.4072476, 40.6320756 ], [ 14.4072636, 40.6320732 ], [ 14.407281, 40.6320754 ], [ 14.4073076, 40.6320834 ], [ 14.4073575, 40.6321148 ], [ 14.4074869, 40.6322004 ], [ 14.407523, 40.632224 ], [ 14.407559, 40.6322621 ], [ 14.4076955, 40.6323421 ], [ 14.4079429, 40.6324872 ], [ 14.4081529, 40.632611 ], [ 14.4082488, 40.6326691 ], [ 14.4082526, 40.6326851 ], [ 14.4082475, 40.6326956 ], [ 14.4082264, 40.6327246 ], [ 14.4080354, 40.6329598 ], [ 14.4079917, 40.6330136 ], [ 14.4079774, 40.6330328 ], [ 14.4078325, 40.6332236 ], [ 14.4078147, 40.6332427 ], [ 14.4076087, 40.6334805 ], [ 14.4074868, 40.6336142 ], [ 14.4073794, 40.6337214 ], [ 14.407242, 40.6338532 ], [ 14.407145, 40.6339528 ], [ 14.4067973, 40.634283 ], [ 14.4065896, 40.6344844 ], [ 14.4065635, 40.6345028 ] ] } },
{ "type": "Feature", "properties": { "name": "", "name_manual": "", "name_original": null, "highway": "service", "status": "unnamed", "description": "unnamed" }, "geometry": { "type": "LineString", "coordinates": [ [ 14.4072088, 40.6317771 ], [ 14.4072644, 40.631828 ], [ 14.4073007, 40.631857 ], [ 14.4073061, 40.6318623 ], [ 14.4073117, 40.6318676 ], [ 14.4073605, 40.6319144 ] ] } },
{ "type": "Feature", "properties": { "name": "", "name_manual": "", "name_original": null, "highway": "service", "status": "unnamed", "description": "unnamed" }, "geometry": { "type": "LineString", "coordinates": [ [ 14.4080294, 40.6324618 ], [ 14.4080758, 40.6324177 ], [ 14.408084, 40.6324107 ], [ 14.4081588, 40.6323362 ] ] } },
{ "type": "Feature", "properties": { "name": "", "name_manual": "", "name_original": null, "highway": "service", "status": "unnamed", "description": "unnamed" }, "geometry": { "type": "LineString", "coordinates": [ [ 14.4071049, 40.6309127 ], [ 14.4071231, 40.6309592 ], [ 14.4071679, 40.6310245 ], [ 14.4072068, 40.6311166 ] ] } },
{ "type": "Feature", "properties": { "name": "", "name_manual": "", "name_original": null, "highway": "footway", "status": "unnamed", "description": "unnamed" }, "geometry": { "type": "LineString", "coordinates": [ [ 14.4068087, 40.6308497 ], [ 14.4068024, 40.6308812 ], [ 14.4067873, 40.6309562 ], [ 14.4067844, 40.6309709 ] ] } },
{ "type": "Feature", "properties": { "name": "", "name_manual": "", "name_original": null, "highway": "service", "status": "unnamed", "description": "unnamed" }, "geometry": { "type": "LineString", "coordinates": [ [ 14.4100814, 40.6311565 ], [ 14.4103035, 40.6310893 ] ] } },
{ "type": "Feature", "properties": { "name": "", "name_manual": "", "name_original": null, "highway": "service", "status": "unnamed", "description": "unnamed" }, "geometry": { "type": "LineString", "coordinates": [ [ 14.4093404, 40.6309694 ], [ 14.4094593, 40.6310428 ], [ 14.4097424, 40.631211 ], [ 14.4098353, 40.6312662 ], [ 14.4099091, 40.6312112 ], [ 14.4099473, 40.6311881 ] ] } },
{ "type": "Feature", "properties": { "name": "", "name_manual": "", "name_original": null, "highway": "service", "status": "unnamed", "description": "unnamed" }, "geometry": { "type": "LineString", "coordinates": [ [ 14.4103595, 40.6311959 ], [ 14.4103035, 40.6310893 ], [ 14.4102681, 40.6310387 ], [ 14.4102129, 40.6310273 ], [ 14.4099668, 40.6310308 ], [ 14.4099228, 40.6310116 ], [ 14.4098903, 40.6310047 ], [ 14.4098628, 40.6310079 ], [ 14.4098362, 40.6310329 ], [ 14.4097817, 40.6310924 ], [ 14.4099102, 40.6311666 ], [ 14.4099473, 40.6311881 ], [ 14.4101311, 40.631296 ], [ 14.4102316, 40.6313245 ], [ 14.410347, 40.6312308 ], [ 14.4103595, 40.6311959 ] ] } },
{ "type": "Feature", "properties": { "name": "", "name_manual": "", "name_original": null, "highway": "footway", "status": "unnamed", "description": "unnamed" }, "geometry": { "type": "LineString", "coordinates": [ [ 14.4097155, 40.6312369 ], [ 14.4097424, 40.631211 ] ] } },
{ "type": "Feature", "properties": { "name": "", "name_manual": "", "name_original": null, "highway": "footway", "status": "unnamed", "description": "unnamed" }, "geometry": { "type": "LineString", "coordinates": [ [ 14.4095549, 40.6313956 ], [ 14.4097155, 40.6312369 ] ] } },
{ "type": "Feature", "properties": { "name": "", "name_manual": "", "name_original": null, "highway": "footway", "status": "unnamed", "description": "unnamed" }, "geometry": { "type": "LineString", "coordinates": [ [ 14.4095468, 40.6314036 ], [ 14.4095549, 40.6313956 ] ] } },
{ "type": "Feature", "properties": { "name": "", "name_manual": "", "name_original": null, "highway": "footway", "status": "unnamed", "description": "unnamed" }, "geometry": { "type": "LineString", "coordinates": [ [ 14.4100846, 40.6319018 ], [ 14.410094, 40.6318954 ], [ 14.4101445, 40.6318621 ], [ 14.4101754, 40.6318399 ], [ 14.4101898, 40.6318302 ] ] } },
{ "type": "Feature", "properties": { "name": "", "name_manual": "", "name_original": null, "highway": "footway", "status": "unnamed", "description": "unnamed" }, "geometry": { "type": "LineString", "coordinates": [ [ 14.4094649, 40.6314981 ], [ 14.4094719, 40.63149 ], [ 14.409513, 40.6314423 ], [ 14.4095468, 40.6314036 ] ] } },
{ "type": "Feature", "properties": { "name": "", "name_manual": "", "name_original": null, "highway": "footway", "status": "unnamed", "description": "unnamed" }, "geometry": { "type": "LineString", "coordinates": [ [ 14.4091108, 40.6313294 ], [ 14.4091154, 40.6313203 ], [ 14.409142, 40.6312655 ], [ 14.409168, 40.6312238 ], [ 14.4091735, 40.6312054 ] ] } },
{ "type": "Feature", "properties": { "name": "", "name_manual": "", "name_original": null, "highway": "footway", "status": "unnamed", "description": "unnamed" }, "geometry": { "type": "LineString", "coordinates": [ [ 14.4091165, 40.6311759 ], [ 14.4091735, 40.6312054 ], [ 14.4095468, 40.6314036 ], [ 14.4096237, 40.6314471 ], [ 14.4098361, 40.6315795 ], [ 14.4101898, 40.6318302 ], [ 14.4103465, 40.6319362 ], [ 14.4103621, 40.6319444 ], [ 14.4103833, 40.6319535 ], [ 14.4104348, 40.6319789 ], [ 14.4104586, 40.6319906 ], [ 14.4106705, 40.632086 ], [ 14.4108928, 40.6321716 ], [ 14.4110336, 40.6322274 ], [ 14.4110577, 40.6322371 ], [ 14.41124, 40.6323156 ], [ 14.4112576, 40.6323222 ], [ 14.4115409, 40.6324279 ], [ 14.4116166, 40.6324561 ], [ 14.4117303, 40.6325062 ] ] } },
{ "type": "Feature", "properties": { "name": "", "name_manual": "", "name_original": null, "highway": "footway", "status": "unnamed", "description": "unnamed" }, "geometry": { "type": "LineString", "coordinates": [ [ 14.4090131, 40.6311859 ], [ 14.4090656, 40.6311808 ], [ 14.4091165, 40.6311759 ] ] } },
{ "type": "Feature", "properties": { "name": "", "name_manual": "", "name_original": null, "highway": "footway", "status": "unnamed", "description": "unnamed" }, "geometry": { "type": "LineString", "coordinates": [ [ 14.4090118, 40.6312956 ], [ 14.4091108, 40.6313294 ], [ 14.4092071, 40.6313623 ], [ 14.4094649, 40.6314981 ], [ 14.4094992, 40.6315161 ], [ 14.4098232, 40.6317219 ], [ 14.4099168, 40.6317896 ], [ 14.4100846, 40.6319018 ], [ 14.4101139, 40.6319214 ], [ 14.4101341, 40.631937 ], [ 14.4101473, 40.6319444 ] ] } },
{ "type": "Feature", "properties": { "name": "", "name_manual": "", "name_original": null, "highway": "footway", "status": "unnamed", "description": "unnamed" }, "geometry": { "type": "LineString", "coordinates": [ [ 14.4089556, 40.6312804 ], [ 14.4089837, 40.6312853 ], [ 14.4090118, 40.6312956 ] ] } },
{ "type": "Feature", "properties": { "name": "", "name_manual": "", "name_original": null, "highway": "service", "status": "unnamed", "description": "unnamed" }, "geometry": { "type": "LineString", "coordinates": [ [ 14.4094875, 40.6321071 ], [ 14.4094902, 40.6321141 ], [ 14.4094924, 40.6321201 ], [ 14.4095088, 40.6321634 ] ] } },
{ "type": "Feature", "properties": { "name": "", "name_manual": "", "name_original": null, "highway": "service", "status": "unnamed", "description": "unnamed" }, "geometry": { "type": "LineString", "coordinates": [ [ 14.4094491, 40.6319793 ], [ 14.4094875, 40.6321071 ] ] } },
{ "type": "Feature", "properties": { "name": "", "name_manual": "", "name_original": null, "highway": "service", "status": "unnamed", "description": "unnamed" }, "geometry": { "type": "LineString", "coordinates": [ [ 14.4056313, 40.635225 ], [ 14.4056497, 40.6352377 ], [ 14.4056633, 40.635247 ], [ 14.405674, 40.6352544 ], [ 14.405702, 40.6352736 ], [ 14.4058844, 40.6353851 ], [ 14.4059502, 40.6354522 ], [ 14.4059502, 40.635494 ], [ 14.4058093, 40.6356303 ], [ 14.4058871, 40.6356924 ], [ 14.4058523, 40.6357463 ], [ 14.4058362, 40.6358023 ] ] } },
{ "type": "Feature", "properties": { "name": "", "name_manual": "", "name_original": null, "highway": "footway", "status": "unnamed", "description": "unnamed" }, "geometry": { "type": "LineString", "coordinates": [ [ 14.4046629, 40.6361909 ], [ 14.4046479, 40.6361829 ], [ 14.4046274, 40.6361719 ], [ 14.4045876, 40.6361506 ], [ 14.4045758, 40.6361443 ] ] } },
{ "type": "Feature", "properties": { "name": "", "name_manual": "", "name_original": null, "highway": "footway", "status": "unnamed", "description": "unnamed" }, "geometry": { "type": "LineString", "coordinates": [ [ 14.4050985, 40.6357415 ], [ 14.405068, 40.63572 ] ] } },
{ "type": "Feature", "properties": { "name": "", "name_manual": "", "name_original": null, "highway": "service", "status": "unnamed", "description": "unnamed" }, "geometry": { "type": "LineString", "coordinates": [ [ 14.4054265, 40.6354051 ], [ 14.4054446, 40.6354164 ], [ 14.4054565, 40.6354239 ], [ 14.4054677, 40.6354309 ], [ 14.4056019, 40.6355146 ], [ 14.4054436, 40.6356606 ] ] } },
{ "type": "Feature", "properties": { "name": "", "name_manual": "", "name_original": null, "highway": "footway", "status": "unnamed", "description": "unnamed" }, "geometry": { "type": "LineString", "coordinates": [ [ 14.4044029, 40.6352124 ], [ 14.4044264, 40.6352208 ], [ 14.4045224, 40.6352267 ] ] } },
{ "type": "Feature", "properties": { "name": "", "name_manual": "", "name_original": null, "highway": "footway", "status": "unnamed", "description": "unnamed" }, "geometry": { "type": "LineString", "coordinates": [ [ 14.4056699, 40.63513 ], [ 14.4064754, 40.6345622 ], [ 14.4065302, 40.6345236 ] ] } },
{ "type": "Feature", "properties": { "name": "", "name_manual": "", "name_original": null, "highway": "footway", "status": "unnamed", "description": "unnamed" }, "geometry": { "type": "LineString", "coordinates": [ [ 14.4056203, 40.635166 ], [ 14.4056383, 40.6351529 ], [ 14.4056699, 40.63513 ] ] } },
{ "type": "Feature", "properties": { "name": "", "name_manual": "", "name_original": null, "highway": "footway", "status": "unnamed", "description": "unnamed" }, "geometry": { "type": "LineString", "coordinates": [ [ 14.4065395, 40.6346232 ], [ 14.4065125, 40.6345975 ], [ 14.4064754, 40.6345622 ] ] } },
{ "type": "Feature", "properties": { "name": "", "name_manual": "", "name_original": null, "highway": "service", "status": "unnamed", "description": "unnamed" }, "geometry": { "type": "LineString", "coordinates": [ [ 14.405068, 40.63572 ], [ 14.4050324, 40.6356971 ], [ 14.4050218, 40.6356903 ], [ 14.4050086, 40.6356832 ], [ 14.4049401, 40.6356619 ], [ 14.4047801, 40.6356321 ], [ 14.404744, 40.6356265 ] ] } },
{ "type": "Feature", "properties": { "name": "", "name_manual": "", "name_original": null, "highway": "footway", "status": "unnamed", "description": "unnamed" }, "geometry": { "type": "LineString", "coordinates": [ [ 14.4040936, 40.6366565 ], [ 14.4044944, 40.6362308 ], [ 14.4045758, 40.6361443 ], [ 14.4046735, 40.6360406 ], [ 14.4047649, 40.6359475 ], [ 14.4049946, 40.6357137 ], [ 14.4050218, 40.6356903 ], [ 14.4050379, 40.6356756 ], [ 14.405439, 40.6353236 ], [ 14.4056034, 40.6351807 ], [ 14.4056203, 40.635166 ] ] } },
{ "type": "Feature", "properties": { "name": "", "name_manual": "", "name_original": null, "highway": "footway", "status": "unnamed", "description": "unnamed" }, "geometry": { "type": "LineString", "coordinates": [ [ 14.4075881, 40.6350612 ], [ 14.4074088, 40.6349727 ], [ 14.4066424, 40.6345942 ], [ 14.4066084, 40.6345774 ], [ 14.4066002, 40.6345805 ], [ 14.4065395, 40.6346232 ], [ 14.4057004, 40.6352147 ], [ 14.4056633, 40.635247 ], [ 14.4055167, 40.6353743 ], [ 14.4054776, 40.6354047 ], [ 14.4054565, 40.6354239 ], [ 14.4052417, 40.6356197 ], [ 14.4051156, 40.6357265 ], [ 14.4050985, 40.6357415 ], [ 14.4050746, 40.6357624 ], [ 14.4047562, 40.6360866 ], [ 14.4046825, 40.636169 ], [ 14.4046629, 40.6361909 ], [ 14.4046536, 40.6362012 ], [ 14.4041859, 40.636724 ], [ 14.4040395, 40.6368889 ] ] } },
{ "type": "Feature", "properties": { "name": "", "name_manual": "", "name_original": null, "highway": "footway", "status": "unnamed", "description": "unnamed" }, "geometry": { "type": "LineString", "coordinates": [ [ 14.4053276, 40.6380296 ], [ 14.405364, 40.6380387 ] ] } },
{ "type": "Feature", "properties": { "name": "", "name_manual": "", "name_original": null, "highway": "footway", "status": "unnamed", "description": "unnamed" }, "geometry": { "type": "LineString", "coordinates": [ [ 14.4054421, 40.6375281 ], [ 14.4054492, 40.6375303 ], [ 14.4054842, 40.6375412 ], [ 14.4055266, 40.6375544 ], [ 14.4055339, 40.6375566 ] ] } },
{ "type": "Feature", "properties": { "name": "", "name_manual": "", "name_original": null, "highway": "footway", "status": "unnamed", "description": "unnamed" }, "geometry": { "type": "LineString", "coordinates": [ [ 14.4053614, 40.6376556 ], [ 14.4053826, 40.6376179 ], [ 14.4054133, 40.6375632 ] ] } },
{ "type": "Feature", "properties": { "name": "", "name_manual": "", "name_original": null, "highway": "service", "status": "unnamed", "description": "unnamed" }, "geometry": { "type": "LineString", "coordinates": [ [ 14.4055777, 40.6373677 ], [ 14.4056249, 40.6373849 ], [ 14.4056358, 40.6373889 ], [ 14.4056439, 40.6373918 ], [ 14.4058046, 40.6374474 ], [ 14.40603, 40.6375477 ] ] } },
{ "type": "Feature", "properties": { "name": "", "name_manual": "", "name_original": null, "highway": "footway", "status": "unnamed", "description": "unnamed" }, "geometry": { "type": "LineString", "coordinates": [ [ 14.405364, 40.6380387 ], [ 14.4054371, 40.6378005 ], [ 14.4054496, 40.6377736 ], [ 14.4055252, 40.6375722 ], [ 14.4055339, 40.6375566 ], [ 14.4055571, 40.6375184 ], [ 14.405626, 40.6374039 ], [ 14.4056358, 40.6373889 ], [ 14.405698, 40.6372934 ], [ 14.4057739, 40.6371873 ], [ 14.4059381, 40.6369657 ], [ 14.4060572, 40.636833 ], [ 14.4062214, 40.636647 ] ] } },
{ "type": "Feature", "properties": { "name": "", "name_manual": "", "name_original": null, "highway": "footway", "status": "unnamed", "description": "unnamed" }, "geometry": { "type": "LineString", "coordinates": [ [ 14.4054133, 40.6375632 ], [ 14.4054213, 40.6375568 ], [ 14.4054304, 40.6375446 ], [ 14.4054421, 40.6375281 ], [ 14.4054692, 40.6374899 ], [ 14.4055371, 40.6373731 ], [ 14.4056079, 40.6372583 ], [ 14.4056857, 40.6371495 ], [ 14.4058571, 40.6369255 ] ] } },
{ "type": "Feature", "properties": { "name": "", "name_manual": "", "name_original": null, "highway": "service", "status": "unnamed", "description": "unnamed" }, "geometry": { "type": "LineString", "coordinates": [ [ 14.4034999, 40.6373803 ], [ 14.4035333, 40.6373963 ], [ 14.4035433, 40.6374013 ], [ 14.4035533, 40.6374063 ], [ 14.4042107, 40.6377349 ], [ 14.4040243, 40.6379761 ] ] } },
{ "type": "Feature", "properties": { "name": "", "name_manual": "", "name_original": null, "highway": "footway", "status": "unnamed", "description": "unnamed" }, "geometry": { "type": "LineString", "coordinates": [ [ 14.4066424, 40.6345942 ], [ 14.4066489, 40.634587 ], [ 14.4066753, 40.6345572 ], [ 14.4067009, 40.6345284 ], [ 14.4067042, 40.6345247 ] ] } },
{ "type": "Feature", "properties": { "name": "", "name_manual": "", "name_original": null, "highway": "footway", "status": "unnamed", "description": "unnamed" }, "geometry": { "type": "LineString", "coordinates": [ [ 14.4074088, 40.6349727 ], [ 14.4074154, 40.6349655 ], [ 14.4074413, 40.634937 ], [ 14.4074684, 40.6349074 ], [ 14.4074718, 40.6349037 ] ] } },
{ "type": "Feature", "properties": { "name": "", "name_manual": "", "name_original": null, "highway": "footway", "status": "unnamed", "description": "unnamed" }, "geometry": { "type": "LineString", "coordinates": [ [ 14.4079587, 40.6346952 ], [ 14.407936, 40.6346833 ], [ 14.4079132, 40.6346713 ] ] } },
{ "type": "Feature", "properties": { "name": "", "name_manual": "", "name_original": null, "highway": "footway", "status": "unnamed", "description": "unnamed" }, "geometry": { "type": "LineString", "coordinates": [ [ 14.4079587, 40.6346952 ], [ 14.4079518, 40.6347036 ], [ 14.4078762, 40.6347905 ], [ 14.4078103, 40.6348661 ] ] } },
{ "type": "Feature", "properties": { "name": "", "name_manual": "", "name_original": null, "highway": "service", "status": "unnamed", "description": "unnamed" }, "geometry": { "type": "LineString", "coordinates": [ [ 14.4078701, 40.6347558 ], [ 14.4078445, 40.6347425 ], [ 14.4077812, 40.6347092 ], [ 14.4074294, 40.6345159 ], [ 14.4074334, 40.6344864 ], [ 14.4073248, 40.6343999 ] ] } },
{ "type": "Feature", "properties": { "name": "", "name_manual": "", "name_original": null, "highway": "footway", "status": "unnamed", "description": "unnamed" }, "geometry": { "type": "LineString", "coordinates": [ [ 14.4066385, 40.6344922 ], [ 14.4067042, 40.6345247 ], [ 14.4071485, 40.6347441 ], [ 14.4074718, 40.6349037 ], [ 14.4075901, 40.6349621 ], [ 14.4076081, 40.634963 ], [ 14.4076324, 40.634964 ], [ 14.4076486, 40.6349582 ], [ 14.4076672, 40.6349524 ], [ 14.4077357, 40.6348708 ], [ 14.4077377, 40.6348673 ], [ 14.4077328, 40.6348619 ], [ 14.4077553, 40.6348379 ], [ 14.4078445, 40.6347425 ], [ 14.4079132, 40.6346713 ], [ 14.4079503, 40.6346304 ], [ 14.4079679, 40.6346268 ], [ 14.4080314, 40.634544 ], [ 14.408074, 40.6344832 ], [ 14.4080779, 40.6344776 ], [ 14.4082422, 40.6343017 ] ] } },
{ "type": "Feature", "properties": { "name": "", "name_manual": "", "name_original": null, "highway": "footway", "status": "unnamed", "description": "unnamed" }, "geometry": { "type": "LineString", "coordinates": [ [ 14.4048015, 40.6349918 ], [ 14.4048294, 40.6349848 ], [ 14.405274, 40.6349851 ], [ 14.4052735, 40.6353704 ], [ 14.4049953, 40.6353697 ], [ 14.404801, 40.6353693 ], [ 14.4048013, 40.6351918 ], [ 14.4048015, 40.6349918 ] ] } },
{ "type": "Feature", "properties": { "name": "", "name_manual": "", "name_original": null, "highway": "footway", "status": "unnamed", "description": "unnamed" }, "geometry": { "type": "LineString", "coordinates": [ [ 14.4045424, 40.6351915 ], [ 14.4048013, 40.6351918 ] ] } },
{ "type": "Feature", "properties": { "name": "", "name_manual": "", "name_original": null, "highway": "footway", "status": "unnamed", "description": "unnamed" }, "geometry": { "type": "LineString", "coordinates": [ [ 14.404744, 40.6356265 ], [ 14.4049935, 40.6354389 ], [ 14.4049953, 40.6353697 ] ] } },
{ "type": "Feature", "properties": { "name": "", "name_manual": "", "name_original": null, "highway": "footway", "status": "unnamed", "description": "unnamed" }, "geometry": { "type": "LineString", "coordinates": [ [ 14.4048015, 40.6349918 ], [ 14.4045424, 40.6351915 ], [ 14.4045285, 40.6352002 ], [ 14.4045224, 40.6352267 ], [ 14.4045172, 40.6352489 ], [ 14.4044706, 40.6352527 ], [ 14.404383, 40.6353274 ], [ 14.4043843, 40.6355575 ], [ 14.4044785, 40.6356299 ], [ 14.4047196, 40.6356264 ], [ 14.404744, 40.6356265 ] ] } },
{ "type": "Feature", "properties": { "name": "", "name_manual": "", "name_original": null, "highway": "footway", "status": "unnamed", "description": "unnamed" }, "geometry": { "type": "LineString", "coordinates": [ [ 14.4065635, 40.6345028 ], [ 14.4065441, 40.6345148 ], [ 14.4065302, 40.6345236 ] ] } },
{ "type": "Feature", "properties": { "name": "", "name_manual": "", "name_original": null, "highway": "service", "status": "unnamed", "description": "unnamed" }, "geometry": { "type": "LineString", "coordinates": [ [ 14.4068361, 40.6343038 ], [ 14.406807, 40.6342882 ], [ 14.4067973, 40.634283 ], [ 14.4067877, 40.6342779 ], [ 14.4065174, 40.6341332 ], [ 14.4066757, 40.6338798 ], [ 14.4062586, 40.6336508 ], [ 14.40604, 40.6338462 ], [ 14.4060534, 40.6339053 ], [ 14.4060963, 40.6339785 ], [ 14.4064343, 40.634178 ], [ 14.4065174, 40.6341332 ] ] } },
{ "type": "Feature", "properties": { "name": "", "name_manual": "", "name_original": null, "highway": "service", "status": "unnamed", "description": "unnamed" }, "geometry": { "type": "LineString", "coordinates": [ [ 14.4069292, 40.633659 ], [ 14.4068024, 40.6337908 ] ] } },
{ "type": "Feature", "properties": { "name": "", "name_manual": "", "name_original": null, "highway": "service", "status": "unnamed", "description": "unnamed" }, "geometry": { "type": "LineString", "coordinates": [ [ 14.4072724, 40.6338838 ], [ 14.4072494, 40.6338606 ], [ 14.407242, 40.6338532 ], [ 14.4072346, 40.6338457 ], [ 14.4072195, 40.6338305 ], [ 14.4071686, 40.6337674 ], [ 14.4069292, 40.633659 ], [ 14.4069151, 40.6336055 ], [ 14.4067917, 40.6335384 ] ] } },
{ "type": "Feature", "properties": { "name": "", "name_manual": "", "name_original": null, "highway": "service", "status": "unnamed", "description": "unnamed" }, "geometry": { "type": "LineString", "coordinates": [ [ 14.4076584, 40.6335051 ], [ 14.4076279, 40.6334896 ], [ 14.4076087, 40.6334805 ], [ 14.4075895, 40.6334714 ], [ 14.4074904, 40.6334244 ] ] } },
{ "type": "Feature", "properties": { "name": "", "name_manual": "", "name_original": null, "highway": "service", "status": "unnamed", "description": "unnamed" }, "geometry": { "type": "LineString", "coordinates": [ [ 14.4080237, 40.6330564 ], [ 14.4079908, 40.6330394 ], [ 14.4079774, 40.6330328 ], [ 14.407964, 40.6330262 ], [ 14.4079094, 40.6329992 ], [ 14.4078003, 40.6331261 ] ] } },
{ "type": "Feature", "properties": { "name": "", "name_manual": "", "name_original": null, "highway": "service", "status": "unnamed", "description": "unnamed" }, "geometry": { "type": "LineString", "coordinates": [ [ 14.4078762, 40.6332477 ], [ 14.4078473, 40.6332312 ], [ 14.4078325, 40.6332236 ], [ 14.407791, 40.6332022 ], [ 14.4072631, 40.6329303 ] ] } },
{ "type": "Feature", "properties": { "name": "", "name_manual": "", "name_original": null, "highway": "footway", "status": "unnamed", "description": "unnamed" }, "geometry": { "type": "LineString", "coordinates": [ [ 14.4100639, 40.6322414 ], [ 14.4100679, 40.6322533 ], [ 14.4100746, 40.6322734 ], [ 14.4100788, 40.6322948 ] ] } },
{ "type": "Feature", "properties": { "name": "", "name_manual": "", "name_original": null, "highway": "footway", "status": "unnamed", "description": "unnamed" }, "geometry": { "type": "LineString", "coordinates": [ [ 14.4098946, 40.6321225 ], [ 14.4098915, 40.6321137 ], [ 14.4098833, 40.6320899 ], [ 14.4098669, 40.6320426 ] ] } },
{ "type": "Feature", "properties": { "name": "", "name_manual": "", "name_original": null, "highway": "footway", "status": "unnamed", "description": "unnamed" }, "geometry": { "type": "LineString", "coordinates": [ [ 14.4100639, 40.6322414 ], [ 14.409906, 40.6321255 ], [ 14.409902, 40.6321207 ], [ 14.4100791, 40.6320776 ], [ 14.4101147, 40.632069 ], [ 14.4101361, 40.6320651 ], [ 14.4101626, 40.6320618 ], [ 14.4101804, 40.6320773 ], [ 14.410176, 40.6321087 ], [ 14.4101665, 40.6321238 ], [ 14.4100639, 40.6322414 ] ] } },
{ "type": "Feature", "properties": { "name": "", "name_manual": "", "name_original": null, "highway": "footway", "status": "unnamed", "description": "unnamed" }, "geometry": { "type": "LineString", "coordinates": [ [ 14.4093467, 40.6322353 ], [ 14.4093433, 40.6322267 ], [ 14.4093329, 40.6322006 ], [ 14.4093159, 40.6321578 ], [ 14.4093134, 40.6321516 ] ] } },
{ "type": "Feature", "properties": { "name": "", "name_manual": "", "name_original": null, "highway": "footway", "status": "unnamed", "description": "unnamed" }, "geometry": { "type": "LineString", "coordinates": [ [ 14.4085933, 40.6325182 ], [ 14.4085616, 40.6324828 ], [ 14.4085225, 40.6324391 ] ] } },
{ "type": "Feature", "properties": { "name": "", "name_manual": "", "name_original": null, "highway": "footway", "status": "unnamed", "description": "unnamed" }, "geometry": { "type": "LineString", "coordinates": [ [ 14.4084427, 40.6326452 ], [ 14.4085243, 40.6325701 ], [ 14.4085853, 40.6325233 ], [ 14.4085933, 40.6325182 ], [ 14.4086753, 40.6324606 ], [ 14.4087292, 40.6324332 ], [ 14.4087767, 40.6324105 ], [ 14.408805, 40.6323996 ], [ 14.4088612, 40.6323779 ], [ 14.4088811, 40.6323685 ], [ 14.4091953, 40.6322694 ], [ 14.409262, 40.6322535 ], [ 14.4093259, 40.6322398 ], [ 14.4093467, 40.6322353 ], [ 14.4095452, 40.6321928 ], [ 14.4095567, 40.6321903 ], [ 14.4095998, 40.6321824 ], [ 14.4096471, 40.6321738 ], [ 14.4098902, 40.6321236 ], [ 14.4098946, 40.6321225 ], [ 14.409902, 40.6321207 ] ] } },
{ "type": "Feature", "properties": { "name": "", "name_manual": "", "name_original": null, "highway": "service", "status": "unnamed", "description": "unnamed" }, "geometry": { "type": "LineString", "coordinates": [ [ 14.4088645, 40.6324207 ], [ 14.4090141, 40.6324738 ] ] } },
{ "type": "Feature", "properties": { "name": "", "name_manual": "", "name_original": null, "highway": "service", "status": "unnamed", "description": "unnamed" }, "geometry": { "type": "LineString", "coordinates": [ [ 14.408755, 40.6323819 ], [ 14.4087914, 40.6323948 ], [ 14.408805, 40.6323996 ], [ 14.4088186, 40.6324044 ], [ 14.4088645, 40.6324207 ] ] } },
{ "type": "Feature", "properties": { "name": "", "name_manual": "", "name_original": null, "highway": "service", "status": "unnamed", "description": "unnamed" }, "geometry": { "type": "LineString", "coordinates": [ [ 14.4090141, 40.6324738 ], [ 14.4090441, 40.6324845 ], [ 14.4091339, 40.6324265 ], [ 14.4092667, 40.6324926 ], [ 14.4093753, 40.6323797 ] ] } },
{ "type": "Feature", "properties": { "name": "", "name_manual": "", "name_original": null, "highway": "service", "status": "unnamed", "description": "unnamed" }, "geometry": { "type": "LineString", "coordinates": [ [ 14.4095839, 40.6321496 ], [ 14.4095957, 40.6321739 ], [ 14.4095998, 40.6321824 ], [ 14.409604, 40.6321911 ], [ 14.40961, 40.6322036 ], [ 14.4096516, 40.6322402 ], [ 14.4097415, 40.6323094 ] ] } },
{ "type": "Feature", "properties": { "name": "", "name_manual": "", "name_original": null, "highway": "service", "status": "unnamed", "description": "unnamed" }, "geometry": { "type": "LineString", "coordinates": [ [ 14.4092668, 40.6322135 ], [ 14.4093118, 40.6322335 ], [ 14.4093259, 40.6322398 ], [ 14.4093384, 40.6322464 ], [ 14.4094089, 40.632284 ], [ 14.4095604, 40.6322575 ], [ 14.4095473, 40.6322017 ], [ 14.4095452, 40.6321928 ], [ 14.4095431, 40.6321839 ], [ 14.409537, 40.6321571 ] ] } },
{ "type": "Feature", "properties": { "name": "", "name_manual": "", "name_original": null, "highway": "footway", "status": "unnamed", "description": "unnamed" }, "geometry": { "type": "LineString", "coordinates": [ [ 14.4101473, 40.6319444 ], [ 14.4102277, 40.6319808 ], [ 14.4103145, 40.6320197 ], [ 14.4103345, 40.6320278 ], [ 14.4103496, 40.6320339 ] ] } },
{ "type": "Feature", "properties": { "name": "", "name_manual": "", "name_original": null, "highway": "service", "status": "unnamed", "description": "unnamed" }, "geometry": { "type": "LineString", "coordinates": [ [ 14.4086093, 40.6324555 ], [ 14.4085946, 40.6324046 ], [ 14.4085919, 40.6323953 ], [ 14.4085892, 40.6323861 ], [ 14.4085868, 40.6323776 ], [ 14.4086275, 40.6323381 ] ] } },
{ "type": "Feature", "properties": { "name": "", "name_manual": "", "name_original": null, "highway": "footway", "status": "unnamed", "description": "unnamed" }, "geometry": { "type": "LineString", "coordinates": [ [ 14.4119545, 40.6326961 ], [ 14.4119496, 40.6326937 ] ] } },
{ "type": "Feature", "properties": { "name": "", "name_manual": "", "name_original": null, "highway": "footway", "status": "unnamed", "description": "unnamed" }, "geometry": { "type": "LineString", "coordinates": [ [ 14.4112576, 40.6323222 ], [ 14.4112386, 40.6323498 ], [ 14.4112039, 40.6324005 ], [ 14.4112314, 40.6324088 ], [ 14.411353, 40.6324472 ], [ 14.4114858, 40.632491 ] ] } },
{ "type": "Feature", "properties": { "name": "", "name_manual": "", "name_original": null, "highway": "footway", "status": "unnamed", "description": "unnamed" }, "geometry": { "type": "LineString", "coordinates": [ [ 14.4103752, 40.6320459 ], [ 14.4103868, 40.6320329 ], [ 14.4104074, 40.6320097 ], [ 14.4104281, 40.6319864 ], [ 14.4104348, 40.6319789 ] ] } },
{ "type": "Feature", "properties": { "name": "", "name_manual": "", "name_original": null, "highway": "footway", "status": "unnamed", "description": "unnamed" }, "geometry": { "type": "LineString", "coordinates": [ [ 14.4115272, 40.6333031 ], [ 14.4115375, 40.6332885 ], [ 14.41162, 40.6331937 ], [ 14.4118317, 40.6329462 ], [ 14.4119286, 40.632827 ], [ 14.4119466, 40.6328352 ], [ 14.4120305, 40.632733 ], [ 14.4120394, 40.6327237 ], [ 14.4125185, 40.6329568 ], [ 14.4131005, 40.6332398 ], [ 14.4133237, 40.6333484 ], [ 14.4134121, 40.6333913 ] ] } },
{ "type": "Feature", "properties": { "name": "", "name_manual": "", "name_original": null, "highway": "footway", "status": "unnamed", "description": "unnamed" }, "geometry": { "type": "LineString", "coordinates": [ [ 14.4113466, 40.6331414 ], [ 14.4113081, 40.633111 ] ] } },
{ "type": "Feature", "properties": { "name": "", "name_manual": "", "name_original": null, "highway": "footway", "status": "unnamed", "description": "unnamed" }, "geometry": { "type": "LineString", "coordinates": [ [ 14.4113877, 40.633162 ], [ 14.4113466, 40.6331414 ] ] } },
{ "type": "Feature", "properties": { "name": "", "name_manual": "", "name_original": null, "highway": "footway", "status": "unnamed", "description": "unnamed" }, "geometry": { "type": "LineString", "coordinates": [ [ 14.4113535, 40.6328757 ], [ 14.4113759, 40.6328504 ] ] } },
{ "type": "Feature", "properties": { "name": "", "name_manual": "", "name_original": null, "highway": "footway", "status": "unnamed", "description": "unnamed" }, "geometry": { "type": "LineString", "coordinates": [ [ 14.4115179, 40.6329207 ], [ 14.4115281, 40.6329088 ], [ 14.4115512, 40.632884 ] ] } },
{ "type": "Feature", "properties": { "name": "", "name_manual": "", "name_original": null, "highway": "footway", "status": "unnamed", "description": "unnamed" }, "geometry": { "type": "LineString", "coordinates": [ [ 14.4112429, 40.6327839 ], [ 14.4112526, 40.6327718 ], [ 14.4112707, 40.6327499 ], [ 14.4112817, 40.6327354 ], [ 14.4112892, 40.6327261 ] ] } },
{ "type": "Feature", "properties": { "name": "", "name_manual": "", "name_original": null, "highway": "footway", "status": "unnamed", "description": "unnamed" }, "geometry": { "type": "LineString", "coordinates": [ [ 14.4114293, 40.6330341 ], [ 14.411355, 40.6331199 ], [ 14.4113373, 40.633111 ], [ 14.4113692, 40.6330751 ], [ 14.4113479, 40.6330647 ] ] } },
{ "type": "Feature", "properties": { "name": "", "name_manual": "", "name_original": null, "highway": "footway", "status": "unnamed", "description": "unnamed" }, "geometry": { "type": "LineString", "coordinates": [ [ 14.4114293, 40.6330341 ], [ 14.4114398, 40.6330394 ] ] } },
{ "type": "Feature", "properties": { "name": "", "name_manual": "", "name_original": null, "highway": "steps", "status": "unnamed", "description": "unnamed" }, "geometry": { "type": "LineString", "coordinates": [ [ 14.4114192, 40.6330289 ], [ 14.4114293, 40.6330341 ] ] } },
{ "type": "Feature", "properties": { "name": "", "name_manual": "", "name_original": null, "highway": "footway", "status": "unnamed", "description": "unnamed" }, "geometry": { "type": "LineString", "coordinates": [ [ 14.4114823, 40.6329036 ], [ 14.4115179, 40.6329207 ], [ 14.4116988, 40.6330079 ], [ 14.4116897, 40.6330183 ], [ 14.4115164, 40.6332243 ], [ 14.4115049, 40.6332188 ], [ 14.4113877, 40.633162 ] ] } },
{ "type": "Feature", "properties": { "name": "", "name_manual": "", "name_original": null, "highway": "footway", "status": "unnamed", "description": "unnamed" }, "geometry": { "type": "LineString", "coordinates": [ [ 14.4113025, 40.6329697 ], [ 14.4111316, 40.6330067 ] ] } },
{ "type": "Feature", "properties": { "name": "", "name_manual": "", "name_original": null, "highway": "footway", "status": "unnamed", "description": "unnamed" }, "geometry": { "type": "LineString", "coordinates": [ [ 14.4114823, 40.6329036 ], [ 14.4113895, 40.6330139 ], [ 14.4113479, 40.6330647 ], [ 14.4113081, 40.633111 ], [ 14.4112807, 40.6330917 ], [ 14.4111561, 40.6330262 ], [ 14.4111316, 40.6330067 ], [ 14.4111217, 40.6329953 ], [ 14.4111131, 40.6329733 ], [ 14.4111108, 40.632955 ], [ 14.4111201, 40.6329333 ], [ 14.4111528, 40.6328938 ], [ 14.4112429, 40.6327839 ], [ 14.4113759, 40.6328504 ], [ 14.4114823, 40.6329036 ] ] } },
{ "type": "Feature", "properties": { "name": "", "name_manual": "", "name_original": null, "highway": "footway", "status": "unnamed", "description": "unnamed" }, "geometry": { "type": "LineString", "coordinates": [ [ 14.4113106, 40.6329253 ], [ 14.411281, 40.6329588 ] ] } },
{ "type": "Feature", "properties": { "name": "", "name_manual": "", "name_original": null, "highway": "footway", "status": "unnamed", "description": "unnamed" }, "geometry": { "type": "LineString", "coordinates": [ [ 14.4111528, 40.6328938 ], [ 14.411281, 40.6329588 ], [ 14.4113025, 40.6329697 ], [ 14.4113895, 40.6330139 ], [ 14.4114192, 40.6330289 ] ] } },
{ "type": "Feature", "properties": { "name": "", "name_manual": "", "name_original": null, "highway": "footway", "status": "unnamed", "description": "unnamed" }, "geometry": { "type": "LineString", "coordinates": [ [ 14.4113514, 40.6329461 ], [ 14.4113106, 40.6329253 ], [ 14.4112684, 40.6329039 ], [ 14.4113119, 40.6328546 ], [ 14.4113535, 40.6328757 ], [ 14.4113949, 40.6328968 ], [ 14.4113514, 40.6329461 ] ] } },
{ "type": "Feature", "properties": { "name": "", "name_manual": "", "name_original": null, "highway": "footway", "status": "unnamed", "description": "unnamed" }, "geometry": { "type": "LineString", "coordinates": [ [ 14.4115156, 40.6324847 ], [ 14.4114953, 40.6324804 ], [ 14.4114858, 40.632491 ] ] } },
{ "type": "Feature", "properties": { "name": "", "name_manual": "", "name_original": null, "highway": "footway", "status": "unnamed", "description": "unnamed" }, "geometry": { "type": "LineString", "coordinates": [ [ 14.4119496, 40.6326937 ], [ 14.4115696, 40.6325106 ], [ 14.4115156, 40.6324847 ] ] } },
{ "type": "Feature", "properties": { "name": "", "name_manual": "", "name_original": null, "highway": "footway", "status": "unnamed", "description": "unnamed" }, "geometry": { "type": "LineString", "coordinates": [ [ 14.4120305, 40.632733 ], [ 14.4120247, 40.6327301 ], [ 14.4119812, 40.6327089 ], [ 14.4119596, 40.6326985 ], [ 14.4119545, 40.6326961 ] ] } },
{ "type": "Feature", "properties": { "name": "", "name_manual": "", "name_original": null, "highway": "footway", "status": "unnamed", "description": "unnamed" }, "geometry": { "type": "LineString", "coordinates": [ [ 14.4119545, 40.6326961 ], [ 14.4117902, 40.6328845 ], [ 14.4117396, 40.6329418 ], [ 14.4117303, 40.6329503 ], [ 14.4112892, 40.6327261 ], [ 14.41128, 40.6327214 ], [ 14.4113402, 40.6326554 ], [ 14.4114858, 40.632491 ] ] } },
{ "type": "Feature", "properties": { "name": "", "name_manual": "", "name_original": null, "highway": "footway", "status": "unnamed", "description": "unnamed" }, "geometry": { "type": "LineString", "coordinates": [ [ 14.4107984, 40.6329389 ], [ 14.4108048, 40.6329289 ], [ 14.4110678, 40.6325995 ], [ 14.4110598, 40.6325822 ], [ 14.4112039, 40.6324005 ], [ 14.4109799, 40.6323103 ], [ 14.4105966, 40.6321494 ], [ 14.4103752, 40.6320459 ], [ 14.4103496, 40.6320339 ] ] } },
{ "type": "Feature", "properties": { "name": "", "name_manual": "", "name_original": null, "highway": "service", "status": "unnamed", "description": "unnamed" }, "geometry": { "type": "LineString", "coordinates": [ [ 14.4116188, 40.635686 ], [ 14.4116503, 40.6357438 ], [ 14.411984, 40.6359144 ] ] } },
{ "type": "Feature", "properties": { "name": "", "name_manual": "", "name_original": null, "highway": "service", "status": "unnamed", "description": "unnamed" }, "geometry": { "type": "LineString", "coordinates": [ [ 14.4159239, 40.631339 ], [ 14.4159451, 40.6313575 ], [ 14.416052, 40.631454 ] ] } },
{ "type": "Feature", "properties": { "name": "", "name_manual": "", "name_original": null, "highway": "service", "status": "unnamed", "description": "unnamed" }, "geometry": { "type": "LineString", "coordinates": [ [ 14.4157357, 40.6314789 ], [ 14.415771, 40.6314527 ], [ 14.4157821, 40.6314444 ], [ 14.4157933, 40.6314361 ], [ 14.4159239, 40.631339 ], [ 14.4162539, 40.6310937 ] ] } },
{ "type": "Feature", "properties": { "name": "", "name_manual": "", "name_original": null, "highway": "service", "status": "unnamed", "description": "unnamed" }, "geometry": { "type": "LineString", "coordinates": [ [ 14.4151477, 40.6309699 ], [ 14.4151878, 40.6309374 ], [ 14.4152209, 40.6309105 ] ] } },
{ "type": "Feature", "properties": { "name": "", "name_manual": "", "name_original": null, "highway": "service", "status": "unnamed", "description": "unnamed" }, "geometry": { "type": "LineString", "coordinates": [ [ 14.4152209, 40.6309105 ], [ 14.4152323, 40.6308768 ], [ 14.4152671, 40.6308525 ], [ 14.4153067, 40.6308497 ], [ 14.4153027, 40.6308685 ], [ 14.4152605, 40.6309013 ], [ 14.4152209, 40.6309105 ] ] } },
{ "type": "Feature", "properties": { "name": "", "name_manual": "", "name_original": null, "highway": "footway", "status": "unnamed", "description": "unnamed" }, "geometry": { "type": "LineString", "coordinates": [ [ 14.4151213, 40.6308845 ], [ 14.4150458, 40.6308253 ], [ 14.4143368, 40.6302692 ] ] } },
{ "type": "Feature", "properties": { "name": "", "name_manual": "", "name_original": null, "highway": "footway", "status": "unnamed", "description": "unnamed" }, "geometry": { "type": "LineString", "coordinates": [ [ 14.4152562, 40.6309922 ], [ 14.4151878, 40.6309374 ], [ 14.4151213, 40.6308845 ] ] } },
{ "type": "Feature", "properties": { "name": "", "name_manual": "", "name_original": null, "highway": "service", "status": "unnamed", "description": "unnamed" }, "geometry": { "type": "LineString", "coordinates": [ [ 14.4135938, 40.6298004 ], [ 14.4136319, 40.6297668 ], [ 14.4136407, 40.6297591 ], [ 14.4136497, 40.6297511 ], [ 14.4140001, 40.6295095 ], [ 14.4142355, 40.6297064 ], [ 14.4145537, 40.6299481 ], [ 14.4145814, 40.6299734 ] ] } },
{ "type": "Feature", "properties": { "name": "", "name_manual": "", "name_original": null, "highway": "footway", "status": "unnamed", "description": "unnamed" }, "geometry": { "type": "LineString", "coordinates": [ [ 14.4106118, 40.6285956 ], [ 14.4105754, 40.6286341 ] ] } },
{ "type": "Feature", "properties": { "name": "", "name_manual": "", "name_original": null, "highway": "footway", "status": "unnamed", "description": "unnamed" }, "geometry": { "type": "LineString", "coordinates": [ [ 14.4077354, 40.6300725 ], [ 14.4077203, 40.6300826 ], [ 14.4076201, 40.630149 ], [ 14.4075637, 40.6301877 ], [ 14.4075558, 40.6301938 ] ] } },
{ "type": "Feature", "properties": { "name": "", "name_manual": "", "name_original": null, "highway": "footway", "status": "unnamed", "description": "unnamed" }, "geometry": { "type": "LineString", "coordinates": [ [ 14.4067797, 40.6284247 ], [ 14.4067885, 40.6284187 ], [ 14.4071198, 40.6280291 ], [ 14.4071266, 40.6280217 ] ] } },
{ "type": "Feature", "properties": { "name": "", "name_manual": "", "name_original": null, "highway": "footway", "status": "unnamed", "description": "unnamed" }, "geometry": { "type": "LineString", "coordinates": [ [ 14.4073572, 40.6297735 ], [ 14.4073457, 40.6297759 ], [ 14.4072926, 40.6297867 ], [ 14.4072709, 40.6297907 ], [ 14.4072591, 40.6297925 ] ] } },
{ "type": "Feature", "properties": { "name": "", "name_manual": "", "name_original": null, "highway": "footway", "status": "unnamed", "description": "unnamed" }, "geometry": { "type": "LineString", "coordinates": [ [ 14.4067387, 40.6285124 ], [ 14.4067152, 40.6284917 ], [ 14.4066965, 40.6284767 ], [ 14.4066814, 40.6284645 ] ] } },
{ "type": "Feature", "properties": { "name": "", "name_manual": "", "name_original": null, "highway": "footway", "status": "unnamed", "description": "unnamed" }, "geometry": { "type": "LineString", "coordinates": [ [ 14.4070843, 40.6288178 ], [ 14.4071873, 40.6289332 ], [ 14.4071909, 40.6289465 ], [ 14.4071833, 40.6289643 ], [ 14.4071681, 40.6289747 ], [ 14.4071473, 40.6289788 ], [ 14.4071297, 40.6289746 ], [ 14.407129, 40.6289791 ], [ 14.4071268, 40.6289933 ], [ 14.4071245, 40.6290079 ], [ 14.4071238, 40.6290125 ], [ 14.4071828, 40.6290199 ], [ 14.4072145, 40.6290242 ], [ 14.4072365, 40.6290404 ], [ 14.4072461, 40.6290573 ], [ 14.4072473, 40.629078 ], [ 14.4072405, 40.629094 ], [ 14.4072272, 40.629108 ], [ 14.4072124, 40.6291172 ], [ 14.407187, 40.6291239 ], [ 14.4071576, 40.62912 ], [ 14.4071164, 40.6293269 ], [ 14.4071895, 40.6293352 ], [ 14.4071855, 40.6293712 ], [ 14.4071647, 40.6295589 ], [ 14.4071583, 40.6295731 ], [ 14.4071505, 40.6295774 ], [ 14.4071371, 40.6295815 ], [ 14.4071196, 40.6295779 ], [ 14.4071174, 40.6295828 ], [ 14.4071068, 40.6296062 ], [ 14.4070931, 40.6296367 ], [ 14.4071411, 40.6296482 ], [ 14.407167, 40.6296576 ], [ 14.407187, 40.6296666 ], [ 14.4071991, 40.629681 ], [ 14.4072591, 40.6297925 ], [ 14.4073036, 40.6298596 ], [ 14.4074343, 40.6300502 ], [ 14.407546, 40.6301843 ], [ 14.4075558, 40.6301938 ], [ 14.4075757, 40.6302164 ], [ 14.407587, 40.6302331 ], [ 14.4075876, 40.6302466 ], [ 14.4074975, 40.6303601 ], [ 14.4073902, 40.6304843 ], [ 14.4073825, 40.6304917 ], [ 14.4073677, 40.6304998 ], [ 14.4073466, 40.6305062 ], [ 14.4073241, 40.6305079 ], [ 14.4072936, 40.6305051 ] ] } },
{ "type": "Feature", "properties": { "name": "", "name_manual": "", "name_original": null, "highway": "footway", "status": "unnamed", "description": "unnamed" }, "geometry": { "type": "LineString", "coordinates": [ [ 14.4073333, 40.629668 ], [ 14.4073425, 40.6297158 ], [ 14.4073516, 40.6297632 ] ] } },
{ "type": "Feature", "properties": { "name": "", "name_manual": "", "name_original": null, "highway": "footway", "status": "unnamed", "description": "unnamed" }, "geometry": { "type": "LineString", "coordinates": [ [ 14.4073065, 40.6295056 ], [ 14.4073133, 40.629557 ], [ 14.4073333, 40.629668 ] ] } },
{ "type": "Feature", "properties": { "name": "", "name_manual": "", "name_original": null, "highway": "footway", "status": "unnamed", "description": "unnamed" }, "geometry": { "type": "LineString", "coordinates": [ [ 14.4073065, 40.6295056 ], [ 14.4073125, 40.6294499 ], [ 14.40732, 40.6293795 ], [ 14.4072418, 40.6293747 ], [ 14.4071974, 40.6293719 ], [ 14.4071855, 40.6293712 ] ] } },
{ "type": "Feature", "properties": { "name": "", "name_manual": "", "name_original": null, "highway": "footway", "status": "unnamed", "description": "unnamed" }, "geometry": { "type": "LineString", "coordinates": [ [ 14.4073602, 40.6290786 ], [ 14.4073353, 40.6292176 ], [ 14.40732, 40.6293795 ] ] } },
{ "type": "Feature", "properties": { "name": "", "name_manual": "", "name_original": null, "highway": "footway", "status": "unnamed", "description": "unnamed" }, "geometry": { "type": "LineString", "coordinates": [ [ 14.4073601, 40.6290125 ], [ 14.4073618, 40.6290514 ], [ 14.4073602, 40.6290786 ] ] } },
{ "type": "Feature", "properties": { "name": "", "name_manual": "", "name_original": null, "highway": "footway", "status": "unnamed", "description": "unnamed" }, "geometry": { "type": "LineString", "coordinates": [ [ 14.4073513, 40.6289649 ], [ 14.4073601, 40.6290125 ] ] } },
{ "type": "Feature", "properties": { "name": "", "name_manual": "", "name_original": null, "highway": "footway", "status": "unnamed", "description": "unnamed" }, "geometry": { "type": "LineString", "coordinates": [ [ 14.4073121, 40.6288897 ], [ 14.4073419, 40.6289347 ], [ 14.4073513, 40.6289649 ] ] } },
{ "type": "Feature", "properties": { "name": "", "name_manual": "", "name_original": null, "highway": "footway", "status": "unnamed", "description": "unnamed" }, "geometry": { "type": "LineString", "coordinates": [ [ 14.4074515, 40.628195 ], [ 14.4074019, 40.6281648 ], [ 14.4073612, 40.6281407 ], [ 14.4072422, 40.6280832 ], [ 14.4071266, 40.6280217 ], [ 14.4068892, 40.6278954 ], [ 14.4068518, 40.627884 ], [ 14.40681, 40.6278869 ], [ 14.4067701, 40.6279015 ], [ 14.4065711, 40.6281422 ], [ 14.406555, 40.6281783 ], [ 14.4065609, 40.6282126 ], [ 14.4065891, 40.6282635 ], [ 14.4067797, 40.6284247 ], [ 14.4069515, 40.6285728 ], [ 14.4070061, 40.6286223 ], [ 14.4070512, 40.6286621 ], [ 14.4072245, 40.6288086 ], [ 14.4072611, 40.6288418 ], [ 14.4073121, 40.6288897 ] ] } },
{ "type": "Feature", "properties": { "name": "", "name_manual": "", "name_original": null, "highway": "footway", "status": "unnamed", "description": "unnamed" }, "geometry": { "type": "LineString", "coordinates": [ [ 14.4067797, 40.6284247 ], [ 14.4067705, 40.6284304 ], [ 14.4067306, 40.6284554 ], [ 14.4067011, 40.6284738 ], [ 14.4066965, 40.6284767 ] ] } },
{ "type": "Feature", "properties": { "name": "", "name_manual": "", "name_original": null, "highway": "footway", "status": "unnamed", "description": "unnamed" }, "geometry": { "type": "LineString", "coordinates": [ [ 14.4074227, 40.628228 ], [ 14.4074515, 40.628195 ], [ 14.4074871, 40.6281606 ] ] } },
{ "type": "Feature", "properties": { "name": "", "name_manual": "", "name_original": null, "highway": "footway", "status": "unnamed", "description": "unnamed" }, "geometry": { "type": "LineString", "coordinates": [ [ 14.4074227, 40.628228 ], [ 14.4073812, 40.6282657 ] ] } },
{ "type": "Feature", "properties": { "name": "", "name_manual": "", "name_original": null, "highway": "steps", "status": "unnamed", "description": "unnamed" }, "geometry": { "type": "LineString", "coordinates": [ [ 14.4081673, 40.6297754 ], [ 14.4081965, 40.6297685 ], [ 14.4082253, 40.6297881 ], [ 14.4081932, 40.6298127 ], [ 14.4082274, 40.6298362 ] ] } },
{ "type": "Feature", "properties": { "name": "", "name_manual": "", "name_original": null, "highway": "footway", "status": "unnamed", "description": "unnamed" }, "geometry": { "type": "LineString", "coordinates": [ [ 14.4073812, 40.6282657 ], [ 14.4074066, 40.628256 ], [ 14.4074331, 40.6282468 ], [ 14.4074728, 40.6282429 ], [ 14.4075083, 40.6282487 ], [ 14.4075466, 40.6282712 ], [ 14.4083219, 40.6288745 ], [ 14.4082748, 40.6289125 ] ] } },
{ "type": "Feature", "properties": { "name": "", "name_manual": "", "name_original": null, "highway": "steps", "status": "unnamed", "description": "unnamed" }, "geometry": { "type": "LineString", "coordinates": [ [ 14.4073812, 40.6282657 ], [ 14.4073317, 40.6283105 ], [ 14.4070643, 40.6285646 ], [ 14.4070061, 40.6286223 ] ] } },
{ "type": "Feature", "properties": { "name": "", "name_manual": "", "name_original": null, "highway": "footway", "status": "unnamed", "description": "unnamed" }, "geometry": { "type": "LineString", "coordinates": [ [ 14.4073516, 40.6297632 ], [ 14.4073572, 40.6297735 ], [ 14.4073643, 40.6297863 ], [ 14.4073771, 40.6298094 ], [ 14.4075562, 40.6300153 ], [ 14.4075876, 40.630041 ], [ 14.4076083, 40.6300537 ], [ 14.4076424, 40.6300673 ], [ 14.4077197, 40.6300738 ], [ 14.4077354, 40.6300725 ], [ 14.4077528, 40.6300711 ], [ 14.4077834, 40.630064 ], [ 14.4078622, 40.6300224 ], [ 14.4082274, 40.6298362 ], [ 14.4082687, 40.6298151 ], [ 14.4082852, 40.6298059 ], [ 14.408516, 40.6296703 ], [ 14.4085788, 40.6296334 ], [ 14.4088518, 40.6294824 ] ] } },
{ "type": "Feature", "properties": { "name": "", "name_manual": "", "name_original": null, "highway": "service", "status": "unnamed", "description": "unnamed" }, "geometry": { "type": "LineString", "coordinates": [ [ 14.4089846, 40.6281474 ], [ 14.4088711, 40.6282138 ], [ 14.4086632, 40.628113 ], [ 14.4086904, 40.6280205 ] ] } },
{ "type": "Feature", "properties": { "name": "", "name_manual": "", "name_original": null, "highway": "service", "status": "unnamed", "description": "unnamed" }, "geometry": { "type": "LineString", "coordinates": [ [ 14.407287, 40.6290504 ], [ 14.40735, 40.6290514 ], [ 14.4073618, 40.6290514 ], [ 14.4073736, 40.6290515 ], [ 14.4075347, 40.6290627 ], [ 14.4077278, 40.6291298 ], [ 14.4078887, 40.6292174 ], [ 14.4079062, 40.6293202 ], [ 14.4078093, 40.6294996 ] ] } },
{ "type": "Feature", "properties": { "name": "", "name_manual": "", "name_original": null, "highway": "service", "status": "unnamed", "description": "unnamed" }, "geometry": { "type": "LineString", "coordinates": [ [ 14.4072369, 40.6294505 ], [ 14.4073125, 40.6294499 ], [ 14.4073447, 40.629448 ], [ 14.4075186, 40.6293594 ], [ 14.4075689, 40.6293365 ], [ 14.4076037, 40.6293385 ], [ 14.4076433, 40.6293405 ], [ 14.4076721, 40.6293543 ], [ 14.4078093, 40.6294996 ], [ 14.4079209, 40.6296179 ], [ 14.4077821, 40.6297161 ] ] } },
{ "type": "Feature", "properties": { "name": "", "name_manual": "", "name_original": null, "highway": "service", "status": "unnamed", "description": "unnamed" }, "geometry": { "type": "LineString", "coordinates": [ [ 14.4072577, 40.6289481 ], [ 14.4073419, 40.6289347 ], [ 14.4073534, 40.6289326 ], [ 14.4073857, 40.6289282 ], [ 14.4075581, 40.6289996 ], [ 14.4079725, 40.6291441 ], [ 14.4081241, 40.6290703 ], [ 14.40799, 40.6289405 ], [ 14.4079276, 40.6288515 ] ] } },
{ "type": "Feature", "properties": { "name": "", "name_manual": "", "name_original": null, "highway": "service", "status": "unnamed", "description": "unnamed" }, "geometry": { "type": "LineString", "coordinates": [ [ 14.4072524, 40.6284947 ], [ 14.4070955, 40.6286464 ], [ 14.4072356, 40.6287624 ], [ 14.4075099, 40.6285736 ], [ 14.4076627, 40.6286993 ], [ 14.4073798, 40.6289044 ], [ 14.4073857, 40.6289282 ] ] } },
{ "type": "Feature", "properties": { "name": "", "name_manual": "", "name_original": null, "highway": "service", "status": "unnamed", "description": "unnamed" }, "geometry": { "type": "LineString", "coordinates": [ [ 14.407268, 40.6297275 ], [ 14.4073425, 40.6297158 ], [ 14.407412, 40.6296993 ], [ 14.4075555, 40.6296632 ], [ 14.4075903, 40.6296586 ], [ 14.4077821, 40.6298016 ] ] } },
{ "type": "Feature", "properties": { "name": "", "name_manual": "", "name_original": null, "highway": "service", "status": "unnamed", "description": "unnamed" }, "geometry": { "type": "LineString", "coordinates": [ [ 14.407412, 40.6296993 ], [ 14.4074348, 40.6297624 ], [ 14.4077083, 40.6300214 ], [ 14.4077942, 40.6300031 ], [ 14.4079075, 40.6299639 ], [ 14.4081673, 40.6297754 ], [ 14.4079826, 40.6296408 ], [ 14.4078438, 40.6297502 ] ] } },
{ "type": "Feature", "properties": { "name": "", "name_manual": "", "name_original": null, "highway": "footway", "status": "unnamed", "description": "unnamed" }, "geometry": { "type": "LineString", "coordinates": [ [ 14.4083379, 40.6298735 ], [ 14.4083333, 40.6298676 ], [ 14.4083104, 40.6298382 ], [ 14.4082875, 40.6298088 ], [ 14.4082852, 40.6298059 ] ] } },
{ "type": "Feature", "properties": { "name": "", "name_manual": "", "name_original": null, "highway": "footway", "status": "unnamed", "description": "unnamed" }, "geometry": { "type": "LineString", "coordinates": [ [ 14.4083587, 40.6298597 ], [ 14.4083777, 40.6298456 ], [ 14.4083968, 40.6298315 ] ] } },
{ "type": "Feature", "properties": { "name": "", "name_manual": "", "name_original": null, "highway": "footway", "status": "unnamed", "description": "unnamed" }, "geometry": { "type": "LineString", "coordinates": [ [ 14.4079626, 40.6300696 ], [ 14.4081452, 40.6299843 ], [ 14.4082723, 40.629917 ], [ 14.4083379, 40.6298735 ], [ 14.4083587, 40.6298597 ] ] } },
{ "type": "Feature", "properties": { "name": "", "name_manual": "", "name_original": null, "highway": "footway", "status": "unnamed", "description": "unnamed" }, "geometry": { "type": "LineString", "coordinates": [ [ 14.4083968, 40.6298315 ], [ 14.4084317, 40.629811 ], [ 14.4085906, 40.6297339 ], [ 14.4087378, 40.6296352 ] ] } },
{ "type": "Feature", "properties": { "name": "", "name_manual": "", "name_original": null, "highway": "footway", "status": "unnamed", "description": "unnamed" }, "geometry": { "type": "LineString", "coordinates": [ [ 14.4088518, 40.6294824 ], [ 14.4089012, 40.6294506 ], [ 14.4089447, 40.6294226 ], [ 14.408976, 40.6294024 ] ] } },
{ "type": "Feature", "properties": { "name": "", "name_manual": "", "name_original": null, "highway": "footway", "status": "unnamed", "description": "unnamed" }, "geometry": { "type": "LineString", "coordinates": [ [ 14.408976, 40.6294024 ], [ 14.4090892, 40.6293441 ], [ 14.409136, 40.6293231 ], [ 14.4092096, 40.6293078 ], [ 14.4093093, 40.629301 ], [ 14.4094063, 40.6293082 ], [ 14.409658, 40.6293648 ], [ 14.4097186, 40.6293746 ], [ 14.409788, 40.6293803 ], [ 14.4098659, 40.6293793 ], [ 14.4099233, 40.6293767 ], [ 14.4099851, 40.6293637 ], [ 14.4100279, 40.6293501 ], [ 14.410066, 40.6293318 ], [ 14.4100955, 40.6293047 ] ] } },
{ "type": "Feature", "properties": { "name": "", "name_manual": "", "name_original": null, "highway": "service", "status": "unnamed", "description": "unnamed" }, "geometry": { "type": "LineString", "coordinates": [ [ 14.4089359, 40.6294733 ], [ 14.4089012, 40.6294506 ], [ 14.4088199, 40.6293996 ], [ 14.4086541, 40.629523 ], [ 14.408584, 40.6295751 ], [ 14.4084735, 40.6296387 ], [ 14.4084302, 40.6296472 ], [ 14.4083893, 40.6296447 ], [ 14.4083461, 40.6296303 ], [ 14.4083004, 40.629596 ], [ 14.4082425, 40.6295417 ], [ 14.4081616, 40.6294657 ], [ 14.408332, 40.6293334 ], [ 14.4084151, 40.6293955 ], [ 14.4082425, 40.6295417 ] ] } },
{ "type": "Feature", "properties": { "name": "", "name_manual": "", "name_original": null, "highway": "service", "status": "unnamed", "description": "unnamed" }, "geometry": { "type": "LineString", "coordinates": [ [ 14.4086424, 40.6300352 ], [ 14.4087434, 40.630039 ], [ 14.4088275, 40.630053 ], [ 14.4089428, 40.6299731 ], [ 14.4091822, 40.6301456 ] ] } },
{ "type": "Feature", "properties": { "name": "", "name_manual": "", "name_original": null, "highway": "service", "status": "unnamed", "description": "unnamed" }, "geometry": { "type": "LineString", "coordinates": [ [ 14.4083443, 40.6298191 ], [ 14.4083777, 40.6298456 ], [ 14.4083843, 40.6298505 ], [ 14.4086424, 40.6300352 ], [ 14.4087035, 40.6300962 ], [ 14.4087524, 40.6301451 ], [ 14.408631, 40.6302123 ] ] } },
{ "type": "Feature", "properties": { "name": "", "name_manual": "", "name_original": null, "highway": "service", "status": "unnamed", "description": "unnamed" }, "geometry": { "type": "LineString", "coordinates": [ [ 14.4089359, 40.6294733 ], [ 14.4089705, 40.629496 ], [ 14.4089831, 40.6295044 ], [ 14.4090904, 40.6294418 ], [ 14.4093157, 40.6296031 ] ] } },
{ "type": "Feature", "properties": { "name": "", "name_manual": "", "name_original": null, "highway": "service", "status": "unnamed", "description": "unnamed" }, "geometry": { "type": "LineString", "coordinates": [ [ 14.4100339, 40.6293987 ], [ 14.4100769, 40.6294288 ], [ 14.4101116, 40.6294531 ], [ 14.4104659, 40.6296957 ] ] } },
{ "type": "Feature", "properties": { "name": "", "name_manual": "", "name_original": null, "highway": "service", "status": "unnamed", "description": "unnamed" }, "geometry": { "type": "LineString", "coordinates": [ [ 14.4101116, 40.6294531 ], [ 14.4100522, 40.6295021 ], [ 14.4102927, 40.6296672 ] ] } },
{ "type": "Feature", "properties": { "name": "", "name_manual": "", "name_original": null, "highway": "service", "status": "unnamed", "description": "unnamed" }, "geometry": { "type": "LineString", "coordinates": [ [ 14.409854, 40.6294288 ], [ 14.4098404, 40.629484 ], [ 14.4098072, 40.6295568 ], [ 14.4096677, 40.6296591 ], [ 14.4098266, 40.6297619 ] ] } },
{ "type": "Feature", "properties": { "name": "", "name_manual": "", "name_original": null, "highway": "service", "status": "unnamed", "description": "unnamed" }, "geometry": { "type": "LineString", "coordinates": [ [ 14.4104659, 40.6296957 ], [ 14.4103108, 40.629852 ] ] } },
{ "type": "Feature", "properties": { "name": "", "name_manual": "", "name_original": null, "highway": "service", "status": "unnamed", "description": "unnamed" }, "geometry": { "type": "LineString", "coordinates": [ [ 14.4104659, 40.6296957 ], [ 14.4105012, 40.6296647 ], [ 14.4108412, 40.629882 ], [ 14.411041, 40.6296703 ], [ 14.4106293, 40.6295644 ], [ 14.4105012, 40.6296647 ] ] } },
{ "type": "Feature", "properties": { "name": "", "name_manual": "", "name_original": null, "highway": "service", "status": "unnamed", "description": "unnamed" }, "geometry": { "type": "LineString", "coordinates": [ [ 14.4131208, 40.6295694 ], [ 14.4131161, 40.6296113 ], [ 14.4131148, 40.6296231 ], [ 14.4131134, 40.6296349 ], [ 14.4130828, 40.6299069 ], [ 14.4128743, 40.6299828 ], [ 14.4126973, 40.6300459 ], [ 14.4128766, 40.6304414 ], [ 14.4128818, 40.630444 ], [ 14.4128877, 40.630447 ], [ 14.412925, 40.6304658 ] ] } },
{ "type": "Feature", "properties": { "name": "", "name_manual": "", "name_original": null, "highway": "service", "status": "unnamed", "description": "unnamed" }, "geometry": { "type": "LineString", "coordinates": [ [ 14.4157556, 40.6316316 ], [ 14.4158643, 40.6317966 ] ] } },
{ "type": "Feature", "properties": { "name": "", "name_manual": "", "name_original": null, "highway": "service", "status": "unnamed", "description": "unnamed" }, "geometry": { "type": "LineString", "coordinates": [ [ 14.4158712, 40.6317875 ], [ 14.4158643, 40.6317966 ], [ 14.4157335, 40.6319704 ] ] } },
{ "type": "Feature", "properties": { "name": "", "name_manual": "", "name_original": null, "highway": "service", "status": "unnamed", "description": "unnamed" }, "geometry": { "type": "LineString", "coordinates": [ [ 14.4154084, 40.6321833 ], [ 14.4157007, 40.631947 ], [ 14.4157335, 40.6319704 ], [ 14.4157636, 40.6319919 ], [ 14.4154713, 40.6322281 ], [ 14.4154084, 40.6321833 ] ] } },
{ "type": "Feature", "properties": { "name": "", "name_manual": "", "name_original": null, "highway": "service", "status": "unnamed", "description": "unnamed" }, "geometry": { "type": "LineString", "coordinates": [ [ 14.4159162, 40.6317277 ], [ 14.4158886, 40.6317643 ], [ 14.4158796, 40.6317762 ], [ 14.4158712, 40.6317875 ] ] } },
{ "type": "Feature", "properties": { "name": "", "name_manual": "", "name_original": null, "highway": "service", "status": "unnamed", "description": "unnamed" }, "geometry": { "type": "LineString", "coordinates": [ [ 14.4158314, 40.6315944 ], [ 14.415792, 40.6316133 ], [ 14.4157791, 40.6316195 ], [ 14.4157668, 40.6316253 ], [ 14.4157556, 40.6316316 ], [ 14.4155357, 40.6314693 ] ] } },
{ "type": "Feature", "properties": { "name": "", "name_manual": "", "name_original": null, "highway": "service", "status": "unnamed", "description": "unnamed" }, "geometry": { "type": "LineString", "coordinates": [ [ 14.4150697, 40.631715 ], [ 14.4150013, 40.6316428 ], [ 14.4150133, 40.6315553 ], [ 14.4151874, 40.6314056 ], [ 14.4152239, 40.6314006 ], [ 14.4152165, 40.6314214 ], [ 14.415126, 40.631513 ], [ 14.415122, 40.6316372 ] ] } },
{ "type": "Feature", "properties": { "name": "", "name_manual": "", "name_original": null, "highway": "service", "status": "unnamed", "description": "unnamed" }, "geometry": { "type": "LineString", "coordinates": [ [ 14.4155108, 40.6312711 ], [ 14.4154671, 40.6312864 ], [ 14.4154529, 40.6312914 ], [ 14.4154299, 40.6312995 ], [ 14.4153319, 40.6313339 ], [ 14.4152239, 40.6314006 ] ] } },
{ "type": "Feature", "properties": { "name": "", "name_manual": "", "name_original": null, "highway": "service", "status": "unnamed", "description": "unnamed" }, "geometry": { "type": "LineString", "coordinates": [ [ 14.4134893, 40.6310501 ], [ 14.4135155, 40.6310665 ], [ 14.4135224, 40.6310703 ], [ 14.4135474, 40.6310838 ], [ 14.4135871, 40.6311054 ], [ 14.413641, 40.6311422 ], [ 14.4136648, 40.6312645 ], [ 14.4139949, 40.6314583 ], [ 14.4141591, 40.6316123 ] ] } },
{ "type": "Feature", "properties": { "name": "", "name_manual": "", "name_original": null, "highway": "track", "status": "unnamed", "description": "unnamed" }, "geometry": { "type": "LineString", "coordinates": [ [ 14.4127872, 40.6309117 ], [ 14.4127341, 40.6308494 ], [ 14.4126758, 40.630856 ], [ 14.4126322, 40.6308209 ], [ 14.4126361, 40.6306304 ], [ 14.4126362, 40.6306258 ], [ 14.4126363, 40.6306212 ], [ 14.412637, 40.630589 ] ] } },
{ "type": "Feature", "properties": { "name": "", "name_manual": "", "name_original": null, "highway": "track", "status": "unnamed", "description": "unnamed" }, "geometry": { "type": "LineString", "coordinates": [ [ 14.4114085, 40.6318764 ], [ 14.4118222, 40.6315919 ], [ 14.4127872, 40.6309117 ], [ 14.4129051, 40.6308286 ] ] } },
{ "type": "Feature", "properties": { "name": "", "name_manual": "", "name_original": null, "highway": "footway", "status": "unnamed", "description": "unnamed" }, "geometry": { "type": "LineString", "coordinates": [ [ 14.4109894, 40.631281 ], [ 14.4110119, 40.6313022 ], [ 14.4110564, 40.6313489 ] ] } },
{ "type": "Feature", "properties": { "name": "", "name_manual": "", "name_original": null, "highway": "service", "status": "unnamed", "description": "unnamed" }, "geometry": { "type": "LineString", "coordinates": [ [ 14.4109754, 40.6314873 ], [ 14.4110614, 40.6315458 ] ] } },
{ "type": "Feature", "properties": { "name": "", "name_manual": "", "name_original": null, "highway": "service", "status": "unnamed", "description": "unnamed" }, "geometry": { "type": "LineString", "coordinates": [ [ 14.4110614, 40.6315458 ], [ 14.4110692, 40.6316341 ], [ 14.4111697, 40.6317247 ], [ 14.4114085, 40.6318764 ] ] } },
{ "type": "Feature", "properties": { "name": "", "name_manual": "", "name_original": null, "highway": "footway", "status": "unnamed", "description": "unnamed" }, "geometry": { "type": "LineString", "coordinates": [ [ 14.4109754, 40.6314873 ], [ 14.4110021, 40.6314652 ] ] } },
{ "type": "Feature", "properties": { "name": "", "name_manual": "", "name_original": null, "highway": "steps", "status": "unnamed", "description": "unnamed" }, "geometry": { "type": "LineString", "coordinates": [ [ 14.411085, 40.6312881 ], [ 14.4111143, 40.6313145 ] ] } },
{ "type": "Feature", "properties": { "name": "", "name_manual": "", "name_original": null, "highway": "footway", "status": "unnamed", "description": "unnamed" }, "geometry": { "type": "LineString", "coordinates": [ [ 14.4111143, 40.6313145 ], [ 14.4111029, 40.6313213 ], [ 14.4110806, 40.6313346 ], [ 14.4110564, 40.6313489 ], [ 14.4111099, 40.6314015 ] ] } },
{ "type": "Feature", "properties": { "name": "", "name_manual": "", "name_original": null, "highway": "footway", "status": "unnamed", "description": "unnamed" }, "geometry": { "type": "LineString", "coordinates": [ [ 14.411068, 40.6312728 ], [ 14.411085, 40.6312881 ] ] } },
{ "type": "Feature", "properties": { "name": "", "name_manual": "", "name_original": null, "highway": "footway", "status": "unnamed", "description": "unnamed" }, "geometry": { "type": "LineString", "coordinates": [ [ 14.4111344, 40.631387 ], [ 14.4111099, 40.6314015 ], [ 14.4110393, 40.6314433 ] ] } },
{ "type": "Feature", "properties": { "name": "", "name_manual": "", "name_original": null, "highway": "steps", "status": "unnamed", "description": "unnamed" }, "geometry": { "type": "LineString", "coordinates": [ [ 14.4110393, 40.6314433 ], [ 14.4110021, 40.6314652 ] ] } },
{ "type": "Feature", "properties": { "name": "", "name_manual": "", "name_original": null, "highway": "steps", "status": "unnamed", "description": "unnamed" }, "geometry": { "type": "LineString", "coordinates": [ [ 14.4111786, 40.6313609 ], [ 14.4111344, 40.631387 ] ] } },
{ "type": "Feature", "properties": { "name": "", "name_manual": "", "name_original": null, "highway": "footway", "status": "unnamed", "description": "unnamed" }, "geometry": { "type": "LineString", "coordinates": [ [ 14.410977, 40.6311751 ], [ 14.4110268, 40.6312162 ] ] } },
{ "type": "Feature", "properties": { "name": "", "name_manual": "", "name_original": null, "highway": "steps", "status": "unnamed", "description": "unnamed" }, "geometry": { "type": "LineString", "coordinates": [ [ 14.4110268, 40.6312162 ], [ 14.4110789, 40.6312672 ] ] } },
{ "type": "Feature", "properties": { "name": "", "name_manual": "", "name_original": null, "highway": "footway", "status": "unnamed", "description": "unnamed" }, "geometry": { "type": "LineString", "coordinates": [ [ 14.4110806, 40.6313346 ], [ 14.4110628, 40.6313158 ], [ 14.4110775, 40.6313067 ], [ 14.4110569, 40.6312878 ], [ 14.4109913, 40.6312275 ], [ 14.410989, 40.6312216 ], [ 14.4109916, 40.6312163 ], [ 14.410995, 40.6312142 ], [ 14.4110042, 40.6312138 ], [ 14.4110095, 40.6312164 ], [ 14.411068, 40.6312728 ], [ 14.4110789, 40.6312672 ], [ 14.4110825, 40.6312653 ] ] } },
{ "type": "Feature", "properties": { "name": "", "name_manual": "", "name_original": null, "highway": "footway", "status": "unnamed", "description": "unnamed" }, "geometry": { "type": "LineString", "coordinates": [ [ 14.4140196, 40.6303348 ], [ 14.4140814, 40.6302833 ], [ 14.414089, 40.6302773 ], [ 14.4141148, 40.6302561 ] ] } },
{ "type": "Feature", "properties": { "name": "", "name_manual": "", "name_original": null, "highway": "footway", "status": "unnamed", "description": "unnamed" }, "geometry": { "type": "LineString", "coordinates": [ [ 14.4139916, 40.6303582 ], [ 14.4140034, 40.6303483 ], [ 14.4140196, 40.6303348 ] ] } },
{ "type": "Feature", "properties": { "name": "", "name_manual": "", "name_original": null, "highway": "steps", "status": "unnamed", "description": "unnamed" }, "geometry": { "type": "LineString", "coordinates": [ [ 14.4141198, 40.6302359 ], [ 14.4141105, 40.630243 ], [ 14.4141024, 40.6302493 ], [ 14.4140357, 40.6301994 ], [ 14.4140104, 40.6302189 ], [ 14.4140843, 40.6302742 ], [ 14.414089, 40.6302773 ] ] } },
{ "type": "Feature", "properties": { "name": "", "name_manual": "", "name_original": null, "highway": "footway", "status": "unnamed", "description": "unnamed" }, "geometry": { "type": "LineString", "coordinates": [ [ 14.4141249, 40.63024 ], [ 14.4141198, 40.6302359 ], [ 14.414065, 40.6301916 ], [ 14.413707, 40.6299377 ], [ 14.4136287, 40.629887 ], [ 14.4136054, 40.6298852 ], [ 14.4135838, 40.6298909 ], [ 14.4135489, 40.6299226 ], [ 14.4133681, 40.6300862 ], [ 14.4133312, 40.6301495 ], [ 14.4133243, 40.6301956 ], [ 14.4133338, 40.63024 ], [ 14.4133434, 40.6302816 ], [ 14.4133745, 40.63032 ], [ 14.4135331, 40.6304305 ], [ 14.4136965, 40.6305443 ], [ 14.4137881, 40.630606 ], [ 14.4138251, 40.6306188 ], [ 14.413864, 40.6306202 ], [ 14.4139024, 40.6306102 ], [ 14.413959, 40.6305489 ], [ 14.4140053, 40.6304744 ], [ 14.4140081, 40.6304158 ], [ 14.4139886, 40.6303607 ], [ 14.4139916, 40.6303582 ] ] } },
{ "type": "Feature", "properties": { "name": "", "name_manual": "", "name_original": null, "highway": "footway", "status": "unnamed", "description": "unnamed" }, "geometry": { "type": "LineString", "coordinates": [ [ 14.4111976, 40.6307588 ], [ 14.4111955, 40.6307545 ], [ 14.4111841, 40.6307304 ], [ 14.4111726, 40.6307063 ], [ 14.4111706, 40.630702 ] ] } },
{ "type": "Feature", "properties": { "name": "", "name_manual": "", "name_original": null, "highway": "service", "status": "unnamed", "description": "unnamed" }, "geometry": { "type": "LineString", "coordinates": [ [ 14.4110336, 40.6308848 ], [ 14.4109813, 40.6308103 ], [ 14.4109784, 40.6308063 ] ] } },
{ "type": "Feature", "properties": { "name": "", "name_manual": "", "name_original": null, "highway": "footway", "status": "unnamed", "description": "unnamed" }, "geometry": { "type": "LineString", "coordinates": [ [ 14.4109255, 40.6313047 ], [ 14.4109894, 40.631281 ], [ 14.4109257, 40.6311955 ], [ 14.410977, 40.6311751 ], [ 14.4109066, 40.6310894 ], [ 14.4108888, 40.6310822 ], [ 14.4107761, 40.630941 ], [ 14.4107709, 40.6309241 ], [ 14.4107694, 40.6309061 ], [ 14.4107728, 40.6308883 ], [ 14.410781, 40.6308714 ], [ 14.4107938, 40.6308562 ], [ 14.4108105, 40.6308434 ], [ 14.4109644, 40.6308094 ], [ 14.4109784, 40.6308063 ], [ 14.4110129, 40.6307987 ], [ 14.4111976, 40.6307588 ], [ 14.411223, 40.6307533 ], [ 14.411581, 40.6306801 ], [ 14.4116549, 40.6306653 ], [ 14.4118549, 40.6306527 ], [ 14.412611, 40.6306299 ], [ 14.4126362, 40.6306258 ], [ 14.4126855, 40.6306177 ], [ 14.4127536, 40.6306002 ], [ 14.4128243, 40.6305747 ], [ 14.412861, 40.6305574 ], [ 14.4128841, 40.6305464 ], [ 14.4129935, 40.6304579 ], [ 14.4130229, 40.6304341 ], [ 14.413168, 40.6303199 ], [ 14.4131913, 40.6303127 ], [ 14.4132225, 40.630311 ], [ 14.4134275, 40.6304517 ], [ 14.4134567, 40.6304733 ], [ 14.4137284, 40.6306689 ], [ 14.4137816, 40.6307072 ] ] } },
{ "type": "Feature", "properties": { "name": "", "name_manual": "", "name_original": null, "highway": "footway", "status": "unnamed", "description": "unnamed" }, "geometry": { "type": "LineString", "coordinates": [ [ 14.4117164, 40.6305929 ], [ 14.4117345, 40.6305885 ], [ 14.4117527, 40.6305842 ] ] } },
{ "type": "Feature", "properties": { "name": "", "name_manual": "", "name_original": null, "highway": "footway", "status": "unnamed", "description": "unnamed" }, "geometry": { "type": "LineString", "coordinates": [ [ 14.4092712, 40.6309783 ], [ 14.4093014, 40.6309551 ], [ 14.4093621, 40.6308993 ], [ 14.4094723, 40.6308368 ], [ 14.4095201, 40.6308211 ], [ 14.4096102, 40.6308029 ], [ 14.4096601, 40.630793 ], [ 14.4096943, 40.6307912 ], [ 14.4097291, 40.6307893 ], [ 14.4100289, 40.6307732 ], [ 14.4102762, 40.6307633 ], [ 14.4104383, 40.6307567 ], [ 14.4105376, 40.6307583 ], [ 14.4107705, 40.6307684 ], [ 14.4108162, 40.6307694 ], [ 14.4109451, 40.630751 ], [ 14.4111706, 40.630702 ], [ 14.4114785, 40.6306352 ], [ 14.4117164, 40.6305929 ] ] } },
{ "type": "Feature", "properties": { "name": "", "name_manual": "", "name_original": null, "highway": "footway", "status": "unnamed", "description": "unnamed" }, "geometry": { "type": "LineString", "coordinates": [ [ 14.4108823, 40.6313252 ], [ 14.4108923, 40.6313138 ], [ 14.4108987, 40.6312924 ], [ 14.4108019, 40.631139 ], [ 14.4106401, 40.6308965 ], [ 14.4105966, 40.630844 ], [ 14.4105583, 40.6308277 ], [ 14.410207, 40.6308404 ], [ 14.4098541, 40.6308564 ], [ 14.4096193, 40.6308628 ], [ 14.4095105, 40.6308917 ], [ 14.4094324, 40.6309341 ], [ 14.4094152, 40.6309501 ] ] } },
{ "type": "Feature", "properties": { "name": "", "name_manual": "", "name_original": null, "highway": "service", "status": "unnamed", "description": "unnamed" }, "geometry": { "type": "LineString", "coordinates": [ [ 14.4125083, 40.6306055 ], [ 14.4124855, 40.6305677 ], [ 14.4124828, 40.6305624 ], [ 14.4124804, 40.6305578 ], [ 14.4123955, 40.6303929 ] ] } },
{ "type": "Feature", "properties": { "name": "", "name_manual": "", "name_original": null, "highway": "service", "status": "unnamed", "description": "unnamed" }, "geometry": { "type": "LineString", "coordinates": [ [ 14.4129595, 40.6304343 ], [ 14.4129891, 40.6304548 ], [ 14.4129935, 40.6304579 ], [ 14.4129979, 40.6304609 ], [ 14.4130587, 40.6305156 ], [ 14.4129708, 40.6305675 ], [ 14.4130602, 40.6306829 ], [ 14.4134235, 40.630455 ], [ 14.4134275, 40.6304517 ], [ 14.4134316, 40.6304484 ], [ 14.4134662, 40.6304261 ] ] } },
{ "type": "Feature", "properties": { "name": "", "name_manual": "", "name_original": null, "highway": "footway", "status": "unnamed", "description": "unnamed" }, "geometry": { "type": "LineString", "coordinates": [ [ 14.4106232, 40.6290814 ], [ 14.4106001, 40.6290469 ], [ 14.4105961, 40.6290409 ] ] } },
{ "type": "Feature", "properties": { "name": "", "name_manual": "", "name_original": null, "highway": "service", "status": "unnamed", "description": "unnamed" }, "geometry": { "type": "LineString", "coordinates": [ [ 14.408739, 40.6290845 ], [ 14.4087222, 40.6291487 ], [ 14.4088376, 40.6292382 ] ] } },
{ "type": "Feature", "properties": { "name": "", "name_manual": "", "name_original": null, "highway": "service", "status": "unnamed", "description": "unnamed" }, "geometry": { "type": "LineString", "coordinates": [ [ 14.4086225, 40.6290707 ], [ 14.4086867, 40.6290783 ], [ 14.408739, 40.6290845 ], [ 14.408853, 40.6290067 ], [ 14.4089381, 40.6290616 ] ] } },
{ "type": "Feature", "properties": { "name": "", "name_manual": "", "name_original": null, "highway": "footway", "status": "unnamed", "description": "unnamed" }, "geometry": { "type": "LineString", "coordinates": [ [ 14.4088591, 40.6293202 ], [ 14.4086228, 40.6291444 ] ] } },
{ "type": "Feature", "properties": { "name": "", "name_manual": "", "name_original": null, "highway": "footway", "status": "unnamed", "description": "unnamed" }, "geometry": { "type": "LineString", "coordinates": [ [ 14.409164, 40.6287047 ], [ 14.4092466, 40.6288163 ], [ 14.4090259, 40.6289523 ] ] } },
{ "type": "Feature", "properties": { "name": "", "name_manual": "", "name_original": null, "highway": "service", "status": "unnamed", "description": "unnamed" }, "geometry": { "type": "LineString", "coordinates": [ [ 14.4085949, 40.6290394 ], [ 14.4088027, 40.6289191 ], [ 14.409001, 40.6289445 ], [ 14.4090259, 40.6289523 ], [ 14.4090924, 40.6289731 ], [ 14.4091413, 40.6289848 ], [ 14.4091728, 40.6289731 ] ] } },
{ "type": "Feature", "properties": { "name": "", "name_manual": "", "name_original": null, "highway": "footway", "status": "unnamed", "description": "unnamed" }, "geometry": { "type": "LineString", "coordinates": [ [ 14.4089891, 40.628538 ], [ 14.4089288, 40.6285283 ], [ 14.4088362, 40.6284555 ], [ 14.4088067, 40.6284652 ], [ 14.4086237, 40.6282794 ], [ 14.4085211, 40.6283278 ], [ 14.4084828, 40.6283247 ] ] } },
{ "type": "Feature", "properties": { "name": "", "name_manual": "", "name_original": null, "highway": "service", "status": "unnamed", "description": "unnamed" }, "geometry": { "type": "LineString", "coordinates": [ [ 14.4084694, 40.6283604 ], [ 14.4084828, 40.6283247 ], [ 14.4086015, 40.628198 ], [ 14.4087819, 40.6282693 ], [ 14.408809, 40.6282503 ], [ 14.4088711, 40.6282138 ] ] } },
{ "type": "Feature", "properties": { "name": "", "name_manual": "", "name_original": null, "highway": "footway", "status": "unnamed", "description": "unnamed" }, "geometry": { "type": "LineString", "coordinates": [ [ 14.4098554, 40.6283278 ], [ 14.409164, 40.6287047 ], [ 14.4089891, 40.628538 ], [ 14.4089355, 40.6283532 ], [ 14.4087819, 40.6282693 ] ] } },
{ "type": "Feature", "properties": { "name": "", "name_manual": "", "name_original": null, "highway": "service", "status": "unnamed", "description": "unnamed" }, "geometry": { "type": "LineString", "coordinates": [ [ 14.4099373, 40.6282196 ], [ 14.4098803, 40.6282929 ], [ 14.4098554, 40.6283278 ] ] } },
{ "type": "Feature", "properties": { "name": "", "name_manual": "", "name_original": null, "highway": "service", "status": "unnamed", "description": "unnamed" }, "geometry": { "type": "LineString", "coordinates": [ [ 14.409948, 40.6284387 ], [ 14.4099775, 40.6284194 ], [ 14.4098554, 40.6283278 ], [ 14.4097348, 40.6282372 ], [ 14.4097012, 40.6282545 ] ] } },
{ "type": "Feature", "properties": { "name": "", "name_manual": "", "name_original": null, "highway": "steps", "status": "unnamed", "description": "unnamed" }, "geometry": { "type": "LineString", "coordinates": [ [ 14.4098659, 40.6291664 ], [ 14.4098579, 40.6290791 ] ] } },
{ "type": "Feature", "properties": { "name": "", "name_manual": "", "name_original": null, "highway": "service", "status": "unnamed", "description": "unnamed" }, "geometry": { "type": "LineString", "coordinates": [ [ 14.410167, 40.629323 ], [ 14.4101321, 40.6292858 ], [ 14.4100673, 40.6292169 ], [ 14.4100394, 40.6291973 ], [ 14.409981, 40.6291769 ], [ 14.409933, 40.6291706 ], [ 14.4098659, 40.6291664 ], [ 14.4098281, 40.6291679 ], [ 14.4097939, 40.6291689 ], [ 14.4097577, 40.629172 ], [ 14.4097265, 40.6291684 ], [ 14.409696, 40.6291594 ], [ 14.409672, 40.6291479 ] ] } },
{ "type": "Feature", "properties": { "name": "", "name_manual": "", "name_original": null, "highway": "footway", "status": "unnamed", "description": "unnamed" }, "geometry": { "type": "LineString", "coordinates": [ [ 14.4104869, 40.6286817 ], [ 14.4103034, 40.628781 ], [ 14.4103179, 40.6287962 ], [ 14.4101223, 40.6289042 ], [ 14.4101405, 40.6289232 ], [ 14.4098579, 40.6290791 ], [ 14.4097881, 40.6291177 ] ] } },
{ "type": "Feature", "properties": { "name": "", "name_manual": "", "name_original": null, "highway": "steps", "status": "unnamed", "description": "unnamed" }, "geometry": { "type": "LineString", "coordinates": [ [ 14.4105577, 40.6286456 ], [ 14.4104869, 40.6286817 ] ] } },
{ "type": "Feature", "properties": { "name": "", "name_manual": "", "name_original": null, "highway": "footway", "status": "unnamed", "description": "unnamed" }, "geometry": { "type": "LineString", "coordinates": [ [ 14.4105754, 40.6286341 ], [ 14.4105649, 40.6286413 ], [ 14.4105577, 40.6286456 ] ] } },
{ "type": "Feature", "properties": { "name": "", "name_manual": "", "name_original": null, "highway": "service", "status": "unnamed", "description": "unnamed" }, "geometry": { "type": "LineString", "coordinates": [ [ 14.4108835, 40.6287772 ], [ 14.41047, 40.6285978 ], [ 14.4104307, 40.6285876 ], [ 14.4104072, 40.6285878 ], [ 14.4103764, 40.6285948 ], [ 14.4103551, 40.6286056 ], [ 14.4103479, 40.6286115 ] ] } },
{ "type": "Feature", "properties": { "name": "", "name_manual": "", "name_original": null, "highway": "service", "status": "unnamed", "description": "unnamed" }, "geometry": { "type": "LineString", "coordinates": [ [ 14.4109209, 40.6287289 ], [ 14.4108968, 40.6287604 ], [ 14.4108835, 40.6287772 ], [ 14.4108714, 40.6287926 ], [ 14.4107744, 40.6287584 ], [ 14.4107057, 40.6287533 ], [ 14.41066, 40.6287608 ], [ 14.4106139, 40.6287815 ] ] } },
{ "type": "Feature", "properties": { "name": "", "name_manual": "", "name_original": null, "highway": "footway", "status": "unnamed", "description": "unnamed" }, "geometry": { "type": "LineString", "coordinates": [ [ 14.4159182, 40.6316532 ], [ 14.4159317, 40.6316465 ] ] } },
{ "type": "Feature", "properties": { "name": "", "name_manual": "", "name_original": null, "highway": "footway", "status": "unnamed", "description": "unnamed" }, "geometry": { "type": "LineString", "coordinates": [ [ 14.4159627, 40.6316945 ], [ 14.4159361, 40.6316534 ], [ 14.4159317, 40.6316465 ], [ 14.4159248, 40.6316354 ] ] } },
{ "type": "Feature", "properties": { "name": "", "name_manual": "", "name_original": null, "highway": "footway", "status": "unnamed", "description": "unnamed" }, "geometry": { "type": "LineString", "coordinates": [ [ 14.4158733, 40.631767 ], [ 14.4158796, 40.6317762 ], [ 14.4158851, 40.6317841 ], [ 14.4159126, 40.6318242 ] ] } },
{ "type": "Feature", "properties": { "name": "", "name_manual": "", "name_original": null, "highway": "footway", "status": "unnamed", "description": "unnamed" }, "geometry": { "type": "LineString", "coordinates": [ [ 14.4158242, 40.6316923 ], [ 14.4158375, 40.6316866 ], [ 14.4158784, 40.6316693 ], [ 14.4159182, 40.6316532 ] ] } },
{ "type": "Feature", "properties": { "name": "", "name_manual": "", "name_original": null, "highway": "footway", "status": "unnamed", "description": "unnamed" }, "geometry": { "type": "LineString", "coordinates": [ [ 14.4159126, 40.6318242 ], [ 14.416003, 40.6319556 ], [ 14.4160796, 40.6320672 ], [ 14.4162035, 40.6321973 ], [ 14.4162475, 40.6322366 ], [ 14.4163396, 40.6323176 ], [ 14.4165652, 40.6324879 ], [ 14.4166993, 40.6325808 ], [ 14.416731, 40.6326027 ], [ 14.4167956, 40.6326474 ], [ 14.4172077, 40.6329328 ], [ 14.4173421, 40.6330228 ], [ 14.4175684, 40.6331744 ], [ 14.4176081, 40.6332009 ], [ 14.4178394, 40.6333672 ], [ 14.4178658, 40.6333932 ], [ 14.4178752, 40.6334137 ], [ 14.4178807, 40.6334301 ], [ 14.4178822, 40.6334491 ], [ 14.4178774, 40.6334752 ], [ 14.417869, 40.6334903 ], [ 14.4173354, 40.6341437 ], [ 14.4172727, 40.6342245 ], [ 14.4172376, 40.6342696 ], [ 14.4171878, 40.6343338 ], [ 14.4168779, 40.6347326 ], [ 14.4168362, 40.6347662 ], [ 14.416822, 40.6347746 ], [ 14.4168057, 40.6347815 ], [ 14.4167866, 40.634789 ], [ 14.4167674, 40.6347926 ], [ 14.4167303, 40.6347966 ], [ 14.4166942, 40.6347872 ], [ 14.4162679, 40.6346452 ], [ 14.4159112, 40.6345148 ], [ 14.4154298, 40.6343387 ], [ 14.4154184, 40.6343333 ] ] } },
{ "type": "Feature", "properties": { "name": "", "name_manual": "", "name_original": null, "highway": "footway", "status": "unnamed", "description": "unnamed" }, "geometry": { "type": "LineString", "coordinates": [ [ 14.4159248, 40.6316354 ], [ 14.415876, 40.6315567 ], [ 14.4158271, 40.6314873 ], [ 14.4157821, 40.6314444 ], [ 14.415765, 40.631428 ], [ 14.4155415, 40.6312254 ], [ 14.4153391, 40.6310591 ], [ 14.4152562, 40.6309922 ] ] } },
{ "type": "Feature", "properties": { "name": "", "name_manual": "", "name_original": null, "highway": "footway", "status": "unnamed", "description": "unnamed" }, "geometry": { "type": "LineString", "coordinates": [ [ 14.4152498, 40.6311241 ], [ 14.4152608, 40.6311161 ], [ 14.4152943, 40.6310917 ], [ 14.4153279, 40.6310672 ], [ 14.4153391, 40.6310591 ] ] } },
{ "type": "Feature", "properties": { "name": "", "name_manual": "", "name_original": null, "highway": "footway", "status": "unnamed", "description": "unnamed" }, "geometry": { "type": "LineString", "coordinates": [ [ 14.4149544, 40.6308885 ], [ 14.4149655, 40.6308808 ], [ 14.4149999, 40.630857 ], [ 14.4150343, 40.6308332 ], [ 14.4150458, 40.6308253 ] ] } },
{ "type": "Feature", "properties": { "name": "", "name_manual": "", "name_original": null, "highway": "footway", "status": "unnamed", "description": "unnamed" }, "geometry": { "type": "LineString", "coordinates": [ [ 14.4142496, 40.6303349 ], [ 14.4149544, 40.6308885 ], [ 14.4150842, 40.6309904 ], [ 14.4152498, 40.6311241 ], [ 14.4154529, 40.6312914 ], [ 14.4156681, 40.6314933 ], [ 14.4157244, 40.6315462 ], [ 14.4157687, 40.6316028 ], [ 14.4157791, 40.6316195 ], [ 14.4158242, 40.6316923 ], [ 14.4158459, 40.6317271 ], [ 14.4158733, 40.631767 ] ] } },
{ "type": "Feature", "properties": { "name": "", "name_manual": "", "name_original": null, "highway": "footway", "status": "unnamed", "description": "unnamed" }, "geometry": { "type": "LineString", "coordinates": [ [ 14.4196308, 40.631423 ], [ 14.4194405, 40.6316446 ], [ 14.4194523, 40.6316525 ], [ 14.4192848, 40.6318481 ], [ 14.4191358, 40.6320219 ], [ 14.4187608, 40.6324448 ], [ 14.4187541, 40.6324523 ], [ 14.418696, 40.6325181 ], [ 14.4186958, 40.6325319 ], [ 14.4185746, 40.6326745 ], [ 14.4185053, 40.6327603 ], [ 14.4183218, 40.6329827 ], [ 14.4182003, 40.6331341 ], [ 14.4181916, 40.633145 ], [ 14.4181187, 40.6332364 ], [ 14.418104, 40.6332548 ], [ 14.4180889, 40.6332664 ], [ 14.4180576, 40.6332807 ], [ 14.418028, 40.6332865 ], [ 14.4179932, 40.6332872 ], [ 14.4179619, 40.6332811 ], [ 14.4179307, 40.6332686 ], [ 14.4176121, 40.6330629 ], [ 14.4175655, 40.6330341 ], [ 14.4172935, 40.6328562 ], [ 14.4167831, 40.6325098 ], [ 14.4166491, 40.6324188 ], [ 14.4164157, 40.6322445 ], [ 14.4163415, 40.6321756 ], [ 14.4163237, 40.6321599 ], [ 14.4163009, 40.6321397 ], [ 14.4161837, 40.6320168 ], [ 14.4161108, 40.6319105 ], [ 14.4160503, 40.6318222 ], [ 14.4159627, 40.6316945 ] ] } },
{ "type": "Feature", "properties": { "name": "", "name_manual": "", "name_original": null, "highway": "footway", "status": "unnamed", "description": "unnamed" }, "geometry": { "type": "LineString", "coordinates": [ [ 14.413707, 40.6299377 ], [ 14.4137157, 40.6299303 ], [ 14.4137476, 40.6299042 ], [ 14.4137794, 40.6298781 ], [ 14.4137888, 40.6298708 ] ] } },
{ "type": "Feature", "properties": { "name": "", "name_manual": "", "name_original": null, "highway": "footway", "status": "unnamed", "description": "unnamed" }, "geometry": { "type": "LineString", "coordinates": [ [ 14.4128955, 40.6295432 ], [ 14.4131148, 40.6296231 ], [ 14.4133066, 40.6296931 ], [ 14.4134203, 40.629751 ], [ 14.4134634, 40.6297813 ], [ 14.4134936, 40.629806 ], [ 14.4135059, 40.6298363 ], [ 14.4134851, 40.6298753 ], [ 14.4132834, 40.6300554 ], [ 14.4131037, 40.6302351 ], [ 14.4129564, 40.6303852 ], [ 14.4128818, 40.630444 ], [ 14.4128265, 40.6304876 ], [ 14.4127819, 40.6305102 ], [ 14.4127189, 40.630535 ], [ 14.4126559, 40.6305498 ], [ 14.4125774, 40.6305596 ], [ 14.4124828, 40.6305624 ], [ 14.4117527, 40.6305842 ] ] } },
{ "type": "Feature", "properties": { "name": "", "name_manual": "", "name_original": null, "highway": "footway", "status": "unnamed", "description": "unnamed" }, "geometry": { "type": "LineString", "coordinates": [ [ 14.4142127, 40.6301738 ], [ 14.4143368, 40.6302692 ] ] } },
{ "type": "Feature", "properties": { "name": "", "name_manual": "", "name_original": null, "highway": "footway", "status": "unnamed", "description": "unnamed" }, "geometry": { "type": "LineString", "coordinates": [ [ 14.4141249, 40.63024 ], [ 14.4142496, 40.6303349 ] ] } },
{ "type": "Feature", "properties": { "name": "", "name_manual": "", "name_original": null, "highway": "footway", "status": "unnamed", "description": "unnamed" }, "geometry": { "type": "LineString", "coordinates": [ [ 14.4129545, 40.6294493 ], [ 14.4133772, 40.6296125 ], [ 14.4135379, 40.6296936 ], [ 14.4136079, 40.6297366 ], [ 14.4136407, 40.6297591 ], [ 14.4136667, 40.629777 ], [ 14.4137888, 40.6298708 ], [ 14.4142127, 40.6301738 ] ] } },
{ "type": "Feature", "properties": { "name": "", "name_manual": "", "name_original": null, "highway": "footway", "status": "unnamed", "description": "unnamed" }, "geometry": { "type": "LineString", "coordinates": [ [ 14.4116623, 40.6290855 ], [ 14.4116692, 40.6290756 ], [ 14.4116918, 40.6290433 ], [ 14.4117144, 40.629011 ], [ 14.4117206, 40.629002 ] ] } },
{ "type": "Feature", "properties": { "name": "", "name_manual": "", "name_original": null, "highway": "footway", "status": "unnamed", "description": "unnamed" }, "geometry": { "type": "LineString", "coordinates": [ [ 14.4125268, 40.6292952 ], [ 14.4129545, 40.6294493 ] ] } },
{ "type": "Feature", "properties": { "name": "", "name_manual": "", "name_original": null, "highway": "footway", "status": "unnamed", "description": "unnamed" }, "geometry": { "type": "LineString", "coordinates": [ [ 14.4115409, 40.628846 ], [ 14.4115411, 40.6288494 ], [ 14.4115216, 40.6288643 ], [ 14.4115109, 40.628887 ], [ 14.4115233, 40.6289155 ], [ 14.4115444, 40.6289353 ], [ 14.4115717, 40.6289479 ], [ 14.4117206, 40.629002 ], [ 14.4125268, 40.6292952 ] ] } },
{ "type": "Feature", "properties": { "name": "", "name_manual": "", "name_original": null, "highway": "footway", "status": "unnamed", "description": "unnamed" }, "geometry": { "type": "LineString", "coordinates": [ [ 14.4124682, 40.6293884 ], [ 14.4128214, 40.6295161 ], [ 14.4128249, 40.6295105 ], [ 14.4128932, 40.6295375 ], [ 14.4128955, 40.6295432 ] ] } },
{ "type": "Feature", "properties": { "name": "", "name_manual": "", "name_original": null, "highway": "footway", "status": "unnamed", "description": "unnamed" }, "geometry": { "type": "LineString", "coordinates": [ [ 14.4111625, 40.6289513 ], [ 14.4112335, 40.628951 ], [ 14.4113051, 40.6289587 ], [ 14.4113661, 40.6289739 ], [ 14.4114136, 40.6289922 ], [ 14.4116623, 40.6290855 ], [ 14.4117645, 40.6291239 ], [ 14.4124682, 40.6293884 ] ] } },
{ "type": "Feature", "properties": { "name": "", "name_manual": "", "name_original": null, "highway": "steps", "status": "unnamed", "description": "unnamed" }, "geometry": { "type": "LineString", "coordinates": [ [ 14.4089447, 40.6294226 ], [ 14.4089301, 40.6294092 ], [ 14.4090472, 40.6293447 ], [ 14.4089701, 40.6292886 ], [ 14.4088962, 40.6293479 ], [ 14.4088591, 40.6293202 ] ] } },
{ "type": "Feature", "properties": { "name": "", "name_manual": "", "name_original": null, "highway": "footway", "status": "unnamed", "description": "unnamed" }, "geometry": { "type": "LineString", "coordinates": [ [ 14.4100955, 40.6293047 ], [ 14.4101321, 40.6292858 ], [ 14.4101965, 40.6292524 ] ] } },
{ "type": "Feature", "properties": { "name": "", "name_manual": "", "name_original": null, "highway": "footway", "status": "unnamed", "description": "unnamed" }, "geometry": { "type": "LineString", "coordinates": [ [ 14.4109619, 40.6287919 ], [ 14.4109737, 40.6287965 ], [ 14.4110037, 40.6288079 ], [ 14.4110206, 40.628819 ], [ 14.4110336, 40.6288344 ], [ 14.4110383, 40.6288515 ], [ 14.4110337, 40.6288677 ], [ 14.4110218, 40.6288854 ], [ 14.4110022, 40.6288999 ], [ 14.4109305, 40.6289234 ], [ 14.4105961, 40.6290409 ], [ 14.4104227, 40.6291139 ], [ 14.4102697, 40.6291963 ], [ 14.4101965, 40.6292524 ] ] } },
{ "type": "Feature", "properties": { "name": "", "name_manual": "", "name_original": null, "highway": "service", "status": "unnamed", "description": "unnamed" }, "geometry": { "type": "LineString", "coordinates": [ [ 14.4117893, 40.6290798 ], [ 14.4117702, 40.6291137 ], [ 14.4117645, 40.6291239 ], [ 14.4117587, 40.6291342 ], [ 14.4115385, 40.6295258 ], [ 14.4113575, 40.6294596 ], [ 14.4113602, 40.6293965 ], [ 14.411277, 40.6293477 ] ] } },
{ "type": "Feature", "properties": { "name": "", "name_manual": "", "name_original": null, "highway": "service", "status": "unnamed", "description": "unnamed" }, "geometry": { "type": "LineString", "coordinates": [ [ 14.411927, 40.6323766 ], [ 14.4118229, 40.632306 ], [ 14.4117881, 40.6322823 ], [ 14.4115947, 40.6321507 ], [ 14.4118022, 40.6319751 ] ] } },
{ "type": "Feature", "properties": { "name": "", "name_manual": "", "name_original": null, "highway": "service", "status": "unnamed", "description": "unnamed" }, "geometry": { "type": "LineString", "coordinates": [ [ 14.4141006, 40.6304292 ], [ 14.4140034, 40.6303483 ], [ 14.414, 40.6303454 ], [ 14.4139532, 40.630308 ], [ 14.4136883, 40.6304764 ], [ 14.4134261, 40.630284 ], [ 14.413396, 40.630139 ], [ 14.4135308, 40.6300164 ] ] } },
{ "type": "Feature", "properties": { "name": "", "name_manual": "", "name_original": null, "highway": "footway", "status": "unnamed", "description": "unnamed" }, "geometry": { "type": "LineString", "coordinates": [ [ 14.4118544, 40.6322783 ], [ 14.4120247, 40.6321285 ], [ 14.4120451, 40.6321418 ], [ 14.4121663, 40.6320346 ] ] } },
{ "type": "Feature", "properties": { "name": "", "name_manual": "", "name_original": null, "highway": "footway", "status": "unnamed", "description": "unnamed" }, "geometry": { "type": "LineString", "coordinates": [ [ 14.4120451, 40.6321418 ], [ 14.4120552, 40.6321493 ] ] } },
{ "type": "Feature", "properties": { "name": "", "name_manual": "", "name_original": null, "highway": "footway", "status": "unnamed", "description": "unnamed" }, "geometry": { "type": "LineString", "coordinates": [ [ 14.4120552, 40.6321493 ], [ 14.4121332, 40.6322073 ], [ 14.412175, 40.6322383 ], [ 14.4121813, 40.632243 ] ] } },
{ "type": "Feature", "properties": { "name": "", "name_manual": "", "name_original": null, "highway": "footway", "status": "unnamed", "description": "unnamed" }, "geometry": { "type": "LineString", "coordinates": [ [ 14.4118229, 40.632306 ], [ 14.4118544, 40.6322783 ] ] } },
{ "type": "Feature", "properties": { "name": "", "name_manual": "", "name_original": null, "highway": "footway", "status": "unnamed", "description": "unnamed" }, "geometry": { "type": "LineString", "coordinates": [ [ 14.4121663, 40.6320346 ], [ 14.4122177, 40.6319947 ], [ 14.4123171, 40.63199 ], [ 14.4123963, 40.631964 ], [ 14.4124612, 40.6319634 ], [ 14.412499, 40.6319657 ] ] } },
{ "type": "Feature", "properties": { "name": "", "name_manual": "", "name_original": null, "highway": "footway", "status": "unnamed", "description": "unnamed" }, "geometry": { "type": "LineString", "coordinates": [ [ 14.4117303, 40.6325062 ], [ 14.4117521, 40.6325166 ], [ 14.4117738, 40.632527 ], [ 14.4117808, 40.6325303 ] ] } },
{ "type": "Feature", "properties": { "name": "", "name_manual": "", "name_original": null, "highway": "footway", "status": "unnamed", "description": "unnamed" }, "geometry": { "type": "LineString", "coordinates": [ [ 14.4139303, 40.6307151 ], [ 14.4139112, 40.6307288 ], [ 14.4135155, 40.6310665 ], [ 14.4134775, 40.6310985 ], [ 14.4131737, 40.6314125 ], [ 14.4130188, 40.6315715 ], [ 14.4127924, 40.63176 ], [ 14.4125736, 40.6319558 ], [ 14.4125502, 40.6319734 ], [ 14.412461, 40.6320423 ], [ 14.412318, 40.632146 ], [ 14.4121813, 40.632243 ], [ 14.4120764, 40.6323173 ], [ 14.4119897, 40.6323777 ], [ 14.4117844, 40.6325262 ], [ 14.4117808, 40.6325303 ], [ 14.411786, 40.6325369 ], [ 14.4120278, 40.6326461 ], [ 14.4121483, 40.6327088 ], [ 14.4123586, 40.6328062 ] ] } },
{ "type": "Feature", "properties": { "name": "", "name_manual": "", "name_original": null, "highway": "service", "status": "unnamed", "description": "unnamed" }, "geometry": { "type": "LineString", "coordinates": [ [ 14.4139856, 40.6307178 ], [ 14.4141946, 40.6306219 ], [ 14.414845, 40.6310087 ] ] } },
{ "type": "Feature", "properties": { "name": "", "name_manual": "", "name_original": null, "highway": "service", "status": "unnamed", "description": "unnamed" }, "geometry": { "type": "LineString", "coordinates": [ [ 14.4139078, 40.6306696 ], [ 14.4139504, 40.630696 ], [ 14.4139856, 40.6307178 ], [ 14.4142798, 40.6309003 ], [ 14.4143321, 40.6309018 ] ] } },
{ "type": "Feature", "properties": { "name": "", "name_manual": "", "name_original": null, "highway": "footway", "status": "unnamed", "description": "unnamed" }, "geometry": { "type": "LineString", "coordinates": [ [ 14.4139303, 40.6307151 ], [ 14.4139504, 40.630696 ], [ 14.4139907, 40.6306575 ] ] } },
{ "type": "Feature", "properties": { "name": "", "name_manual": "", "name_original": null, "highway": "footway", "status": "unnamed", "description": "unnamed" }, "geometry": { "type": "LineString", "coordinates": [ [ 14.4141148, 40.6302561 ], [ 14.4141184, 40.630259 ], [ 14.4141604, 40.6302928 ], [ 14.4142023, 40.6303266 ], [ 14.4142086, 40.6303317 ] ] } },
{ "type": "Feature", "properties": { "name": "", "name_manual": "", "name_original": null, "highway": "footway", "status": "unnamed", "description": "unnamed" }, "geometry": { "type": "LineString", "coordinates": [ [ 14.4139907, 40.6306575 ], [ 14.4141152, 40.6305513 ], [ 14.4141316, 40.6305265 ], [ 14.414145, 40.6304731 ], [ 14.4141613, 40.6304083 ], [ 14.4141941, 40.6303491 ], [ 14.4142086, 40.6303317 ], [ 14.4142146, 40.6303245 ], [ 14.4143082, 40.6302367 ] ] } },
{ "type": "Feature", "properties": { "name": "", "name_manual": "", "name_original": null, "highway": "track", "status": "unnamed", "description": "unnamed" }, "geometry": { "type": "LineString", "coordinates": [ [ 14.4150601, 40.6290714 ], [ 14.4152098, 40.6289858 ], [ 14.4153634, 40.6291405 ] ] } },
{ "type": "Feature", "properties": { "name": "", "name_manual": "", "name_original": null, "highway": "track", "status": "unnamed", "description": "unnamed" }, "geometry": { "type": "LineString", "coordinates": [ [ 14.4140001, 40.6295095 ], [ 14.4137594, 40.6292815 ] ] } },
{ "type": "Feature", "properties": { "name": "", "name_manual": "", "name_original": null, "highway": "service", "status": "unnamed", "description": "unnamed" }, "geometry": { "type": "LineString", "coordinates": [ [ 14.4157814, 40.6290319 ], [ 14.415763, 40.6290219 ], [ 14.4154767, 40.628823 ] ] } },
{ "type": "Feature", "properties": { "name": "", "name_manual": "", "name_original": null, "highway": "service", "status": "unnamed", "description": "unnamed" }, "geometry": { "type": "LineString", "coordinates": [ [ 14.4149884, 40.6296796 ], [ 14.4150583, 40.6297297 ], [ 14.4152172, 40.6298912 ] ] } },
{ "type": "Feature", "properties": { "name": "", "name_manual": "", "name_original": null, "highway": "track", "status": "unnamed", "description": "unnamed" }, "geometry": { "type": "LineString", "coordinates": [ [ 14.4153567, 40.6284398 ], [ 14.415187, 40.6283023 ], [ 14.4150925, 40.6282158 ] ] } },
{ "type": "Feature", "properties": { "name": "", "name_manual": "", "name_original": null, "highway": "service", "status": "unnamed", "description": "unnamed" }, "geometry": { "type": "LineString", "coordinates": [ [ 14.4156593, 40.6286432 ], [ 14.415577, 40.6287105 ], [ 14.4157514, 40.6288414 ] ] } },
{ "type": "Feature", "properties": { "name": "", "name_manual": "", "name_original": null, "highway": "service", "status": "unnamed", "description": "unnamed" }, "geometry": { "type": "LineString", "coordinates": [ [ 14.4158663, 40.6287746 ], [ 14.4157439, 40.6287062 ], [ 14.4156593, 40.6286432 ], [ 14.4154422, 40.6284863 ], [ 14.4153567, 40.6284398 ], [ 14.4151783, 40.6285502 ] ] } },
{ "type": "Feature", "properties": { "name": "", "name_manual": "", "name_original": null, "highway": "service", "status": "unnamed", "description": "unnamed" }, "geometry": { "type": "LineString", "coordinates": [ [ 14.4159863, 40.6288607 ], [ 14.4159581, 40.6288396 ], [ 14.4158663, 40.6287746 ], [ 14.4160735, 40.628652 ], [ 14.4160607, 40.6285649 ], [ 14.4160473, 40.6285415 ], [ 14.4161586, 40.6284835 ], [ 14.416335, 40.6285848 ], [ 14.4163477, 40.6286321 ] ] } },
{ "type": "Feature", "properties": { "name": "", "name_manual": "", "name_original": null, "highway": "service", "status": "unnamed", "description": "unnamed" }, "geometry": { "type": "LineString", "coordinates": [ [ 14.4166447, 40.6287732 ], [ 14.4166128, 40.6287988 ], [ 14.4165895, 40.6288176 ], [ 14.4164919, 40.6287698 ] ] } },
{ "type": "Feature", "properties": { "name": "", "name_manual": "", "name_original": null, "highway": "service", "status": "unnamed", "description": "unnamed" }, "geometry": { "type": "LineString", "coordinates": [ [ 14.4159199, 40.6289162 ], [ 14.4159526, 40.6289378 ], [ 14.4160078, 40.6289758 ], [ 14.416061, 40.6289974 ], [ 14.4161375, 40.629035 ], [ 14.416223, 40.6291081 ], [ 14.4162301, 40.6291425 ], [ 14.4162014, 40.6291706 ], [ 14.4161848, 40.6291878 ] ] } },
{ "type": "Feature", "properties": { "name": "", "name_manual": "", "name_original": null, "highway": "service", "status": "unnamed", "description": "unnamed" }, "geometry": { "type": "LineString", "coordinates": [ [ 14.4169633, 40.6289996 ], [ 14.4169262, 40.6290324 ], [ 14.4168807, 40.6290726 ], [ 14.4165543, 40.6293517 ] ] } },
{ "type": "Feature", "properties": { "name": "", "name_manual": "", "name_original": null, "highway": "track", "status": "unnamed", "description": "unnamed" }, "geometry": { "type": "LineString", "coordinates": [ [ 14.4168807, 40.6290726 ], [ 14.4169938, 40.6291794 ], [ 14.4168528, 40.6293969 ], [ 14.4174015, 40.6299659 ] ] } },
{ "type": "Feature", "properties": { "name": "", "name_manual": "", "name_original": null, "highway": "service", "status": "unnamed", "description": "unnamed" }, "geometry": { "type": "LineString", "coordinates": [ [ 14.4197156, 40.6314189 ], [ 14.4196533, 40.6313872 ], [ 14.4196422, 40.6313805 ], [ 14.4195295, 40.6313232 ], [ 14.4192667, 40.6311975 ], [ 14.4191922, 40.6311894 ], [ 14.4191185, 40.6311914 ], [ 14.4190313, 40.631198 ], [ 14.4189294, 40.6312194 ], [ 14.4187812, 40.6312718 ], [ 14.4187134, 40.6312611 ], [ 14.4182025, 40.6308978 ] ] } },
{ "type": "Feature", "properties": { "name": "", "name_manual": "", "name_original": null, "highway": "service", "status": "unnamed", "description": "unnamed" }, "geometry": { "type": "LineString", "coordinates": [ [ 14.4178506, 40.6309579 ], [ 14.417785, 40.6310547 ], [ 14.4179768, 40.6311296 ], [ 14.4180446, 40.6310297 ] ] } },
{ "type": "Feature", "properties": { "name": "", "name_manual": "", "name_original": null, "highway": "service", "status": "unnamed", "description": "unnamed" }, "geometry": { "type": "LineString", "coordinates": [ [ 14.4170942, 40.6291525 ], [ 14.4170987, 40.6292161 ], [ 14.4171685, 40.6293761 ], [ 14.4174689, 40.6296896 ], [ 14.4181019, 40.6303716 ], [ 14.4182199, 40.6304255 ], [ 14.4182736, 40.6304316 ], [ 14.4184439, 40.63057 ] ] } },
{ "type": "Feature", "properties": { "name": "", "name_manual": "", "name_original": null, "highway": "service", "status": "unnamed", "description": "unnamed" }, "geometry": { "type": "LineString", "coordinates": [ [ 14.4168707, 40.630293 ], [ 14.417029, 40.6301843 ], [ 14.4172087, 40.6301151 ] ] } },
{ "type": "Feature", "properties": { "name": "", "name_manual": "", "name_original": null, "highway": "service", "status": "unnamed", "description": "unnamed" }, "geometry": { "type": "LineString", "coordinates": [ [ 14.416427, 40.6302483 ], [ 14.4159552, 40.6298957 ] ] } },
{ "type": "Feature", "properties": { "name": "", "name_manual": "", "name_original": null, "highway": "service", "status": "unnamed", "description": "unnamed" }, "geometry": { "type": "LineString", "coordinates": [ [ 14.415987, 40.630355 ], [ 14.4165111, 40.6305486 ] ] } },
{ "type": "Feature", "properties": { "name": "", "name_manual": "", "name_original": null, "highway": "service", "status": "unnamed", "description": "unnamed" }, "geometry": { "type": "LineString", "coordinates": [ [ 14.415987, 40.630355 ], [ 14.4157785, 40.6300318 ] ] } },
{ "type": "Feature", "properties": { "name": "", "name_manual": "", "name_original": null, "highway": "service", "status": "unnamed", "description": "unnamed" }, "geometry": { "type": "LineString", "coordinates": [ [ 14.4161877, 40.6309288 ], [ 14.4157139, 40.6305536 ], [ 14.4151381, 40.6300975 ] ] } },
{ "type": "Feature", "properties": { "name": "", "name_manual": "", "name_original": null, "highway": "service", "status": "unnamed", "description": "unnamed" }, "geometry": { "type": "LineString", "coordinates": [ [ 14.4158432, 40.6312051 ], [ 14.4153525, 40.6308164 ], [ 14.4146216, 40.6302376 ], [ 14.4144608, 40.630113 ] ] } },
{ "type": "Feature", "properties": { "name": "", "name_manual": "", "name_original": null, "highway": "service", "status": "unnamed", "description": "unnamed" }, "geometry": { "type": "LineString", "coordinates": [ [ 14.4153139, 40.6296845 ], [ 14.4157785, 40.6300318 ], [ 14.4159552, 40.6298957 ], [ 14.4161258, 40.6297572 ], [ 14.4155994, 40.629364 ] ] } },
{ "type": "Feature", "properties": { "name": "", "name_manual": "", "name_original": null, "highway": "service", "status": "unnamed", "description": "unnamed" }, "geometry": { "type": "LineString", "coordinates": [ [ 14.4161258, 40.6297572 ], [ 14.4162778, 40.6296481 ], [ 14.4160574, 40.6294712 ] ] } },
{ "type": "Feature", "properties": { "name": "", "name_manual": "", "name_original": null, "highway": "service", "status": "unnamed", "description": "unnamed" }, "geometry": { "type": "LineString", "coordinates": [ [ 14.4174458, 40.6309638 ], [ 14.4173016, 40.63109 ], [ 14.4171873, 40.6312285 ] ] } },
{ "type": "Feature", "properties": { "name": "", "name_manual": "", "name_original": null, "highway": "track", "status": "unnamed", "description": "unnamed" }, "geometry": { "type": "LineString", "coordinates": [ [ 14.4168761, 40.6313517 ], [ 14.4172436, 40.6315675 ], [ 14.4174126, 40.6314209 ] ] } },
{ "type": "Feature", "properties": { "name": "", "name_manual": "", "name_original": null, "highway": "track", "status": "unnamed", "description": "unnamed" }, "geometry": { "type": "LineString", "coordinates": [ [ 14.4167787, 40.6320405 ], [ 14.4168869, 40.6319084 ], [ 14.4164309, 40.6316519 ], [ 14.4166093, 40.6314911 ], [ 14.416742, 40.631367 ], [ 14.4168761, 40.6313517 ], [ 14.4170572, 40.631369 ] ] } },
{ "type": "Feature", "properties": { "name": "", "name_manual": "", "name_original": null, "highway": "service", "status": "unnamed", "description": "unnamed" }, "geometry": { "type": "LineString", "coordinates": [ [ 14.4175148, 40.6330716 ], [ 14.4175546, 40.6330425 ], [ 14.4175655, 40.6330341 ], [ 14.4175767, 40.6330255 ], [ 14.4177532, 40.632888 ] ] } },
{ "type": "Feature", "properties": { "name": "", "name_manual": "", "name_original": null, "highway": "service", "status": "unnamed", "description": "unnamed" }, "geometry": { "type": "LineString", "coordinates": [ [ 14.4164195, 40.6320621 ], [ 14.4167787, 40.6320405 ], [ 14.4172238, 40.6322201 ], [ 14.4173388, 40.6323048 ], [ 14.4174733, 40.6324176 ], [ 14.4180127, 40.6328558 ], [ 14.4179665, 40.6329359 ], [ 14.4179584, 40.6329659 ], [ 14.4179765, 40.6329959 ], [ 14.4181916, 40.6331289 ], [ 14.4182003, 40.6331341 ], [ 14.418209, 40.6331394 ], [ 14.4182544, 40.6331644 ] ] } },
{ "type": "Feature", "properties": { "name": "", "name_manual": "", "name_original": null, "highway": "service", "status": "unnamed", "description": "unnamed" }, "geometry": { "type": "LineString", "coordinates": [ [ 14.4173837, 40.6329838 ], [ 14.4173516, 40.6330139 ], [ 14.4173421, 40.6330228 ], [ 14.417333, 40.6330313 ], [ 14.4172168, 40.6331379 ], [ 14.4174166, 40.6332641 ], [ 14.4175574, 40.6331816 ], [ 14.4175684, 40.6331744 ], [ 14.4175799, 40.6331667 ], [ 14.4176185, 40.6331411 ] ] } },
{ "type": "Feature", "properties": { "name": "", "name_manual": "", "name_original": null, "highway": "service", "status": "unnamed", "description": "unnamed" }, "geometry": { "type": "LineString", "coordinates": [ [ 14.4167656, 40.6325622 ], [ 14.4167394, 40.6325929 ], [ 14.416731, 40.6326027 ], [ 14.4167231, 40.632612 ], [ 14.4166696, 40.6326748 ] ] } },
{ "type": "Feature", "properties": { "name": "", "name_manual": "", "name_original": null, "highway": "service", "status": "unnamed", "description": "unnamed" }, "geometry": { "type": "LineString", "coordinates": [ [ 14.4161614, 40.6335831 ], [ 14.4163249, 40.6334371 ], [ 14.4164282, 40.633317 ], [ 14.4165214, 40.6331562 ], [ 14.4166897, 40.632858 ], [ 14.4167901, 40.6326584 ], [ 14.4167956, 40.6326474 ], [ 14.4168014, 40.6326359 ], [ 14.4168198, 40.6325993 ] ] } },
{ "type": "Feature", "properties": { "name": "", "name_manual": "", "name_original": null, "highway": "service", "status": "unnamed", "description": "unnamed" }, "geometry": { "type": "LineString", "coordinates": [ [ 14.4159689, 40.6329257 ], [ 14.4159199, 40.6328417 ], [ 14.416105, 40.6326952 ], [ 14.4161412, 40.6326239 ], [ 14.4163799, 40.6324387 ], [ 14.4165409, 40.6325486 ], [ 14.4166267, 40.6326015 ], [ 14.4166696, 40.6326748 ], [ 14.416675, 40.6327226 ], [ 14.4163471, 40.6330376 ] ] } },
{ "type": "Feature", "properties": { "name": "", "name_manual": "", "name_original": null, "highway": "service", "status": "unnamed", "description": "unnamed" }, "geometry": { "type": "LineString", "coordinates": [ [ 14.415986, 40.6318302 ], [ 14.4160341, 40.6318242 ], [ 14.4160503, 40.6318222 ], [ 14.4160651, 40.6318204 ], [ 14.4162002, 40.6318036 ], [ 14.4164195, 40.6320621 ], [ 14.4163329, 40.6321498 ], [ 14.4163237, 40.6321599 ], [ 14.4163145, 40.6321698 ], [ 14.4162871, 40.6321996 ] ] } },
{ "type": "Feature", "properties": { "name": "", "name_manual": "", "name_original": null, "highway": "footway", "status": "unnamed", "description": "unnamed" }, "geometry": { "type": "LineString", "coordinates": [ [ 14.4166993, 40.6325808 ], [ 14.4167094, 40.6325722 ], [ 14.4167411, 40.6325454 ], [ 14.4167728, 40.6325185 ], [ 14.4167831, 40.6325098 ] ] } },
{ "type": "Feature", "properties": { "name": "", "name_manual": "", "name_original": null, "highway": "steps", "status": "unnamed", "description": "unnamed" }, "geometry": { "type": "LineString", "coordinates": [ [ 14.4235528, 40.6255723 ], [ 14.4236454, 40.6256045 ], [ 14.4237131, 40.6256025 ] ] } },
{ "type": "Feature", "properties": { "name": "", "name_manual": "", "name_original": null, "highway": "service", "status": "unnamed", "description": "unnamed" }, "geometry": { "type": "LineString", "coordinates": [ [ 14.4134197, 40.6149833 ], [ 14.4136199, 40.6148784 ], [ 14.4136401, 40.6148539 ], [ 14.4136515, 40.614717 ], [ 14.4137675, 40.6145256 ], [ 14.4138084, 40.6144554 ], [ 14.4138955, 40.61418 ], [ 14.4139384, 40.6140721 ], [ 14.4139224, 40.6138379 ], [ 14.4139203, 40.6136735 ], [ 14.4137507, 40.613646 ], [ 14.4135341, 40.6136302 ], [ 14.413288, 40.6136552 ], [ 14.4131747, 40.6136577 ], [ 14.4130164, 40.6136358 ], [ 14.4129789, 40.6136206 ] ] } },
{ "type": "Feature", "properties": { "name": "", "name_manual": "", "name_original": null, "highway": "service", "status": "unnamed", "description": "unnamed" }, "geometry": { "type": "LineString", "coordinates": [ [ 14.4165234, 40.624865 ], [ 14.4166508, 40.6248477 ], [ 14.416986, 40.6250849 ], [ 14.4170467, 40.625124 ] ] } },
{ "type": "Feature", "properties": { "name": "", "name_manual": "", "name_original": null, "highway": "footway", "status": "unnamed", "description": "unnamed" }, "geometry": { "type": "LineString", "coordinates": [ [ 14.4063485, 40.6266816 ], [ 14.4063672, 40.6267216 ], [ 14.4064289, 40.6267735 ], [ 14.4065523, 40.6268163 ], [ 14.4069285, 40.6268847 ], [ 14.4070173, 40.6269199 ], [ 14.4070867, 40.6268906 ], [ 14.407135, 40.6268758 ], [ 14.4072289, 40.6269043 ], [ 14.4073288, 40.6269476 ], [ 14.4074479, 40.6269908 ] ] } },
{ "type": "Feature", "properties": { "name": "", "name_manual": "", "name_original": null, "highway": "footway", "status": "unnamed", "description": "unnamed" }, "geometry": { "type": "LineString", "coordinates": [ [ 14.4031527, 40.6389746 ], [ 14.403035, 40.6390441 ], [ 14.4025536, 40.6385453 ], [ 14.4025655, 40.6385396 ], [ 14.4025897, 40.6385279 ], [ 14.4026656, 40.638607 ], [ 14.4029069, 40.6388378 ], [ 14.4030546, 40.638941 ], [ 14.4031527, 40.6389746 ] ] } },
{ "type": "Feature", "properties": { "name": "", "name_manual": "", "name_original": null, "highway": "footway", "status": "unnamed", "description": "unnamed" }, "geometry": { "type": "LineString", "coordinates": [ [ 14.4025655, 40.6385396 ], [ 14.4025569, 40.638533 ], [ 14.4024499, 40.6384636 ], [ 14.4024049, 40.6385094 ], [ 14.4020778, 40.6383133 ], [ 14.4019532, 40.6381963 ], [ 14.4018312, 40.6380508 ], [ 14.4016774, 40.6379693 ], [ 14.4015142, 40.6378499 ], [ 14.4015017, 40.6378293 ], [ 14.4013159, 40.6377495 ], [ 14.4012293, 40.637713 ], [ 14.4011547, 40.637669 ], [ 14.4010773, 40.6376092 ], [ 14.4009025, 40.6374741 ], [ 14.4009875, 40.6373598 ], [ 14.4010575, 40.6372874 ], [ 14.4010903, 40.6372534 ], [ 14.4011437, 40.6372269 ], [ 14.4012318, 40.6371831 ], [ 14.4012817, 40.6371313 ], [ 14.4012992, 40.6371431 ], [ 14.4013274, 40.6371574 ], [ 14.4013555, 40.637163 ], [ 14.4013877, 40.637164 ], [ 14.4014313, 40.6371671 ], [ 14.4014628, 40.6371732 ], [ 14.4015024, 40.637192 ], [ 14.401514, 40.6371991 ], [ 14.4017487, 40.6373432 ], [ 14.4016928, 40.6373956 ], [ 14.401525, 40.6375532 ], [ 14.4013159, 40.6377495 ] ] } },
{ "type": "Feature", "properties": { "name": "", "name_manual": "", "name_original": null, "highway": "footway", "status": "unnamed", "description": "unnamed" }, "geometry": { "type": "LineString", "coordinates": [ [ 14.4016928, 40.6373956 ], [ 14.4017507, 40.6374488 ], [ 14.4017766, 40.6374827 ], [ 14.4018276, 40.6375258 ], [ 14.4018535, 40.6375426 ], [ 14.4019005, 40.6375644 ], [ 14.4019516, 40.6375802 ], [ 14.4020034, 40.637589 ], [ 14.4019905, 40.6377771 ], [ 14.4019972, 40.6377928 ], [ 14.4019888, 40.6378132 ], [ 14.4019559, 40.6378307 ], [ 14.4019307, 40.6378418 ] ] } },
{ "type": "Feature", "properties": { "name": "", "name_manual": "", "name_original": null, "highway": "footway", "status": "unnamed", "description": "unnamed" }, "geometry": { "type": "LineString", "coordinates": [ [ 14.4010575, 40.6372874 ], [ 14.4010718, 40.6372952 ], [ 14.4010872, 40.6372994 ], [ 14.4011035, 40.6373001 ], [ 14.4011195, 40.6372974 ], [ 14.4011428, 40.6372875 ], [ 14.4011464, 40.6372838 ], [ 14.4011499, 40.6372801 ], [ 14.4011565, 40.6372594 ], [ 14.4011546, 40.6372448 ], [ 14.4011437, 40.6372269 ] ] } },
{ "type": "Feature", "properties": { "name": "", "name_manual": "", "name_original": null, "highway": "footway", "status": "unnamed", "description": "unnamed" }, "geometry": { "type": "LineString", "coordinates": [ [ 14.4010773, 40.6376092 ], [ 14.4013042, 40.6373961 ], [ 14.401514, 40.6371991 ] ] } },
{ "type": "Feature", "properties": { "name": "", "name_manual": "", "name_original": null, "highway": "footway", "status": "unnamed", "description": "unnamed" }, "geometry": { "type": "LineString", "coordinates": [ [ 14.4011464, 40.6372838 ], [ 14.4013042, 40.6373961 ], [ 14.401525, 40.6375532 ], [ 14.4016809, 40.6376641 ], [ 14.4019307, 40.6378418 ], [ 14.401966, 40.6378669 ] ] } },
{ "type": "Feature", "properties": { "name": "", "name_manual": "", "name_original": null, "highway": "footway", "status": "unnamed", "description": "unnamed" }, "geometry": { "type": "LineString", "coordinates": [ [ 14.4015017, 40.6378293 ], [ 14.4015232, 40.6378121 ], [ 14.4016809, 40.6376641 ], [ 14.4018276, 40.6375258 ] ] } },
{ "type": "Feature", "properties": { "name": "", "name_manual": "", "name_original": null, "highway": "footway", "status": "unnamed", "description": "unnamed" }, "geometry": { "type": "LineString", "coordinates": [ [ 14.4014295, 40.6380667 ], [ 14.4013911, 40.6381018 ] ] } },
{ "type": "Feature", "properties": { "name": "", "name_manual": "", "name_original": null, "highway": "service", "status": "unnamed", "description": "unnamed" }, "geometry": { "type": "LineString", "coordinates": [ [ 14.401742, 40.638343 ], [ 14.4016378, 40.6384315 ], [ 14.4016526, 40.6384738 ], [ 14.4017743, 40.6386184 ], [ 14.4023069, 40.6392178 ], [ 14.4016035, 40.6395635 ] ] } },
{ "type": "Feature", "properties": { "name": "", "name_manual": "", "name_original": null, "highway": "footway", "status": "unnamed", "description": "unnamed" }, "geometry": { "type": "LineString", "coordinates": [ [ 14.4001388, 40.6377109 ], [ 14.4000035, 40.6377194 ], [ 14.3999957, 40.6375609 ] ] } },
{ "type": "Feature", "properties": { "name": "", "name_manual": "", "name_original": null, "highway": "service", "status": "unnamed", "description": "unnamed" }, "geometry": { "type": "LineString", "coordinates": [ [ 14.4000687, 40.6382333 ], [ 14.4000773, 40.6377638 ], [ 14.4001388, 40.6377109 ], [ 14.4001761, 40.6376876 ] ] } },
{ "type": "Feature", "properties": { "name": "", "name_manual": "", "name_original": null, "highway": "service", "status": "unnamed", "description": "unnamed" }, "geometry": { "type": "LineString", "coordinates": [ [ 14.4129051, 40.6284741 ], [ 14.4126724, 40.6283853 ], [ 14.4127516, 40.6282255 ] ] } },
{ "type": "Feature", "properties": { "name": "", "name_manual": "", "name_original": null, "highway": "service", "status": "unnamed", "description": "unnamed" }, "geometry": { "type": "LineString", "coordinates": [ [ 14.4122758, 40.6279749 ], [ 14.4124512, 40.6276458 ] ] } },
{ "type": "Feature", "properties": { "name": "", "name_manual": "", "name_original": null, "highway": "footway", "status": "unnamed", "description": "unnamed" }, "geometry": { "type": "LineString", "coordinates": [ [ 14.4115744, 40.6286025 ], [ 14.4115285, 40.6286219 ], [ 14.4115359, 40.6287561 ], [ 14.4115389, 40.6288099 ], [ 14.4115409, 40.628846 ] ] } },
{ "type": "Feature", "properties": { "name": "", "name_manual": "", "name_original": null, "highway": "service", "status": "unnamed", "description": "unnamed" }, "geometry": { "type": "LineString", "coordinates": [ [ 14.4115744, 40.6286025 ], [ 14.4113273, 40.6284499 ] ] } },
{ "type": "Feature", "properties": { "name": "", "name_manual": "", "name_original": null, "highway": "service", "status": "unnamed", "description": "unnamed" }, "geometry": { "type": "LineString", "coordinates": [ [ 14.4121367, 40.6279392 ], [ 14.4118262, 40.6278413 ], [ 14.4117987, 40.6278916 ] ] } },
{ "type": "Feature", "properties": { "name": "", "name_manual": "", "name_original": null, "highway": "footway", "status": "unnamed", "description": "unnamed" }, "geometry": { "type": "LineString", "coordinates": [ [ 14.41026, 40.6348753 ], [ 14.4103156, 40.634822 ], [ 14.4103366, 40.6348041 ], [ 14.4103609, 40.6348151 ], [ 14.4104559, 40.6348724 ], [ 14.4105801, 40.6349473 ], [ 14.4105994, 40.634959 ], [ 14.4106072, 40.6349642 ], [ 14.4105717, 40.6349973 ], [ 14.4106186, 40.6350261 ], [ 14.4106463, 40.6349994 ], [ 14.4106575, 40.6349899 ] ] } },
{ "type": "Feature", "properties": { "name": "", "name_manual": "", "name_original": null, "highway": "footway", "status": "unnamed", "description": "unnamed" }, "geometry": { "type": "LineString", "coordinates": [ [ 14.4103156, 40.634822 ], [ 14.4103105, 40.6348187 ], [ 14.4102619, 40.6347878 ], [ 14.4102132, 40.634757 ], [ 14.4102061, 40.6347511 ] ] } },
{ "type": "Feature", "properties": { "name": "", "name_manual": "", "name_original": null, "highway": "steps", "status": "unnamed", "description": "unnamed" }, "geometry": { "type": "LineString", "coordinates": [ [ 14.4101427, 40.6350231 ], [ 14.4100676, 40.6349771 ], [ 14.4100945, 40.6349518 ] ] } },
{ "type": "Feature", "properties": { "name": "", "name_manual": "", "name_original": null, "highway": "steps", "status": "unnamed", "description": "unnamed" }, "geometry": { "type": "LineString", "coordinates": [ [ 14.4101427, 40.6350231 ], [ 14.4102411, 40.6350833 ], [ 14.4102565, 40.6350688 ], [ 14.4102665, 40.6350593 ] ] } },
{ "type": "Feature", "properties": { "name": "", "name_manual": "", "name_original": null, "highway": "footway", "status": "unnamed", "description": "unnamed" }, "geometry": { "type": "LineString", "coordinates": [ [ 14.402204, 40.6373037 ], [ 14.4022558, 40.637292 ] ] } },
{ "type": "Feature", "properties": { "name": "", "name_manual": "", "name_original": null, "highway": "footway", "status": "unnamed", "description": "unnamed" }, "geometry": { "type": "LineString", "coordinates": [ [ 14.4022558, 40.637292 ], [ 14.4022978, 40.6372836 ], [ 14.4022977, 40.6372842 ] ] } },
{ "type": "Feature", "properties": { "name": "", "name_manual": "", "name_original": null, "highway": "footway", "status": "unnamed", "description": "unnamed" }, "geometry": { "type": "LineString", "coordinates": [ [ 14.4082781, 40.634321 ], [ 14.4084351, 40.6341359 ], [ 14.4084834, 40.6340728 ], [ 14.408513, 40.6340375 ], [ 14.4085369, 40.6340073 ] ] } },
{ "type": "Feature", "properties": { "name": "", "name_manual": "", "name_original": null, "highway": "footway", "status": "unnamed", "description": "unnamed" }, "geometry": { "type": "LineString", "coordinates": [ [ 14.4078103, 40.6348661 ], [ 14.4077828, 40.634852 ], [ 14.4077553, 40.6348379 ] ] } },
{ "type": "Feature", "properties": { "name": "", "name_manual": "", "name_original": null, "highway": "footway", "status": "unnamed", "description": "unnamed" }, "geometry": { "type": "LineString", "coordinates": [ [ 14.4082422, 40.6343017 ], [ 14.4082651, 40.634314 ], [ 14.4082781, 40.634321 ] ] } },
{ "type": "Feature", "properties": { "name": "", "name_manual": "", "name_original": null, "highway": "steps", "status": "unnamed", "description": "unnamed" }, "geometry": { "type": "LineString", "coordinates": [ [ 14.4078762, 40.6347905 ], [ 14.4079272, 40.6348183 ] ] } },
{ "type": "Feature", "properties": { "name": "", "name_manual": "", "name_original": null, "highway": "service", "status": "unnamed", "description": "unnamed" }, "geometry": { "type": "LineString", "coordinates": [ [ 14.4084191, 40.6341277 ], [ 14.4084351, 40.6341359 ], [ 14.4084415, 40.6341393 ], [ 14.4087301, 40.6342882 ], [ 14.4086159, 40.6344156 ] ] } },
{ "type": "Feature", "properties": { "name": "", "name_manual": "", "name_original": null, "highway": "footway", "status": "unnamed", "description": "unnamed" }, "geometry": { "type": "LineString", "coordinates": [ [ 14.417332, 40.6342534 ], [ 14.4172795, 40.6342278 ], [ 14.4172727, 40.6342245 ] ] } },
{ "type": "Feature", "properties": { "name": "", "name_manual": "", "name_original": null, "highway": "service", "status": "unnamed", "description": "unnamed" }, "geometry": { "type": "LineString", "coordinates": [ [ 14.4174031, 40.6341717 ], [ 14.4174424, 40.6341865 ], [ 14.4177217, 40.6343271 ], [ 14.4177244, 40.6344956 ] ] } },
{ "type": "Feature", "properties": { "name": "", "name_manual": "", "name_original": null, "highway": "service", "status": "unnamed", "description": "unnamed" }, "geometry": { "type": "LineString", "coordinates": [ [ 14.4174737, 40.6340823 ], [ 14.4175067, 40.6341021 ], [ 14.4175735, 40.6341373 ], [ 14.4177546, 40.6342248 ], [ 14.4178525, 40.6342513 ], [ 14.4180094, 40.6342544 ], [ 14.4180509, 40.6341872 ], [ 14.4179074, 40.6341404 ] ] } },
{ "type": "Feature", "properties": { "name": "", "name_manual": "", "name_original": null, "highway": "service", "status": "unnamed", "description": "unnamed" }, "geometry": { "type": "LineString", "coordinates": [ [ 14.417861, 40.6336216 ], [ 14.4179015, 40.6336467 ], [ 14.4179825, 40.6337185 ], [ 14.4182494, 40.6338406 ], [ 14.4181515, 40.6340147 ] ] } },
{ "type": "Feature", "properties": { "name": "", "name_manual": "", "name_original": null, "highway": "service", "status": "unnamed", "description": "unnamed" }, "geometry": { "type": "LineString", "coordinates": [ [ 14.4193935, 40.6318199 ], [ 14.4194676, 40.631842 ], [ 14.4196856, 40.63192 ], [ 14.4197635, 40.63194 ] ] } },
{ "type": "Feature", "properties": { "name": "", "name_manual": "", "name_original": null, "highway": "service", "status": "unnamed", "description": "unnamed" }, "geometry": { "type": "LineString", "coordinates": [ [ 14.4205514, 40.6316059 ], [ 14.4205106, 40.6316476 ], [ 14.4201672, 40.6319664 ] ] } },
{ "type": "Feature", "properties": { "name": "", "name_manual": "", "name_original": null, "highway": "track", "status": "unnamed", "description": "unnamed" }, "geometry": { "type": "LineString", "coordinates": [ [ 14.4203718, 40.6330293 ], [ 14.4202852, 40.6329781 ], [ 14.4202383, 40.6329079 ], [ 14.4201498, 40.6328356 ], [ 14.4199151, 40.6327257 ], [ 14.4198433, 40.6326662 ], [ 14.4199317, 40.6325036 ], [ 14.4201283, 40.63223 ], [ 14.4199982, 40.6321588 ], [ 14.4201672, 40.6319664 ], [ 14.4208136, 40.6322453 ], [ 14.4206373, 40.6325649 ], [ 14.420528, 40.6327817 ], [ 14.4203718, 40.6330293 ], [ 14.4203335, 40.6330982 ] ] } },
{ "type": "Feature", "properties": { "name": "", "name_manual": "", "name_original": null, "highway": "footway", "status": "unnamed", "description": "unnamed" }, "geometry": { "type": "LineString", "coordinates": [ [ 14.417869, 40.6334903 ], [ 14.4178775, 40.6334934 ], [ 14.4179319, 40.6335207 ] ] } },
{ "type": "Feature", "properties": { "name": "", "name_manual": "", "name_original": null, "highway": "footway", "status": "unnamed", "description": "unnamed" }, "geometry": { "type": "LineString", "coordinates": [ [ 14.4181647, 40.6332633 ], [ 14.4181261, 40.6332406 ], [ 14.4181187, 40.6332364 ] ] } },
{ "type": "Feature", "properties": { "name": "", "name_manual": "", "name_original": null, "highway": "footway", "status": "unnamed", "description": "unnamed" }, "geometry": { "type": "LineString", "coordinates": [ [ 14.4178658, 40.6333932 ], [ 14.417873, 40.6333848 ], [ 14.4179141, 40.6333369 ], [ 14.4179552, 40.633289 ], [ 14.4179619, 40.6332811 ] ] } },
{ "type": "Feature", "properties": { "name": "", "name_manual": "", "name_original": null, "highway": "footway", "status": "unnamed", "description": "unnamed" }, "geometry": { "type": "LineString", "coordinates": [ [ 14.419714, 40.6313005 ], [ 14.4197311, 40.6313095 ], [ 14.4197753, 40.6313338 ] ] } },
{ "type": "Feature", "properties": { "name": "", "name_manual": "", "name_original": null, "highway": "footway", "status": "unnamed", "description": "unnamed" }, "geometry": { "type": "LineString", "coordinates": [ [ 14.4196743, 40.6313542 ], [ 14.4196533, 40.6313872 ], [ 14.4196308, 40.631423 ] ] } },
{ "type": "Feature", "properties": { "name": "", "name_manual": "", "name_original": null, "highway": "footway", "status": "unnamed", "description": "unnamed" }, "geometry": { "type": "LineString", "coordinates": [ [ 14.4197781, 40.6312178 ], [ 14.4197644, 40.6312321 ], [ 14.419714, 40.6313005 ], [ 14.4196743, 40.6313542 ] ] } },
{ "type": "Feature", "properties": { "name": "", "name_manual": "", "name_original": null, "highway": "footway", "status": "unnamed", "description": "unnamed" }, "geometry": { "type": "LineString", "coordinates": [ [ 14.4187459, 40.6324382 ], [ 14.4186391, 40.6323817 ] ] } },
{ "type": "Feature", "properties": { "name": "", "name_manual": "", "name_original": null, "highway": "footway", "status": "unnamed", "description": "unnamed" }, "geometry": { "type": "LineString", "coordinates": [ [ 14.4187608, 40.6324448 ], [ 14.4187459, 40.6324382 ] ] } },
{ "type": "Feature", "properties": { "name": "", "name_manual": "", "name_original": null, "highway": "footway", "status": "unnamed", "description": "unnamed" }, "geometry": { "type": "LineString", "coordinates": [ [ 14.41268, 40.6329627 ], [ 14.4127212, 40.6329746 ], [ 14.4127625, 40.6329866 ] ] } },
{ "type": "Feature", "properties": { "name": "", "name_manual": "", "name_original": null, "highway": "footway", "status": "unnamed", "description": "unnamed" }, "geometry": { "type": "LineString", "coordinates": [ [ 14.4127625, 40.6329866 ], [ 14.4133743, 40.6332914 ], [ 14.4135706, 40.6333892 ], [ 14.4136706, 40.6334378 ], [ 14.4138697, 40.6335426 ] ] } },
{ "type": "Feature", "properties": { "name": "", "name_manual": "", "name_original": null, "highway": "service", "status": "unnamed", "description": "unnamed" }, "geometry": { "type": "LineString", "coordinates": [ [ 14.4131321, 40.6332026 ], [ 14.4131052, 40.6332341 ], [ 14.4131005, 40.6332398 ], [ 14.4130957, 40.6332455 ], [ 14.413089, 40.6332532 ], [ 14.4129711, 40.6333916 ], [ 14.4129306, 40.6334325 ], [ 14.4127589, 40.6333526 ] ] } },
{ "type": "Feature", "properties": { "name": "", "name_manual": "", "name_original": null, "highway": "footway", "status": "unnamed", "description": "unnamed" }, "geometry": { "type": "LineString", "coordinates": [ [ 14.4133743, 40.6332914 ], [ 14.4133694, 40.633297 ], [ 14.4133553, 40.6333128 ], [ 14.4133287, 40.6333428 ], [ 14.4133237, 40.6333484 ] ] } },
{ "type": "Feature", "properties": { "name": "", "name_manual": "", "name_original": null, "highway": "footway", "status": "unnamed", "description": "unnamed" }, "geometry": { "type": "LineString", "coordinates": [ [ 14.413512, 40.6334636 ], [ 14.4138509, 40.6336291 ], [ 14.4140446, 40.6337285 ], [ 14.414079, 40.6337461 ], [ 14.4142054, 40.6338156 ], [ 14.4145978, 40.6340359 ], [ 14.4148818, 40.634173 ], [ 14.4149067, 40.6341851 ] ] } },
{ "type": "Feature", "properties": { "name": "", "name_manual": "", "name_original": null, "highway": "footway", "status": "unnamed", "description": "unnamed" }, "geometry": { "type": "LineString", "coordinates": [ [ 14.4125185, 40.6329568 ], [ 14.4125234, 40.6329512 ], [ 14.4125471, 40.6329241 ], [ 14.4125575, 40.6329122 ], [ 14.4125624, 40.6329067 ] ] } },
{ "type": "Feature", "properties": { "name": "", "name_manual": "", "name_original": null, "highway": "footway", "status": "unnamed", "description": "unnamed" }, "geometry": { "type": "LineString", "coordinates": [ [ 14.4123586, 40.6328062 ], [ 14.4123792, 40.6328165 ], [ 14.4125415, 40.6328967 ], [ 14.412546, 40.6328989 ] ] } },
{ "type": "Feature", "properties": { "name": "", "name_manual": "", "name_original": null, "highway": "footway", "status": "unnamed", "description": "unnamed" }, "geometry": { "type": "LineString", "coordinates": [ [ 14.4125507, 40.6328933 ], [ 14.412546, 40.6328989 ], [ 14.4125624, 40.6329067 ], [ 14.41268, 40.6329627 ] ] } },
{ "type": "Feature", "properties": { "name": "", "name_manual": "", "name_original": null, "highway": "footway", "status": "unnamed", "description": "unnamed" }, "geometry": { "type": "LineString", "coordinates": [ [ 14.4126064, 40.6328264 ], [ 14.4125507, 40.6328933 ] ] } },
{ "type": "Feature", "properties": { "name": "", "name_manual": "", "name_original": null, "highway": "footway", "status": "unnamed", "description": "unnamed" }, "geometry": { "type": "LineString", "coordinates": [ [ 14.41249, 40.6327203 ], [ 14.4126155, 40.6327463 ], [ 14.4126185, 40.6327061 ], [ 14.4126918, 40.6327223 ], [ 14.4126064, 40.6328264 ] ] } },
{ "type": "Feature", "properties": { "name": "", "name_manual": "", "name_original": null, "highway": "footway", "status": "unnamed", "description": "unnamed" }, "geometry": { "type": "LineString", "coordinates": [ [ 14.4115789, 40.6325001 ], [ 14.4115696, 40.6325106 ] ] } },
{ "type": "Feature", "properties": { "name": "", "name_manual": "", "name_original": null, "highway": "footway", "status": "unnamed", "description": "unnamed" }, "geometry": { "type": "LineString", "coordinates": [ [ 14.4116166, 40.6324561 ], [ 14.4116119, 40.6324616 ], [ 14.4115947, 40.6324816 ], [ 14.4115789, 40.6325001 ] ] } },
{ "type": "Feature", "properties": { "name": "", "name_manual": "", "name_original": null, "highway": "service", "status": "unnamed", "description": "unnamed" }, "geometry": { "type": "LineString", "coordinates": [ [ 14.4123832, 40.632812 ], [ 14.4124412, 40.6327463 ] ] } },
{ "type": "Feature", "properties": { "name": "", "name_manual": "", "name_original": null, "highway": "service", "status": "unnamed", "description": "unnamed" }, "geometry": { "type": "LineString", "coordinates": [ [ 14.4123639, 40.6328338 ], [ 14.4123792, 40.6328165 ], [ 14.4123832, 40.632812 ] ] } },
{ "type": "Feature", "properties": { "name": "", "name_manual": "", "name_original": null, "highway": "service", "status": "unnamed", "description": "unnamed" }, "geometry": { "type": "LineString", "coordinates": [ [ 14.4124606, 40.6327272 ], [ 14.4126067, 40.6327969 ] ] } },
{ "type": "Feature", "properties": { "name": "", "name_manual": "", "name_original": null, "highway": "service", "status": "unnamed", "description": "unnamed" }, "geometry": { "type": "LineString", "coordinates": [ [ 14.4124412, 40.6327463 ], [ 14.4124606, 40.6327272 ], [ 14.4124538, 40.6324168 ] ] } },
{ "type": "Feature", "properties": { "name": "", "name_manual": "", "name_original": null, "highway": "footway", "status": "unnamed", "description": "unnamed" }, "geometry": { "type": "LineString", "coordinates": [ [ 14.4139378, 40.6335787 ], [ 14.4140758, 40.6336515 ], [ 14.4141355, 40.6336838 ], [ 14.414201, 40.6337191 ] ] } },
{ "type": "Feature", "properties": { "name": "", "name_manual": "", "name_original": null, "highway": "footway", "status": "unnamed", "description": "unnamed" }, "geometry": { "type": "LineString", "coordinates": [ [ 14.4138697, 40.6335426 ], [ 14.4139042, 40.6335609 ], [ 14.4139378, 40.6335787 ] ] } },
{ "type": "Feature", "properties": { "name": "", "name_manual": "", "name_original": null, "highway": "service", "status": "unnamed", "description": "unnamed" }, "geometry": { "type": "LineString", "coordinates": [ [ 14.4140776, 40.6336876 ], [ 14.4140502, 40.6337216 ], [ 14.4140446, 40.6337285 ], [ 14.4140297, 40.6337469 ], [ 14.4139934, 40.6337857 ], [ 14.4138519, 40.6339648 ], [ 14.4137916, 40.6340564 ], [ 14.4139563, 40.6341466 ], [ 14.4141832, 40.6342757 ] ] } },
{ "type": "Feature", "properties": { "name": "", "name_manual": "", "name_original": null, "highway": "footway", "status": "unnamed", "description": "unnamed" }, "geometry": { "type": "LineString", "coordinates": [ [ 14.414079, 40.6337461 ], [ 14.4140848, 40.6337397 ], [ 14.4141143, 40.6337072 ], [ 14.4141299, 40.63369 ], [ 14.4141355, 40.6336838 ] ] } },
{ "type": "Feature", "properties": { "name": "", "name_manual": "", "name_original": null, "highway": "footway", "status": "unnamed", "description": "unnamed" }, "geometry": { "type": "LineString", "coordinates": [ [ 14.4134121, 40.6333913 ], [ 14.4134515, 40.6334224 ], [ 14.4134908, 40.6334536 ], [ 14.413512, 40.6334636 ], [ 14.413518, 40.633456 ], [ 14.413549, 40.6334168 ], [ 14.413566, 40.633395 ], [ 14.4135706, 40.6333892 ] ] } },
{ "type": "Feature", "properties": { "name": "", "name_manual": "", "name_original": null, "highway": "footway", "status": "unnamed", "description": "unnamed" }, "geometry": { "type": "LineString", "coordinates": [ [ 14.4143226, 40.6337866 ], [ 14.4144805, 40.6338732 ], [ 14.4148916, 40.6334272 ], [ 14.4150199, 40.633288 ] ] } },
{ "type": "Feature", "properties": { "name": "", "name_manual": "", "name_original": null, "highway": "footway", "status": "unnamed", "description": "unnamed" }, "geometry": { "type": "LineString", "coordinates": [ [ 14.414201, 40.6337191 ], [ 14.4142298, 40.633735 ], [ 14.4142941, 40.6337707 ], [ 14.4143226, 40.6337866 ] ] } },
{ "type": "Feature", "properties": { "name": "", "name_manual": "", "name_original": null, "highway": "service", "status": "unnamed", "description": "unnamed" }, "geometry": { "type": "LineString", "coordinates": [ [ 14.4138808, 40.6335863 ], [ 14.4139042, 40.6335609 ], [ 14.4139098, 40.6335547 ], [ 14.4139945, 40.6334616 ], [ 14.4141442, 40.6335401 ] ] } },
{ "type": "Feature", "properties": { "name": "", "name_manual": "", "name_original": null, "highway": "service", "status": "unnamed", "description": "unnamed" }, "geometry": { "type": "LineString", "coordinates": [ [ 14.4144038, 40.6335065 ], [ 14.4144301, 40.6335249 ] ] } },
{ "type": "Feature", "properties": { "name": "", "name_manual": "", "name_original": null, "highway": "service", "status": "unnamed", "description": "unnamed" }, "geometry": { "type": "LineString", "coordinates": [ [ 14.4142893, 40.6334267 ], [ 14.4144038, 40.6335065 ] ] } },
{ "type": "Feature", "properties": { "name": "", "name_manual": "", "name_original": null, "highway": "service", "status": "unnamed", "description": "unnamed" }, "geometry": { "type": "LineString", "coordinates": [ [ 14.4146419, 40.6334137 ], [ 14.414269, 40.6332152 ], [ 14.4141262, 40.6333323 ], [ 14.4142893, 40.6334267 ] ] } },
{ "type": "Feature", "properties": { "name": "", "name_manual": "", "name_original": null, "highway": "service", "status": "unnamed", "description": "unnamed" }, "geometry": { "type": "LineString", "coordinates": [ [ 14.414208, 40.6337582 ], [ 14.4142298, 40.633735 ], [ 14.4144301, 40.6335249 ], [ 14.4144946, 40.6335603 ], [ 14.4142941, 40.6337707 ], [ 14.4142726, 40.6337935 ] ] } },
{ "type": "Feature", "properties": { "name": "", "name_manual": "", "name_original": null, "highway": "service", "status": "unnamed", "description": "unnamed" }, "geometry": { "type": "LineString", "coordinates": [ [ 14.4172422, 40.6343618 ], [ 14.4171942, 40.6343371 ], [ 14.4171878, 40.6343338 ], [ 14.4171801, 40.6343298 ], [ 14.4171531, 40.6343159 ], [ 14.4170827, 40.6343928 ], [ 14.4169056, 40.6343556 ] ] } },
{ "type": "Feature", "properties": { "name": "", "name_manual": "", "name_original": null, "highway": "service", "status": "unnamed", "description": "unnamed" }, "geometry": { "type": "LineString", "coordinates": [ [ 14.4172922, 40.6343014 ], [ 14.417244, 40.6342733 ], [ 14.4172376, 40.6342696 ], [ 14.4172304, 40.6342654 ], [ 14.4170263, 40.6341617 ] ] } },
{ "type": "Feature", "properties": { "name": "", "name_manual": "", "name_original": null, "highway": "track", "status": "unnamed", "description": "unnamed" }, "geometry": { "type": "LineString", "coordinates": [ [ 14.4150694, 40.6332694 ], [ 14.4152118, 40.6331633 ], [ 14.4152534, 40.6331847 ], [ 14.4152145, 40.6332529 ] ] } },
{ "type": "Feature", "properties": { "name": "", "name_manual": "", "name_original": null, "highway": "service", "status": "unnamed", "description": "unnamed" }, "geometry": { "type": "LineString", "coordinates": [ [ 14.4158459, 40.6338542 ], [ 14.4159233, 40.6338966 ], [ 14.4161449, 40.6340628 ], [ 14.4165311, 40.6343355 ], [ 14.4167447, 40.634466 ] ] } },
{ "type": "Feature", "properties": { "name": "", "name_manual": "", "name_original": null, "highway": "footway", "status": "unnamed", "description": "unnamed" }, "geometry": { "type": "LineString", "coordinates": [ [ 14.4158567, 40.6346032 ], [ 14.4158617, 40.6345951 ], [ 14.4158827, 40.634561 ], [ 14.4159037, 40.634527 ], [ 14.4159112, 40.6345148 ] ] } },
{ "type": "Feature", "properties": { "name": "", "name_manual": "", "name_original": null, "highway": "footway", "status": "unnamed", "description": "unnamed" }, "geometry": { "type": "LineString", "coordinates": [ [ 14.4167303, 40.6347966 ], [ 14.4167221, 40.6348062 ], [ 14.4166875, 40.634851 ], [ 14.4166606, 40.6348784 ], [ 14.416654, 40.634886 ] ] } },
{ "type": "Feature", "properties": { "name": "", "name_manual": "", "name_original": null, "highway": "footway", "status": "unnamed", "description": "unnamed" }, "geometry": { "type": "LineString", "coordinates": [ [ 14.4144818, 40.6355027 ], [ 14.4146822, 40.6353614 ], [ 14.4147858, 40.635293 ], [ 14.4148562, 40.6352466 ], [ 14.414927, 40.6351817 ], [ 14.4150248, 40.6350932 ], [ 14.4151158, 40.6350038 ] ] } },
{ "type": "Feature", "properties": { "name": "", "name_manual": "", "name_original": null, "highway": "footway", "status": "unnamed", "description": "unnamed" }, "geometry": { "type": "LineString", "coordinates": [ [ 14.4153375, 40.6342947 ], [ 14.4150993, 40.6341722 ], [ 14.4151177, 40.6341517 ], [ 14.4152574, 40.633996 ] ] } },
{ "type": "Feature", "properties": { "name": "", "name_manual": "", "name_original": null, "highway": "footway", "status": "unnamed", "description": "unnamed" }, "geometry": { "type": "LineString", "coordinates": [ [ 14.4154184, 40.6343333 ], [ 14.4153766, 40.6343133 ], [ 14.4153375, 40.6342947 ] ] } },
{ "type": "Feature", "properties": { "name": "", "name_manual": "", "name_original": null, "highway": "service", "status": "unnamed", "description": "unnamed" }, "geometry": { "type": "LineString", "coordinates": [ [ 14.4159289, 40.6337825 ], [ 14.4158993, 40.6337611 ], [ 14.4157362, 40.6336793 ], [ 14.4157778, 40.6336254 ] ] } },
{ "type": "Feature", "properties": { "name": "", "name_manual": "", "name_original": null, "highway": "service", "status": "unnamed", "description": "unnamed" }, "geometry": { "type": "LineString", "coordinates": [ [ 14.4160091, 40.6337157 ], [ 14.4161139, 40.6336996 ], [ 14.4161519, 40.6336966 ], [ 14.4163229, 40.6338198 ] ] } },
{ "type": "Feature", "properties": { "name": "", "name_manual": "", "name_original": null, "highway": "footway", "status": "unnamed", "description": "unnamed" }, "geometry": { "type": "LineString", "coordinates": [ [ 14.4148818, 40.634173 ], [ 14.4148907, 40.6341631 ], [ 14.4149156, 40.6341352 ], [ 14.4149405, 40.6341073 ], [ 14.4149507, 40.634096 ] ] } },
{ "type": "Feature", "properties": { "name": "", "name_manual": "", "name_original": null, "highway": "footway", "status": "unnamed", "description": "unnamed" }, "geometry": { "type": "LineString", "coordinates": [ [ 14.4150993, 40.6341722 ], [ 14.415095, 40.63417 ], [ 14.41508, 40.6341623 ], [ 14.4150323, 40.6341377 ], [ 14.4150018, 40.6341219 ], [ 14.4149971, 40.6341195 ] ] } },
{ "type": "Feature", "properties": { "name": "", "name_manual": "", "name_original": null, "highway": "footway", "status": "unnamed", "description": "unnamed" }, "geometry": { "type": "LineString", "coordinates": [ [ 14.4151794, 40.6339151 ], [ 14.4150073, 40.6341085 ], [ 14.4149971, 40.6341195 ], [ 14.4149507, 40.634096 ], [ 14.4145801, 40.6339077 ], [ 14.4145898, 40.6338959 ], [ 14.4147864, 40.6336749 ], [ 14.4150063, 40.6337879 ], [ 14.4149879, 40.6338083 ], [ 14.4151157, 40.6338736 ] ] } },
{ "type": "Feature", "properties": { "name": "", "name_manual": "", "name_original": null, "highway": "service", "status": "unnamed", "description": "unnamed" }, "geometry": { "type": "LineString", "coordinates": [ [ 14.4150506, 40.634202 ], [ 14.41508, 40.6341623 ], [ 14.4152363, 40.6339851 ] ] } },
{ "type": "Feature", "properties": { "name": "", "name_manual": "", "name_original": null, "highway": "service", "status": "unnamed", "description": "unnamed" }, "geometry": { "type": "LineString", "coordinates": [ [ 14.4149968, 40.6341754 ], [ 14.4150323, 40.6341377 ], [ 14.4152128, 40.6339331 ] ] } },
{ "type": "Feature", "properties": { "name": "", "name_manual": "", "name_original": null, "highway": "service", "status": "unnamed", "description": "unnamed" }, "geometry": { "type": "LineString", "coordinates": [ [ 14.4152099, 40.6334094 ], [ 14.4156694, 40.6336465 ] ] } },
{ "type": "Feature", "properties": { "name": "", "name_manual": "", "name_original": null, "highway": "service", "status": "unnamed", "description": "unnamed" }, "geometry": { "type": "LineString", "coordinates": [ [ 14.4148736, 40.6335289 ], [ 14.4149022, 40.6335447 ], [ 14.4150536, 40.6336281 ] ] } },
{ "type": "Feature", "properties": { "name": "", "name_manual": "", "name_original": null, "highway": "service", "status": "unnamed", "description": "unnamed" }, "geometry": { "type": "LineString", "coordinates": [ [ 14.4150043, 40.6333862 ], [ 14.4150304, 40.6334006 ], [ 14.4150611, 40.6334175 ] ] } },
{ "type": "Feature", "properties": { "name": "", "name_manual": "", "name_original": null, "highway": "footway", "status": "unnamed", "description": "unnamed" }, "geometry": { "type": "LineString", "coordinates": [ [ 14.4150176, 40.633415 ], [ 14.4149188, 40.633525 ] ] } },
{ "type": "Feature", "properties": { "name": "", "name_manual": "", "name_original": null, "highway": "footway", "status": "unnamed", "description": "unnamed" }, "geometry": { "type": "LineString", "coordinates": [ [ 14.415042, 40.6333875 ], [ 14.4150304, 40.6334006 ], [ 14.4150176, 40.633415 ] ] } },
{ "type": "Feature", "properties": { "name": "", "name_manual": "", "name_original": null, "highway": "footway", "status": "unnamed", "description": "unnamed" }, "geometry": { "type": "LineString", "coordinates": [ [ 14.4149188, 40.633525 ], [ 14.4149022, 40.6335447 ], [ 14.4148841, 40.633565 ] ] } },
{ "type": "Feature", "properties": { "name": "", "name_manual": "", "name_original": null, "highway": "footway", "status": "unnamed", "description": "unnamed" }, "geometry": { "type": "LineString", "coordinates": [ [ 14.4150862, 40.6333389 ], [ 14.4150655, 40.6333611 ], [ 14.415042, 40.6333875 ] ] } },
{ "type": "Feature", "properties": { "name": "", "name_manual": "", "name_original": null, "highway": "footway", "status": "unnamed", "description": "unnamed" }, "geometry": { "type": "LineString", "coordinates": [ [ 14.4148379, 40.633617 ], [ 14.4148343, 40.6336211 ], [ 14.4148112, 40.6336469 ], [ 14.4147882, 40.6336728 ], [ 14.4147864, 40.6336749 ] ] } },
{ "type": "Feature", "properties": { "name": "", "name_manual": "", "name_original": null, "highway": "footway", "status": "unnamed", "description": "unnamed" }, "geometry": { "type": "LineString", "coordinates": [ [ 14.4148841, 40.633565 ], [ 14.4148379, 40.633617 ], [ 14.414991, 40.6336973 ], [ 14.4154312, 40.6339259 ], [ 14.4154262, 40.6339314 ], [ 14.4154021, 40.6339586 ] ] } },
{ "type": "Feature", "properties": { "name": "", "name_manual": "", "name_original": null, "highway": "service", "status": "unnamed", "description": "unnamed" }, "geometry": { "type": "LineString", "coordinates": [ [ 14.4155502, 40.6340341 ], [ 14.4156869, 40.6338871 ], [ 14.415707, 40.6338597 ], [ 14.4157157, 40.6338138 ], [ 14.415698, 40.6337692 ], [ 14.4156191, 40.6337194 ] ] } },
{ "type": "Feature", "properties": { "name": "", "name_manual": "", "name_original": null, "highway": "service", "status": "unnamed", "description": "unnamed" }, "geometry": { "type": "LineString", "coordinates": [ [ 14.4156043, 40.6340632 ], [ 14.4155502, 40.6340341 ], [ 14.4154021, 40.6339586 ], [ 14.4153674, 40.6339409 ] ] } },
{ "type": "Feature", "properties": { "name": "", "name_manual": "", "name_original": null, "highway": "footway", "status": "unnamed", "description": "unnamed" }, "geometry": { "type": "LineString", "coordinates": [ [ 14.4144805, 40.6338732 ], [ 14.4145447, 40.6338955 ], [ 14.4145801, 40.6339077 ] ] } },
{ "type": "Feature", "properties": { "name": "", "name_manual": "", "name_original": null, "highway": "service", "status": "unnamed", "description": "unnamed" }, "geometry": { "type": "LineString", "coordinates": [ [ 14.4149406, 40.6334552 ], [ 14.4149018, 40.633434 ], [ 14.4148916, 40.6334272 ], [ 14.4148802, 40.6334199 ], [ 14.4148586, 40.633406 ], [ 14.4149388, 40.6333256 ], [ 14.4149213, 40.6333135 ] ] } },
{ "type": "Feature", "properties": { "name": "", "name_manual": "", "name_original": null, "highway": "service", "status": "unnamed", "description": "unnamed" }, "geometry": { "type": "LineString", "coordinates": [ [ 14.4150631, 40.6333242 ], [ 14.4150694, 40.6332694 ], [ 14.4150766, 40.6332341 ], [ 14.4150133, 40.6330422 ], [ 14.4146888, 40.6328224 ], [ 14.414615, 40.6327929 ], [ 14.4145909, 40.6327343 ], [ 14.4145399, 40.6326402 ], [ 14.4144843, 40.6325664 ] ] } },
{ "type": "Feature", "properties": { "name": "", "name_manual": "", "name_original": null, "highway": "service", "status": "unnamed", "description": "unnamed" }, "geometry": { "type": "LineString", "coordinates": [ [ 14.4147811, 40.6336309 ], [ 14.4148112, 40.6336469 ], [ 14.4148675, 40.6336768 ], [ 14.4151671, 40.6338359 ] ] } },
{ "type": "Feature", "properties": { "name": "", "name_manual": "", "name_original": null, "highway": "footway", "status": "unnamed", "description": "unnamed" }, "geometry": { "type": "LineString", "coordinates": [ [ 14.4144657, 40.6355141 ], [ 14.4144735, 40.6355085 ], [ 14.4144818, 40.6355027 ] ] } },
{ "type": "Feature", "properties": { "name": "", "name_manual": "", "name_original": null, "highway": "footway", "status": "unnamed", "description": "unnamed" }, "geometry": { "type": "LineString", "coordinates": [ [ 14.4142911, 40.635638 ], [ 14.4143199, 40.6356169 ], [ 14.4144657, 40.6355141 ] ] } },
{ "type": "Feature", "properties": { "name": "", "name_manual": "", "name_original": null, "highway": "service", "status": "unnamed", "description": "unnamed" }, "geometry": { "type": "LineString", "coordinates": [ [ 14.4154362, 40.6345904 ], [ 14.4154625, 40.6346071 ], [ 14.4154672, 40.6346101 ], [ 14.4156202, 40.6347072 ] ] } },
{ "type": "Feature", "properties": { "name": "", "name_manual": "", "name_original": null, "highway": "footway", "status": "unnamed", "description": "unnamed" }, "geometry": { "type": "LineString", "coordinates": [ [ 14.4151331, 40.6349869 ], [ 14.4151614, 40.6349591 ], [ 14.4153007, 40.6348005 ], [ 14.4154254, 40.6346509 ], [ 14.4154442, 40.6346288 ] ] } },
{ "type": "Feature", "properties": { "name": "", "name_manual": "", "name_original": null, "highway": "footway", "status": "unnamed", "description": "unnamed" }, "geometry": { "type": "LineString", "coordinates": [ [ 14.4151158, 40.6350038 ], [ 14.415125, 40.6349948 ], [ 14.4151331, 40.6349869 ] ] } },
{ "type": "Feature", "properties": { "name": "", "name_manual": "", "name_original": null, "highway": "service", "status": "unnamed", "description": "unnamed" }, "geometry": { "type": "LineString", "coordinates": [ [ 14.4151008, 40.6349805 ], [ 14.415125, 40.6349948 ], [ 14.4151296, 40.6349976 ], [ 14.4153473, 40.6351266 ] ] } },
{ "type": "Feature", "properties": { "name": "", "name_manual": "", "name_original": null, "highway": "footway", "status": "unnamed", "description": "unnamed" }, "geometry": { "type": "LineString", "coordinates": [ [ 14.4154815, 40.634585 ], [ 14.41556, 40.6344977 ], [ 14.4157738, 40.6345738 ], [ 14.4158567, 40.6346032 ], [ 14.416168, 40.6347236 ], [ 14.416654, 40.634886 ], [ 14.4166756, 40.6348937 ] ] } },
{ "type": "Feature", "properties": { "name": "", "name_manual": "", "name_original": null, "highway": "footway", "status": "unnamed", "description": "unnamed" }, "geometry": { "type": "LineString", "coordinates": [ [ 14.4154442, 40.6346288 ], [ 14.4154625, 40.6346071 ], [ 14.4154815, 40.634585 ] ] } },
{ "type": "Feature", "properties": { "name": "", "name_manual": "", "name_original": null, "highway": "service", "status": "unnamed", "description": "unnamed" }, "geometry": { "type": "LineString", "coordinates": [ [ 14.4140865, 40.6357534 ], [ 14.4146512, 40.6361433 ], [ 14.4148108, 40.6361087 ] ] } },
{ "type": "Feature", "properties": { "name": "", "name_manual": "", "name_original": null, "highway": "footway", "status": "unnamed", "description": "unnamed" }, "geometry": { "type": "LineString", "coordinates": [ [ 14.4142551, 40.6356644 ], [ 14.4142731, 40.6356512 ], [ 14.4142911, 40.635638 ] ] } },
{ "type": "Feature", "properties": { "name": "", "name_manual": "", "name_original": null, "highway": "footway", "status": "unnamed", "description": "unnamed" }, "geometry": { "type": "LineString", "coordinates": [ [ 14.4141254, 40.6357594 ], [ 14.4142551, 40.6356644 ] ] } },
{ "type": "Feature", "properties": { "name": "", "name_manual": "", "name_original": null, "highway": "service", "status": "unnamed", "description": "unnamed" }, "geometry": { "type": "LineString", "coordinates": [ [ 14.4142537, 40.6356375 ], [ 14.4142731, 40.6356512 ], [ 14.4142774, 40.6356549 ], [ 14.4149329, 40.6360817 ] ] } },
{ "type": "Feature", "properties": { "name": "", "name_manual": "", "name_original": null, "highway": "footway", "status": "unnamed", "description": "unnamed" }, "geometry": { "type": "LineString", "coordinates": [ [ 14.4147384, 40.6352552 ], [ 14.4147425, 40.6352585 ], [ 14.4147726, 40.6352825 ], [ 14.4147817, 40.6352898 ], [ 14.4147858, 40.635293 ] ] } },
{ "type": "Feature", "properties": { "name": "", "name_manual": "", "name_original": null, "highway": "service", "status": "unnamed", "description": "unnamed" }, "geometry": { "type": "LineString", "coordinates": [ [ 14.4144593, 40.6354973 ], [ 14.4144735, 40.6355085 ], [ 14.4144776, 40.6355118 ], [ 14.4145989, 40.6356074 ] ] } },
{ "type": "Feature", "properties": { "name": "", "name_manual": "", "name_original": null, "highway": "footway", "status": "unnamed", "description": "unnamed" }, "geometry": { "type": "LineString", "coordinates": [ [ 14.4141543, 40.6356658 ], [ 14.4141929, 40.6356365 ], [ 14.4142314, 40.6356072 ] ] } },
{ "type": "Feature", "properties": { "name": "", "name_manual": "", "name_original": null, "highway": "footway", "status": "unnamed", "description": "unnamed" }, "geometry": { "type": "LineString", "coordinates": [ [ 14.4152, 40.6348011 ], [ 14.4151807, 40.634823 ], [ 14.4151613, 40.6348449 ] ] } },
{ "type": "Feature", "properties": { "name": "", "name_manual": "", "name_original": null, "highway": "footway", "status": "unnamed", "description": "unnamed" }, "geometry": { "type": "LineString", "coordinates": [ [ 14.4154265, 40.6345358 ], [ 14.4154099, 40.6345535 ], [ 14.4152387, 40.6347572 ], [ 14.4152, 40.6348011 ] ] } },
{ "type": "Feature", "properties": { "name": "", "name_manual": "", "name_original": null, "highway": "footway", "status": "unnamed", "description": "unnamed" }, "geometry": { "type": "LineString", "coordinates": [ [ 14.4151613, 40.6348449 ], [ 14.4151226, 40.6348887 ], [ 14.4149742, 40.6350478 ], [ 14.4149423, 40.635082 ], [ 14.4147384, 40.6352552 ], [ 14.4147115, 40.6352781 ], [ 14.4142314, 40.6356072 ] ] } },
{ "type": "Feature", "properties": { "name": "", "name_manual": "", "name_original": null, "highway": "footway", "status": "unnamed", "description": "unnamed" }, "geometry": { "type": "LineString", "coordinates": [ [ 14.4122949, 40.6350718 ], [ 14.4127051, 40.6353122 ], [ 14.4127279, 40.6353259 ], [ 14.4127507, 40.6353397 ], [ 14.413252, 40.6356483 ], [ 14.4135634, 40.6357756 ], [ 14.4136676, 40.6358194 ], [ 14.4137483, 40.6358322 ], [ 14.4138828, 40.6358175 ], [ 14.4139701, 40.6357883 ], [ 14.4140251, 40.6357594 ], [ 14.4141543, 40.6356658 ] ] } },
{ "type": "Feature", "properties": { "name": "", "name_manual": "", "name_original": null, "highway": "service", "status": "unnamed", "description": "unnamed" }, "geometry": { "type": "LineString", "coordinates": [ [ 14.4149735, 40.6341638 ], [ 14.4146512, 40.6345729 ], [ 14.4148385, 40.6346616 ], [ 14.4151438, 40.6348042 ], [ 14.4151807, 40.634823 ], [ 14.4152255, 40.6348454 ] ] } },
{ "type": "Feature", "properties": { "name": "", "name_manual": "", "name_original": null, "highway": "service", "status": "unnamed", "description": "unnamed" }, "geometry": { "type": "LineString", "coordinates": [ [ 14.4145592, 40.6349693 ], [ 14.4142583, 40.635301 ] ] } },
{ "type": "Feature", "properties": { "name": "", "name_manual": "", "name_original": null, "highway": "service", "status": "unnamed", "description": "unnamed" }, "geometry": { "type": "LineString", "coordinates": [ [ 14.4141616, 40.6348983 ], [ 14.4142458, 40.6348055 ], [ 14.4145592, 40.6349693 ], [ 14.4148385, 40.6346616 ] ] } },
{ "type": "Feature", "properties": { "name": "", "name_manual": "", "name_original": null, "highway": "service", "status": "unnamed", "description": "unnamed" }, "geometry": { "type": "LineString", "coordinates": [ [ 14.4138426, 40.6352827 ], [ 14.4139967, 40.6351129 ], [ 14.4139765, 40.6351023 ], [ 14.4141616, 40.6348983 ], [ 14.4139519, 40.6347887 ], [ 14.4140416, 40.6346898 ] ] } },
{ "type": "Feature", "properties": { "name": "", "name_manual": "", "name_original": null, "highway": "service", "status": "unnamed", "description": "unnamed" }, "geometry": { "type": "LineString", "coordinates": [ [ 14.4146512, 40.6345729 ], [ 14.4144045, 40.6346533 ], [ 14.4141899, 40.6345485 ] ] } },
{ "type": "Feature", "properties": { "name": "", "name_manual": "", "name_original": null, "highway": "service", "status": "unnamed", "description": "unnamed" }, "geometry": { "type": "LineString", "coordinates": [ [ 14.412702, 40.6353512 ], [ 14.4127279, 40.6353259 ], [ 14.4127336, 40.6353208 ], [ 14.4127928, 40.6352706 ], [ 14.4128823, 40.6351932 ], [ 14.4129829, 40.6351612 ], [ 14.4130822, 40.6351286 ], [ 14.4131921, 40.6351194 ], [ 14.4133021, 40.6351245 ], [ 14.413404, 40.6351377 ], [ 14.413455, 40.6351683 ], [ 14.4141396, 40.635603 ], [ 14.4141929, 40.6356365 ], [ 14.4142233, 40.6356572 ] ] } },
{ "type": "Feature", "properties": { "name": "", "name_manual": "", "name_original": null, "highway": "steps", "status": "unnamed", "description": "unnamed" }, "geometry": { "type": "LineString", "coordinates": [ [ 14.4130844, 40.616706 ], [ 14.4132727, 40.6166292 ], [ 14.4133407, 40.6165996 ] ] } },
{ "type": "Feature", "properties": { "name": "", "name_manual": "", "name_original": null, "highway": "service", "status": "unnamed", "description": "unnamed" }, "geometry": { "type": "LineString", "coordinates": [ [ 14.404864, 40.6346565 ], [ 14.4051475, 40.6344248 ], [ 14.4051898, 40.6343877 ], [ 14.4055586, 40.6346121 ], [ 14.4056484, 40.6345286 ], [ 14.4058858, 40.634657 ], [ 14.4059783, 40.6347156 ], [ 14.4059978, 40.6347283 ] ] } },
{ "type": "Feature", "properties": { "name": "", "name_manual": "", "name_original": null, "highway": "service", "status": "unnamed", "description": "unnamed" }, "geometry": { "type": "LineString", "coordinates": [ [ 14.4049893, 40.6347355 ], [ 14.4049626, 40.6347205 ], [ 14.404864, 40.6346565 ], [ 14.4047512, 40.6345831 ] ] } },
{ "type": "Feature", "properties": { "name": "", "name_manual": "", "name_original": null, "highway": "service", "status": "unnamed", "description": "unnamed" }, "geometry": { "type": "LineString", "coordinates": [ [ 14.4045415, 40.6362655 ], [ 14.4045053, 40.6362388 ], [ 14.4044944, 40.6362308 ], [ 14.4044827, 40.6362221 ], [ 14.4042242, 40.6360313 ] ] } },
{ "type": "Feature", "properties": { "name": "", "name_manual": "", "name_original": null, "highway": "service", "status": "unnamed", "description": "unnamed" }, "geometry": { "type": "LineString", "coordinates": [ [ 14.404255, 40.6353376 ], [ 14.4042191, 40.6353133 ], [ 14.4039065, 40.6351013 ], [ 14.4037458, 40.6352377 ] ] } },
{ "type": "Feature", "properties": { "name": "", "name_manual": "", "name_original": null, "highway": "footway", "status": "unnamed", "description": "unnamed" }, "geometry": { "type": "LineString", "coordinates": [ [ 14.4023764, 40.6381562 ], [ 14.4024051, 40.6381994 ], [ 14.4024168, 40.6382172 ], [ 14.4024256, 40.6382317 ], [ 14.4026003, 40.6385175 ] ] } },
{ "type": "Feature", "properties": { "name": "", "name_manual": "", "name_original": null, "highway": "service", "status": "unnamed", "description": "unnamed" }, "geometry": { "type": "LineString", "coordinates": [ [ 14.4027236, 40.636724 ], [ 14.402687, 40.6366941 ], [ 14.4025464, 40.6365793 ], [ 14.402303, 40.6367747 ] ] } },
{ "type": "Feature", "properties": { "name": "", "name_manual": "", "name_original": null, "highway": "service", "status": "unnamed", "description": "unnamed" }, "geometry": { "type": "LineString", "coordinates": [ [ 14.4038543, 40.637042 ], [ 14.4038181, 40.6370117 ], [ 14.4038077, 40.6370029 ], [ 14.4037981, 40.6369948 ], [ 14.4036233, 40.636848 ] ] } },
{ "type": "Feature", "properties": { "name": "", "name_manual": "", "name_original": null, "highway": "service", "status": "unnamed", "description": "unnamed" }, "geometry": { "type": "LineString", "coordinates": [ [ 14.4035696, 40.637319 ], [ 14.4035241, 40.637287 ], [ 14.4035133, 40.6372794 ], [ 14.4035024, 40.6372717 ], [ 14.4034801, 40.6372561 ], [ 14.4033647, 40.6373505 ] ] } },
{ "type": "Feature", "properties": { "name": "", "name_manual": "", "name_original": null, "highway": "footway", "status": "unnamed", "description": "unnamed" }, "geometry": { "type": "LineString", "coordinates": [ [ 14.4025611, 40.638077 ], [ 14.4026105, 40.6381152 ], [ 14.4026461, 40.6381423 ] ] } },
{ "type": "Feature", "properties": { "name": "", "name_manual": "", "name_original": null, "highway": "footway", "status": "unnamed", "description": "unnamed" }, "geometry": { "type": "LineString", "coordinates": [ [ 14.4039385, 40.6370058 ], [ 14.4039289, 40.6370005 ], [ 14.4039052, 40.6369875 ], [ 14.4038618, 40.6369638 ], [ 14.4038499, 40.6369573 ] ] } },
{ "type": "Feature", "properties": { "name": "", "name_manual": "", "name_original": null, "highway": "footway", "status": "unnamed", "description": "unnamed" }, "geometry": { "type": "LineString", "coordinates": [ [ 14.4039996, 40.6369414 ], [ 14.4039385, 40.6370058 ], [ 14.403854, 40.6370949 ], [ 14.4036871, 40.6372725 ], [ 14.4036024, 40.63735 ], [ 14.4035433, 40.6374013 ], [ 14.4032284, 40.637675 ], [ 14.4031336, 40.6377501 ], [ 14.4030499, 40.6378164 ], [ 14.4029932, 40.6378621 ], [ 14.402787, 40.6380288 ], [ 14.4026461, 40.6381423 ], [ 14.4025991, 40.6381801 ], [ 14.4025759, 40.6382093 ], [ 14.4025721, 40.6382349 ], [ 14.4025743, 40.6382614 ], [ 14.4025872, 40.6382891 ], [ 14.402658, 40.6383803 ] ] } },
{ "type": "Feature", "properties": { "name": "", "name_manual": "", "name_original": null, "highway": "footway", "status": "unnamed", "description": "unnamed" }, "geometry": { "type": "LineString", "coordinates": [ [ 14.4040395, 40.6368889 ], [ 14.4040208, 40.6369134 ], [ 14.4039996, 40.6369414 ] ] } },
{ "type": "Feature", "properties": { "name": "", "name_manual": "", "name_original": null, "highway": "footway", "status": "unnamed", "description": "unnamed" }, "geometry": { "type": "LineString", "coordinates": [ [ 14.4039627, 40.6368354 ], [ 14.4040853, 40.6366678 ], [ 14.4040936, 40.6366565 ] ] } },
{ "type": "Feature", "properties": { "name": "", "name_manual": "", "name_original": null, "highway": "footway", "status": "unnamed", "description": "unnamed" }, "geometry": { "type": "LineString", "coordinates": [ [ 14.4023764, 40.6381562 ], [ 14.4024209, 40.6381358 ], [ 14.4024722, 40.6381123 ], [ 14.4025224, 40.6381101 ], [ 14.4025611, 40.638077 ], [ 14.4030288, 40.6376771 ], [ 14.4034373, 40.637345 ], [ 14.4035133, 40.6372794 ], [ 14.4037054, 40.6371134 ], [ 14.4038077, 40.6370029 ], [ 14.4038499, 40.6369573 ], [ 14.4039627, 40.6368354 ] ] } },
{ "type": "Feature", "properties": { "name": "", "name_manual": "", "name_original": null, "highway": "service", "status": "unnamed", "description": "unnamed" }, "geometry": { "type": "LineString", "coordinates": [ [ 14.4048851, 40.6386074 ], [ 14.4048322, 40.6385729 ], [ 14.4040914, 40.6381898 ], [ 14.4038969, 40.6381756 ], [ 14.4031423, 40.6377562 ], [ 14.4031336, 40.6377501 ], [ 14.4031248, 40.6377441 ], [ 14.4030925, 40.6377239 ] ] } },
{ "type": "Feature", "properties": { "name": "", "name_manual": "", "name_original": null, "highway": "footway", "status": "unnamed", "description": "unnamed" }, "geometry": { "type": "LineString", "coordinates": [ [ 14.4072584, 40.6305693 ], [ 14.407276, 40.6305764 ], [ 14.4072874, 40.6305887 ], [ 14.4072845, 40.6306062 ], [ 14.4072787, 40.6306119 ], [ 14.4070778, 40.6308059 ], [ 14.4068749, 40.6308574 ], [ 14.4068087, 40.6308497 ], [ 14.4067096, 40.6308385 ], [ 14.4066874, 40.6308367 ], [ 14.4066101, 40.6308274 ], [ 14.4062339, 40.6307883 ], [ 14.4062313, 40.630782 ], [ 14.4060938, 40.6307684 ], [ 14.4059799, 40.6307583 ], [ 14.405338, 40.6306955 ], [ 14.4049943, 40.6306507 ], [ 14.404987, 40.6306568 ], [ 14.4046738, 40.6306175 ], [ 14.4046371, 40.6306131 ], [ 14.4043797, 40.6305822 ] ] } },
{ "type": "Feature", "properties": { "name": "", "name_manual": "", "name_original": null, "highway": "footway", "status": "unnamed", "description": "unnamed" }, "geometry": { "type": "LineString", "coordinates": [ [ 14.4072936, 40.6305051 ], [ 14.4072795, 40.6305308 ], [ 14.4072584, 40.6305693 ] ] } },
{ "type": "Feature", "properties": { "name": "", "name_manual": "", "name_original": null, "highway": "footway", "status": "unnamed", "description": "unnamed" }, "geometry": { "type": "LineString", "coordinates": [ [ 14.4043797, 40.6305822 ], [ 14.4043695, 40.6306073 ], [ 14.4043497, 40.6306482 ] ] } },
{ "type": "Feature", "properties": { "name": "", "name_manual": "", "name_original": null, "highway": "steps", "status": "unnamed", "description": "unnamed" }, "geometry": { "type": "LineString", "coordinates": [ [ 14.4046738, 40.6306175 ], [ 14.4047047, 40.6304909 ], [ 14.4047106, 40.6304915 ], [ 14.404768, 40.6304973 ] ] } },
{ "type": "Feature", "properties": { "name": "", "name_manual": "", "name_original": null, "highway": "footway", "status": "unnamed", "description": "unnamed" }, "geometry": { "type": "LineString", "coordinates": [ [ 14.4072787, 40.6306119 ], [ 14.4072996, 40.630626 ] ] } },
{ "type": "Feature", "properties": { "name": "", "name_manual": "", "name_original": null, "highway": "footway", "status": "unnamed", "description": "unnamed" }, "geometry": { "type": "LineString", "coordinates": [ [ 14.4062192, 40.6308571 ], [ 14.4062243, 40.6308238 ], [ 14.4062301, 40.6307898 ], [ 14.4062313, 40.630782 ] ] } },
{ "type": "Feature", "properties": { "name": "", "name_manual": "", "name_original": null, "highway": "service", "status": "unnamed", "description": "unnamed" }, "geometry": { "type": "LineString", "coordinates": [ [ 14.4067721, 40.6289208 ], [ 14.406673, 40.6291929 ] ] } },
{ "type": "Feature", "properties": { "name": "", "name_manual": "", "name_original": null, "highway": "service", "status": "unnamed", "description": "unnamed" }, "geometry": { "type": "LineString", "coordinates": [ [ 14.4058666, 40.6291474 ], [ 14.4057699, 40.6294173 ] ] } },
{ "type": "Feature", "properties": { "name": "", "name_manual": "", "name_original": null, "highway": "service", "status": "unnamed", "description": "unnamed" }, "geometry": { "type": "LineString", "coordinates": [ [ 14.4067972, 40.6295379 ], [ 14.4066918, 40.6298129 ] ] } },
{ "type": "Feature", "properties": { "name": "", "name_manual": "", "name_original": null, "highway": "service", "status": "unnamed", "description": "unnamed" }, "geometry": { "type": "LineString", "coordinates": [ [ 14.4055802, 40.6300993 ], [ 14.4057168, 40.6302377 ], [ 14.4057624, 40.6302683 ], [ 14.4058261, 40.6303492 ] ] } },
{ "type": "Feature", "properties": { "name": "", "name_manual": "", "name_original": null, "highway": "service", "status": "unnamed", "description": "unnamed" }, "geometry": { "type": "LineString", "coordinates": [ [ 14.4057329, 40.63034 ], [ 14.4057168, 40.6302377 ] ] } },
{ "type": "Feature", "properties": { "name": "", "name_manual": "", "name_original": null, "highway": "service", "status": "unnamed", "description": "unnamed" }, "geometry": { "type": "LineString", "coordinates": [ [ 14.4056772, 40.6300013 ], [ 14.4056501, 40.6299581 ], [ 14.4055867, 40.6298591 ] ] } },
{ "type": "Feature", "properties": { "name": "", "name_manual": "", "name_original": null, "highway": "service", "status": "unnamed", "description": "unnamed" }, "geometry": { "type": "LineString", "coordinates": [ [ 14.4073611, 40.6305572 ], [ 14.4072795, 40.6305308 ], [ 14.4072254, 40.6305133 ], [ 14.4068339, 40.630399 ], [ 14.4066113, 40.6303349 ], [ 14.4061842, 40.6302138 ], [ 14.4060145, 40.6301532 ], [ 14.4056772, 40.6300013 ], [ 14.4056391, 40.6300304 ], [ 14.4055802, 40.6300993 ], [ 14.4055602, 40.6301194 ], [ 14.4050892, 40.6300214 ], [ 14.4048424, 40.6304311 ] ] } },
{ "type": "Feature", "properties": { "name": "", "name_manual": "", "name_original": null, "highway": "service", "status": "unnamed", "description": "unnamed" }, "geometry": { "type": "LineString", "coordinates": [ [ 14.4064434, 40.6282253 ], [ 14.4064236, 40.6282558 ], [ 14.4063538, 40.6283695 ] ] } },
{ "type": "Feature", "properties": { "name": "", "name_manual": "", "name_original": null, "highway": "service", "status": "unnamed", "description": "unnamed" }, "geometry": { "type": "LineString", "coordinates": [ [ 14.4059421, 40.628397 ], [ 14.406146, 40.6285029 ], [ 14.4062184, 40.6284357 ], [ 14.4062747, 40.6284001 ], [ 14.4063538, 40.6283695 ], [ 14.4064356, 40.6283726 ], [ 14.4065255, 40.6284102 ], [ 14.406551, 40.6284652 ], [ 14.4065429, 40.6285415 ], [ 14.4065067, 40.6286596 ], [ 14.4064008, 40.6286545 ] ] } },
{ "type": "Feature", "properties": { "name": "", "name_manual": "", "name_original": null, "highway": "service", "status": "unnamed", "description": "unnamed" }, "geometry": { "type": "LineString", "coordinates": [ [ 14.4027584, 40.629736 ], [ 14.4027778, 40.6297843 ], [ 14.4027627, 40.6298099 ], [ 14.4026396, 40.6299334 ], [ 14.4026396, 40.6299497 ], [ 14.4026705, 40.6299578 ], [ 14.4027188, 40.6299527 ], [ 14.4028489, 40.6298667 ], [ 14.4029226, 40.6298606 ], [ 14.4029836, 40.6298749 ], [ 14.4030279, 40.6299054 ], [ 14.4030527, 40.629939 ] ] } },
{ "type": "Feature", "properties": { "name": "", "name_manual": "", "name_original": null, "highway": "service", "status": "unnamed", "description": "unnamed" }, "geometry": { "type": "LineString", "coordinates": [ [ 14.4039247, 40.6287196 ], [ 14.4038377, 40.6286618 ], [ 14.4036535, 40.6285502 ], [ 14.4034182, 40.628428 ], [ 14.4033229, 40.6285202 ] ] } },
{ "type": "Feature", "properties": { "name": "", "name_manual": "", "name_original": null, "highway": "service", "status": "unnamed", "description": "unnamed" }, "geometry": { "type": "LineString", "coordinates": [ [ 14.4036166, 40.6290225 ], [ 14.4035472, 40.6289577 ], [ 14.4034034, 40.6288504 ] ] } },
{ "type": "Feature", "properties": { "name": "", "name_manual": "", "name_original": null, "highway": "service", "status": "unnamed", "description": "unnamed" }, "geometry": { "type": "LineString", "coordinates": [ [ 14.4032636, 40.6293138 ], [ 14.4032327, 40.6292858 ], [ 14.4029997, 40.629081 ] ] } },
{ "type": "Feature", "properties": { "name": "", "name_manual": "", "name_original": null, "highway": "service", "status": "unnamed", "description": "unnamed" }, "geometry": { "type": "LineString", "coordinates": [ [ 14.4033606, 40.6292409 ], [ 14.4033749, 40.6292563 ], [ 14.403506, 40.6293909 ], [ 14.4035456, 40.6294454 ], [ 14.4034993, 40.6294917 ] ] } },
{ "type": "Feature", "properties": { "name": "", "name_manual": "", "name_original": null, "highway": "footway", "status": "unnamed", "description": "unnamed" }, "geometry": { "type": "LineString", "coordinates": [ [ 14.4091217, 40.6342407 ], [ 14.4091451, 40.634257 ], [ 14.4091795, 40.634281 ], [ 14.4092195, 40.6342995 ] ] } },
{ "type": "Feature", "properties": { "name": "", "name_manual": "", "name_original": null, "highway": "footway", "status": "unnamed", "description": "unnamed" }, "geometry": { "type": "LineString", "coordinates": [ [ 14.4095238, 40.6344144 ], [ 14.4095684, 40.6344351 ], [ 14.4097624, 40.6345159 ], [ 14.4098546, 40.6345613 ] ] } },
{ "type": "Feature", "properties": { "name": "", "name_manual": "", "name_original": null, "highway": "footway", "status": "unnamed", "description": "unnamed" }, "geometry": { "type": "LineString", "coordinates": [ [ 14.4094659, 40.6344087 ], [ 14.4095238, 40.6344144 ] ] } },
{ "type": "Feature", "properties": { "name": "", "name_manual": "", "name_original": null, "highway": "footway", "status": "unnamed", "description": "unnamed" }, "geometry": { "type": "LineString", "coordinates": [ [ 14.4099091, 40.6345929 ], [ 14.4101881, 40.6347479 ], [ 14.4102061, 40.6347511 ], [ 14.4102229, 40.6347514 ], [ 14.410238, 40.6347483 ], [ 14.4102508, 40.6347417 ] ] } },
{ "type": "Feature", "properties": { "name": "", "name_manual": "", "name_original": null, "highway": "footway", "status": "unnamed", "description": "unnamed" }, "geometry": { "type": "LineString", "coordinates": [ [ 14.4098546, 40.6345613 ], [ 14.4099091, 40.6345929 ] ] } },
{ "type": "Feature", "properties": { "name": "", "name_manual": "", "name_original": null, "highway": "footway", "status": "unnamed", "description": "unnamed" }, "geometry": { "type": "LineString", "coordinates": [ [ 14.4092195, 40.6342995 ], [ 14.4093175, 40.6343462 ], [ 14.4093877, 40.6343786 ], [ 14.4094575, 40.6344061 ], [ 14.4094659, 40.6344087 ] ] } },
{ "type": "Feature", "properties": { "name": "", "name_manual": "", "name_original": null, "highway": "footway", "status": "unnamed", "description": "unnamed" }, "geometry": { "type": "LineString", "coordinates": [ [ 14.4107434, 40.6349588 ], [ 14.4107454, 40.6349571 ], [ 14.4107702, 40.6349335 ], [ 14.4107962, 40.6349088 ] ] } },
{ "type": "Feature", "properties": { "name": "", "name_manual": "", "name_original": null, "highway": "footway", "status": "unnamed", "description": "unnamed" }, "geometry": { "type": "LineString", "coordinates": [ [ 14.4107071, 40.6349364 ], [ 14.4106466, 40.6349431 ], [ 14.4105801, 40.6349473 ] ] } },
{ "type": "Feature", "properties": { "name": "", "name_manual": "", "name_original": null, "highway": "footway", "status": "unnamed", "description": "unnamed" }, "geometry": { "type": "LineString", "coordinates": [ [ 14.4107434, 40.6349588 ], [ 14.4107071, 40.6349364 ] ] } },
{ "type": "Feature", "properties": { "name": "", "name_manual": "", "name_original": null, "highway": "footway", "status": "unnamed", "description": "unnamed" }, "geometry": { "type": "LineString", "coordinates": [ [ 14.4104559, 40.6348724 ], [ 14.4104428, 40.6348851 ], [ 14.4104618, 40.6348965 ] ] } },
{ "type": "Feature", "properties": { "name": "", "name_manual": "", "name_original": null, "highway": "steps", "status": "unnamed", "description": "unnamed" }, "geometry": { "type": "LineString", "coordinates": [ [ 14.4104075, 40.6349997 ], [ 14.4104015, 40.6350063 ], [ 14.4103865, 40.6350204 ] ] } },
{ "type": "Feature", "properties": { "name": "", "name_manual": "", "name_original": null, "highway": "footway", "status": "unnamed", "description": "unnamed" }, "geometry": { "type": "LineString", "coordinates": [ [ 14.4105769, 40.6351393 ], [ 14.4105954, 40.6351192 ], [ 14.4105551, 40.6350936 ], [ 14.4104075, 40.6349997 ] ] } },
{ "type": "Feature", "properties": { "name": "", "name_manual": "", "name_original": null, "highway": "footway", "status": "unnamed", "description": "unnamed" }, "geometry": { "type": "LineString", "coordinates": [ [ 14.4104618, 40.6348965 ], [ 14.4104944, 40.6349159 ], [ 14.4104266, 40.6349813 ], [ 14.4104075, 40.6349997 ], [ 14.4102472, 40.6349039 ], [ 14.4103304, 40.6348237 ], [ 14.4103437, 40.6348317 ], [ 14.4103554, 40.6348204 ], [ 14.4103609, 40.6348151 ] ] } },
{ "type": "Feature", "properties": { "name": "", "name_manual": "", "name_original": null, "highway": "footway", "status": "unnamed", "description": "unnamed" }, "geometry": { "type": "LineString", "coordinates": [ [ 14.4108949, 40.635452 ], [ 14.4102665, 40.6350593 ], [ 14.4100945, 40.6349518 ], [ 14.4097986, 40.6347669 ] ] } },
{ "type": "Feature", "properties": { "name": "", "name_manual": "", "name_original": null, "highway": "footway", "status": "unnamed", "description": "unnamed" }, "geometry": { "type": "LineString", "coordinates": [ [ 14.4108861, 40.6353373 ], [ 14.4105934, 40.6351499 ], [ 14.4105769, 40.6351393 ], [ 14.4105341, 40.6351119 ], [ 14.4103865, 40.6350204 ], [ 14.4098487, 40.634687 ] ] } },
{ "type": "Feature", "properties": { "name": "", "name_manual": "", "name_original": null, "highway": "steps", "status": "unnamed", "description": "unnamed" }, "geometry": { "type": "LineString", "coordinates": [ [ 14.4102998, 40.6348734 ], [ 14.4103437, 40.6348317 ] ] } },
{ "type": "Feature", "properties": { "name": "", "name_manual": "", "name_original": null, "highway": "footway", "status": "unnamed", "description": "unnamed" }, "geometry": { "type": "LineString", "coordinates": [ [ 14.4101427, 40.6350231 ], [ 14.4102998, 40.6348734 ] ] } },
{ "type": "Feature", "properties": { "name": "", "name_manual": "", "name_original": null, "highway": "service", "status": "unnamed", "description": "unnamed" }, "geometry": { "type": "LineString", "coordinates": [ [ 14.4106713, 40.63491 ], [ 14.4106466, 40.6349431 ], [ 14.4106434, 40.6349596 ], [ 14.4106464, 40.6349743 ], [ 14.4106575, 40.6349899 ], [ 14.4106594, 40.6349916 ], [ 14.4107551, 40.6350554 ], [ 14.4108617, 40.6351299 ], [ 14.4109523, 40.6352103 ], [ 14.4111884, 40.6354354 ], [ 14.4112866, 40.6355384 ], [ 14.4113709, 40.6356023 ] ] } },
{ "type": "Feature", "properties": { "name": "", "name_manual": "", "name_original": null, "highway": "path", "status": "unnamed", "description": "unnamed" }, "geometry": { "type": "LineString", "coordinates": [ [ 14.4375301, 40.6286606 ], [ 14.4376035, 40.628535 ], [ 14.4376604, 40.6284652 ], [ 14.4376122, 40.6284453 ], [ 14.4374677, 40.628412 ], [ 14.4374265, 40.628308 ], [ 14.4374283, 40.6281561 ], [ 14.4373932, 40.6280264 ], [ 14.4375027, 40.6279699 ], [ 14.4376648, 40.6279034 ], [ 14.4378312, 40.6277804 ], [ 14.4378444, 40.6277339 ], [ 14.4377791, 40.6276247 ] ] } },
{ "type": "Feature", "properties": { "name": "", "name_manual": "", "name_original": null, "highway": "path", "status": "unnamed", "description": "unnamed" }, "geometry": { "type": "LineString", "coordinates": [ [ 14.4320239, 40.6189034 ], [ 14.4318399, 40.6188594 ], [ 14.4316792, 40.6187376 ], [ 14.4315714, 40.6188517 ], [ 14.4314405, 40.6189743 ], [ 14.4313503, 40.6190185 ], [ 14.4311119, 40.6189674 ] ] } },
{ "type": "Feature", "properties": { "name": "", "name_manual": "", "name_original": null, "highway": "steps", "status": "unnamed", "description": "unnamed" }, "geometry": { "type": "LineString", "coordinates": [ [ 14.4127272, 40.6294873 ], [ 14.4128862, 40.6295447 ], [ 14.4128955, 40.6295432 ] ] } },
{ "type": "Feature", "properties": { "name": "", "name_manual": "", "name_original": null, "highway": "service", "status": "unnamed", "description": "unnamed" }, "geometry": { "type": "LineString", "coordinates": [ [ 14.4301264, 40.6180484 ], [ 14.430091, 40.6181832 ], [ 14.429867, 40.6186906 ] ] } },
{ "type": "Feature", "properties": { "name": "", "name_manual": "", "name_original": null, "highway": "service", "status": "unnamed", "description": "unnamed" }, "geometry": { "type": "LineString", "coordinates": [ [ 14.4249521, 40.6190266 ], [ 14.4249402, 40.6190518 ], [ 14.4249165, 40.6191024 ] ] } },
{ "type": "Feature", "properties": { "name": "", "name_manual": "", "name_original": null, "highway": "residential", "status": "unnamed", "description": "unnamed" }, "geometry": { "type": "LineString", "coordinates": [ [ 14.40871, 40.6267176 ], [ 14.4087101, 40.6267904 ], [ 14.4086927, 40.6270494 ], [ 14.4086742, 40.6270801 ], [ 14.408501, 40.6272452 ] ] } },
{ "type": "Feature", "properties": { "name": "", "name_manual": "", "name_original": null, "highway": "service", "status": "unnamed", "description": "unnamed" }, "geometry": { "type": "LineString", "coordinates": [ [ 14.4317615, 40.6181247 ], [ 14.4319107, 40.6180997 ], [ 14.4319369, 40.6181023 ], [ 14.4320418, 40.6181368 ], [ 14.4322062, 40.6182171 ], [ 14.4322858, 40.6183014 ], [ 14.432396, 40.6183492 ], [ 14.4327055, 40.6184687 ] ] } },
{ "type": "Feature", "properties": { "name": "", "name_manual": "", "name_original": null, "highway": "service", "status": "unnamed", "description": "unnamed" }, "geometry": { "type": "LineString", "coordinates": [ [ 14.4321, 40.61778 ], [ 14.4320235, 40.6177678 ], [ 14.4318066, 40.6177545 ] ] } },
{ "type": "Feature", "properties": { "name": "", "name_manual": "", "name_original": null, "highway": "service", "status": "unnamed", "description": "unnamed" }, "geometry": { "type": "LineString", "coordinates": [ [ 14.4250687, 40.6246622 ], [ 14.4261246, 40.62456 ], [ 14.4261786, 40.6245678 ], [ 14.426291, 40.6245785 ], [ 14.4263923, 40.6245695 ], [ 14.4264699, 40.6245274 ], [ 14.4264411, 40.6244808 ] ] } },
{ "type": "Feature", "properties": { "name": "", "name_manual": "", "name_original": null, "highway": "steps", "status": "unnamed", "description": "unnamed" }, "geometry": { "type": "LineString", "coordinates": [ [ 14.4260206, 40.6230201 ], [ 14.4261481, 40.6229957 ] ] } },
{ "type": "Feature", "properties": { "name": "", "name_manual": "", "name_original": null, "highway": "steps", "status": "unnamed", "description": "unnamed" }, "geometry": { "type": "LineString", "coordinates": [ [ 14.4262664, 40.622993 ], [ 14.4263318, 40.6229974 ] ] } },
{ "type": "Feature", "properties": { "name": "", "name_manual": "", "name_original": null, "highway": "footway", "status": "unnamed", "description": "unnamed" }, "geometry": { "type": "LineString", "coordinates": [ [ 14.4261481, 40.6229957 ], [ 14.4262664, 40.622993 ] ] } },
{ "type": "Feature", "properties": { "name": "", "name_manual": "", "name_original": null, "highway": "service", "status": "unnamed", "description": "unnamed" }, "geometry": { "type": "LineString", "coordinates": [ [ 14.4260333, 40.6231525 ], [ 14.4260211, 40.6230398 ], [ 14.4260206, 40.6230201 ] ] } },
{ "type": "Feature", "properties": { "name": "", "name_manual": "", "name_original": null, "highway": "service", "status": "unnamed", "description": "unnamed" }, "geometry": { "type": "LineString", "coordinates": [ [ 14.4230676, 40.6294305 ], [ 14.4230876, 40.6293992 ] ] } },
{ "type": "Feature", "properties": { "name": "", "name_manual": "", "name_original": null, "highway": "steps", "status": "unnamed", "description": "unnamed" }, "geometry": { "type": "LineString", "coordinates": [ [ 14.4231229, 40.6295676 ], [ 14.4231217, 40.6295352 ] ] } },
{ "type": "Feature", "properties": { "name": "", "name_manual": "", "name_original": null, "highway": "footway", "status": "unnamed", "description": "unnamed" }, "geometry": { "type": "LineString", "coordinates": [ [ 14.4230855, 40.6296269 ], [ 14.4231229, 40.6295676 ] ] } },
{ "type": "Feature", "properties": { "name": "", "name_manual": "", "name_original": null, "highway": "steps", "status": "unnamed", "description": "unnamed" }, "geometry": { "type": "LineString", "coordinates": [ [ 14.4230794, 40.6296795 ], [ 14.4230855, 40.6296269 ] ] } },
{ "type": "Feature", "properties": { "name": "", "name_manual": "", "name_original": null, "highway": "footway", "status": "unnamed", "description": "unnamed" }, "geometry": { "type": "LineString", "coordinates": [ [ 14.4231217, 40.6295352 ], [ 14.4230676, 40.6294305 ] ] } },
{ "type": "Feature", "properties": { "name": "", "name_manual": "", "name_original": null, "highway": "service", "status": "unnamed", "description": "unnamed" }, "geometry": { "type": "LineString", "coordinates": [ [ 14.4206958, 40.6345619 ], [ 14.4208281, 40.6344988 ], [ 14.4208893, 40.6344973 ] ] } },
{ "type": "Feature", "properties": { "name": "", "name_manual": "", "name_original": null, "highway": "steps", "status": "unnamed", "description": "unnamed" }, "geometry": { "type": "LineString", "coordinates": [ [ 14.4206284, 40.6346037 ], [ 14.420639, 40.6346117 ], [ 14.4207488, 40.634559 ], [ 14.420759, 40.6345674 ], [ 14.4206735, 40.6346154 ] ] } },
{ "type": "Feature", "properties": { "name": "", "name_manual": "", "name_original": null, "highway": "service", "status": "unnamed", "description": "unnamed" }, "geometry": { "type": "LineString", "coordinates": [ [ 14.4203003, 40.6348868 ], [ 14.4203102, 40.6348775 ], [ 14.4204056, 40.6347973 ], [ 14.4205714, 40.634639 ], [ 14.4206284, 40.6346037 ], [ 14.4206774, 40.6345733 ], [ 14.4206958, 40.6345619 ] ] } },
{ "type": "Feature", "properties": { "name": "", "name_manual": "", "name_original": null, "highway": "service", "status": "unnamed", "description": "unnamed" }, "geometry": { "type": "LineString", "coordinates": [ [ 14.4178048, 40.6284334 ], [ 14.4179088, 40.6284906 ], [ 14.4179678, 40.6284917 ], [ 14.4180697, 40.628512 ], [ 14.4182467, 40.6285487 ], [ 14.4182964, 40.6285415 ] ] } },
{ "type": "Feature", "properties": { "name": "", "name_manual": "", "name_original": null, "highway": "service", "status": "unnamed", "description": "unnamed" }, "geometry": { "type": "LineString", "coordinates": [ [ 14.4178107, 40.6286461 ], [ 14.4184298, 40.6289772 ] ] } },
{ "type": "Feature", "properties": { "name": "", "name_manual": "", "name_original": null, "highway": "service", "status": "unnamed", "description": "unnamed" }, "geometry": { "type": "LineString", "coordinates": [ [ 14.4177782, 40.6281895 ], [ 14.4177864, 40.6282645 ], [ 14.4178048, 40.6284334 ], [ 14.4178107, 40.6286461 ], [ 14.417825, 40.6288627 ] ] } },
{ "type": "Feature", "properties": { "name": "", "name_manual": "", "name_original": null, "highway": "footway", "status": "unnamed", "description": "unnamed" }, "geometry": { "type": "LineString", "coordinates": [ [ 14.4186409, 40.6281255 ], [ 14.4185903, 40.6281805 ] ] } },
{ "type": "Feature", "properties": { "name": "", "name_manual": "", "name_original": null, "highway": "footway", "status": "unnamed", "description": "unnamed" }, "geometry": { "type": "LineString", "coordinates": [ [ 14.4186785, 40.6280998 ], [ 14.418682, 40.6281083 ], [ 14.4186802, 40.628117 ], [ 14.4186735, 40.6281243 ], [ 14.4186633, 40.6281286 ], [ 14.4186517, 40.628129 ], [ 14.4186409, 40.6281255 ], [ 14.4186326, 40.6281177 ], [ 14.4186305, 40.6281078 ], [ 14.418635, 40.6280984 ], [ 14.4186451, 40.628092 ], [ 14.4186581, 40.6280901 ], [ 14.4186705, 40.6280934 ], [ 14.4186785, 40.6280998 ] ] } },
{ "type": "Feature", "properties": { "name": "", "name_manual": "", "name_original": null, "highway": "footway", "status": "unnamed", "description": "unnamed" }, "geometry": { "type": "LineString", "coordinates": [ [ 14.4194943, 40.6283753 ], [ 14.4193377, 40.6281792 ] ] } },
{ "type": "Feature", "properties": { "name": "", "name_manual": "", "name_original": null, "highway": "footway", "status": "unnamed", "description": "unnamed" }, "geometry": { "type": "LineString", "coordinates": [ [ 14.4197099, 40.6286454 ], [ 14.4195274, 40.6284168 ] ] } },
{ "type": "Feature", "properties": { "name": "", "name_manual": "", "name_original": null, "highway": "footway", "status": "unnamed", "description": "unnamed" }, "geometry": { "type": "LineString", "coordinates": [ [ 14.4195377, 40.6283865 ], [ 14.4196166, 40.6283559 ] ] } },
{ "type": "Feature", "properties": { "name": "", "name_manual": "", "name_original": null, "highway": "footway", "status": "unnamed", "description": "unnamed" }, "geometry": { "type": "LineString", "coordinates": [ [ 14.419361, 40.6284548 ], [ 14.4194806, 40.6284086 ] ] } },
{ "type": "Feature", "properties": { "name": "", "name_manual": "", "name_original": null, "highway": "footway", "status": "unnamed", "description": "unnamed" }, "geometry": { "type": "LineString", "coordinates": [ [ 14.41953, 40.6283788 ], [ 14.4195377, 40.6283865 ], [ 14.4195398, 40.628403 ], [ 14.4195274, 40.6284168 ], [ 14.419515, 40.6284208 ], [ 14.4195016, 40.6284207 ], [ 14.4194894, 40.6284163 ], [ 14.4194806, 40.6284086 ], [ 14.4194768, 40.6283961 ], [ 14.4194818, 40.6283839 ], [ 14.4194943, 40.6283753 ], [ 14.4195065, 40.6283727 ], [ 14.4195191, 40.628374 ], [ 14.41953, 40.6283788 ] ] } },
{ "type": "Feature", "properties": { "name": "", "name_manual": "", "name_original": null, "highway": "footway", "status": "unnamed", "description": "unnamed" }, "geometry": { "type": "LineString", "coordinates": [ [ 14.4192424, 40.6289067 ], [ 14.4195272, 40.6287707 ] ] } },
{ "type": "Feature", "properties": { "name": "", "name_manual": "", "name_original": null, "highway": "footway", "status": "unnamed", "description": "unnamed" }, "geometry": { "type": "LineString", "coordinates": [ [ 14.4191188, 40.6287541 ], [ 14.4191565, 40.6288006 ], [ 14.4192424, 40.6289067 ], [ 14.4194738, 40.629192 ], [ 14.4196395, 40.629397 ] ] } },
{ "type": "Feature", "properties": { "name": "", "name_manual": "", "name_original": null, "highway": "footway", "status": "unnamed", "description": "unnamed" }, "geometry": { "type": "LineString", "coordinates": [ [ 14.4197459, 40.6290563 ], [ 14.4194738, 40.629192 ], [ 14.4191935, 40.6293318 ] ] } },
{ "type": "Feature", "properties": { "name": "", "name_manual": "", "name_original": null, "highway": "footway", "status": "unnamed", "description": "unnamed" }, "geometry": { "type": "LineString", "coordinates": [ [ 14.4191565, 40.6288006 ], [ 14.4194335, 40.6286799 ], [ 14.4195272, 40.6287707 ], [ 14.4197459, 40.6290563 ], [ 14.4198438, 40.6291902 ], [ 14.4196395, 40.629397 ], [ 14.4192995, 40.6294586 ], [ 14.4191935, 40.6293318 ], [ 14.4189314, 40.6290184 ], [ 14.4187443, 40.6287731 ], [ 14.4188446, 40.6286556 ] ] } },
{ "type": "Feature", "properties": { "name": "", "name_manual": "", "name_original": null, "highway": "footway", "status": "unnamed", "description": "unnamed" }, "geometry": { "type": "LineString", "coordinates": [ [ 14.4194661, 40.6281688 ], [ 14.4196166, 40.6283559 ], [ 14.419826, 40.6286163 ], [ 14.4197146, 40.6286698 ], [ 14.4197099, 40.6286454 ], [ 14.4195612, 40.6287066 ] ] } },
{ "type": "Feature", "properties": { "name": "", "name_manual": "", "name_original": null, "highway": "footway", "status": "unnamed", "description": "unnamed" }, "geometry": { "type": "LineString", "coordinates": [ [ 14.4191537, 40.6281942 ], [ 14.419361, 40.6284548 ], [ 14.4195612, 40.6287066 ], [ 14.4195751, 40.628733 ], [ 14.4199081, 40.6291477 ] ] } },
{ "type": "Feature", "properties": { "name": "", "name_manual": "", "name_original": null, "highway": "steps", "status": "unnamed", "description": "unnamed" }, "geometry": { "type": "LineString", "coordinates": [ [ 14.4185724, 40.6282422 ], [ 14.4185676, 40.6281684 ] ] } },
{ "type": "Feature", "properties": { "name": "", "name_manual": "", "name_original": null, "highway": "footway", "status": "unnamed", "description": "unnamed" }, "geometry": { "type": "LineString", "coordinates": [ [ 14.4181289, 40.6280069 ], [ 14.4185724, 40.6282422 ], [ 14.4188573, 40.6283934 ], [ 14.4188784, 40.6284294 ], [ 14.4190258, 40.6284537 ], [ 14.4190507, 40.6284947 ] ] } },
{ "type": "Feature", "properties": { "name": "", "name_manual": "", "name_original": null, "highway": "footway", "status": "unnamed", "description": "unnamed" }, "geometry": { "type": "LineString", "coordinates": [ [ 14.4191086, 40.6281979 ], [ 14.4189493, 40.6283709 ] ] } },
{ "type": "Feature", "properties": { "name": "", "name_manual": "", "name_original": null, "highway": "footway", "status": "unnamed", "description": "unnamed" }, "geometry": { "type": "LineString", "coordinates": [ [ 14.4187191, 40.6280405 ], [ 14.4186705, 40.6280934 ] ] } },
{ "type": "Feature", "properties": { "name": "", "name_manual": "", "name_original": null, "highway": "footway", "status": "unnamed", "description": "unnamed" }, "geometry": { "type": "LineString", "coordinates": [ [ 14.4183748, 40.6278579 ], [ 14.4182459, 40.6279977 ] ] } },
{ "type": "Feature", "properties": { "name": "", "name_manual": "", "name_original": null, "highway": "footway", "status": "unnamed", "description": "unnamed" }, "geometry": { "type": "LineString", "coordinates": [ [ 14.4183748, 40.6278579 ], [ 14.4187191, 40.6280405 ], [ 14.419028, 40.6282044 ], [ 14.4191086, 40.6281979 ], [ 14.4191537, 40.6281942 ], [ 14.4193377, 40.6281792 ], [ 14.4194661, 40.6281688 ] ] } },
{ "type": "Feature", "properties": { "name": "", "name_manual": "", "name_original": null, "highway": "footway", "status": "unnamed", "description": "unnamed" }, "geometry": { "type": "LineString", "coordinates": [ [ 14.4181843, 40.6277432 ], [ 14.4182079, 40.6277894 ], [ 14.4182176, 40.6278405 ], [ 14.4182146, 40.627856 ], [ 14.418171, 40.6279156 ], [ 14.4181643, 40.6279385 ], [ 14.418173, 40.627959 ], [ 14.4182459, 40.6279977 ], [ 14.4185676, 40.6281684 ], [ 14.4185903, 40.6281805 ], [ 14.4189493, 40.6283709 ] ] } },
{ "type": "Feature", "properties": { "name": "", "name_manual": "", "name_original": null, "highway": "footway", "status": "unnamed", "description": "unnamed" }, "geometry": { "type": "LineString", "coordinates": [ [ 14.4187999, 40.6285275 ], [ 14.4188446, 40.6286556 ], [ 14.4188648, 40.6287135 ], [ 14.4189885, 40.6287743 ], [ 14.4191188, 40.6287541 ], [ 14.419198, 40.6286614 ], [ 14.4191757, 40.6285562 ], [ 14.4190507, 40.6284947 ], [ 14.4187999, 40.6285275 ] ] } },
{ "type": "Feature", "properties": { "name": "", "name_manual": "", "name_original": null, "highway": "steps", "status": "unnamed", "description": "unnamed" }, "geometry": { "type": "LineString", "coordinates": [ [ 14.4188591, 40.6285588 ], [ 14.4188947, 40.6285776 ] ] } },
{ "type": "Feature", "properties": { "name": "", "name_manual": "", "name_original": null, "highway": "footway", "status": "unnamed", "description": "unnamed" }, "geometry": { "type": "LineString", "coordinates": [ [ 14.4185579, 40.6283998 ], [ 14.4184995, 40.6284723 ], [ 14.4185284, 40.6286352 ], [ 14.4186538, 40.6287764 ], [ 14.418796, 40.6289513 ], [ 14.4188603, 40.6290281 ], [ 14.4187389, 40.6290896 ] ] } },
{ "type": "Feature", "properties": { "name": "", "name_manual": "", "name_original": null, "highway": "footway", "status": "unnamed", "description": "unnamed" }, "geometry": { "type": "LineString", "coordinates": [ [ 14.4178619, 40.628104 ], [ 14.4178987, 40.6281222 ], [ 14.4179376, 40.6280779 ], [ 14.4180257, 40.6281189 ], [ 14.4185579, 40.6283998 ], [ 14.4187999, 40.6285275 ], [ 14.4188591, 40.6285588 ] ] } },
{ "type": "Feature", "properties": { "name": "", "name_manual": "", "name_original": null, "highway": "service", "status": "unnamed", "description": "unnamed" }, "geometry": { "type": "LineString", "coordinates": [ [ 14.4194511, 40.6251507 ], [ 14.4188905, 40.6255796 ], [ 14.4186035, 40.6254361 ] ] } },
{ "type": "Feature", "properties": { "name": "", "name_manual": "", "name_original": null, "highway": "service", "status": "unnamed", "description": "unnamed" }, "geometry": { "type": "LineString", "coordinates": [ [ 14.4186018, 40.6272259 ], [ 14.4185475, 40.6271766 ], [ 14.4184332, 40.6271461 ], [ 14.418228, 40.6269954 ], [ 14.4181555, 40.6269618 ], [ 14.4178297, 40.6269333 ], [ 14.4175749, 40.627027 ] ] } },
{ "type": "Feature", "properties": { "name": "", "name_manual": "", "name_original": null, "highway": "service", "status": "unnamed", "description": "unnamed" }, "geometry": { "type": "LineString", "coordinates": [ [ 14.4192745, 40.6154317 ], [ 14.4192606, 40.6153884 ], [ 14.4194271, 40.6151461 ], [ 14.4194446, 40.6151213 ] ] } },
{ "type": "Feature", "properties": { "name": "", "name_manual": "", "name_original": null, "highway": "footway", "status": "unnamed", "description": "unnamed" }, "geometry": { "type": "LineString", "coordinates": [ [ 14.4081341, 40.6330076 ], [ 14.4081145, 40.6329981 ], [ 14.4080824, 40.6329826 ], [ 14.4080503, 40.632967 ], [ 14.4080354, 40.6329598 ] ] } },
{ "type": "Feature", "properties": { "name": "", "name_manual": "", "name_original": null, "highway": "footway", "status": "unnamed", "description": "unnamed" }, "geometry": { "type": "LineString", "coordinates": [ [ 14.4081802, 40.6329443 ], [ 14.4082931, 40.6328041 ], [ 14.4084159, 40.6326735 ] ] } },
{ "type": "Feature", "properties": { "name": "", "name_manual": "", "name_original": null, "highway": "footway", "status": "unnamed", "description": "unnamed" }, "geometry": { "type": "LineString", "coordinates": [ [ 14.408118, 40.6330297 ], [ 14.4081341, 40.6330076 ], [ 14.4081802, 40.6329443 ] ] } },
{ "type": "Feature", "properties": { "name": "", "name_manual": "", "name_original": null, "highway": "footway", "status": "unnamed", "description": "unnamed" }, "geometry": { "type": "LineString", "coordinates": [ [ 14.4084159, 40.6326735 ], [ 14.4084298, 40.6326588 ], [ 14.4084427, 40.6326452 ] ] } },
{ "type": "Feature", "properties": { "name": "", "name_manual": "", "name_original": null, "highway": "footway", "status": "unnamed", "description": "unnamed" }, "geometry": { "type": "LineString", "coordinates": [ [ 14.4075977, 40.6336536 ], [ 14.407619, 40.6336283 ], [ 14.4079308, 40.6332592 ], [ 14.408118, 40.6330297 ] ] } },
{ "type": "Feature", "properties": { "name": "", "name_manual": "", "name_original": null, "highway": "footway", "status": "unnamed", "description": "unnamed" }, "geometry": { "type": "LineString", "coordinates": [ [ 14.4085308, 40.6339767 ], [ 14.4085537, 40.6339871 ], [ 14.4086863, 40.6340534 ], [ 14.4088016, 40.6340998 ], [ 14.408912, 40.6341511 ], [ 14.4091217, 40.6342407 ] ] } },
{ "type": "Feature", "properties": { "name": "", "name_manual": "", "name_original": null, "highway": "footway", "status": "unnamed", "description": "unnamed" }, "geometry": { "type": "LineString", "coordinates": [ [ 14.4085369, 40.6340073 ], [ 14.4085537, 40.6339871 ] ] } },
{ "type": "Feature", "properties": { "name": "", "name_manual": "", "name_original": null, "highway": "service", "status": "unnamed", "description": "unnamed" }, "geometry": { "type": "LineString", "coordinates": [ [ 14.4091924, 40.6332327 ], [ 14.4095081, 40.633431 ] ] } },
{ "type": "Feature", "properties": { "name": "", "name_manual": "", "name_original": null, "highway": "service", "status": "unnamed", "description": "unnamed" }, "geometry": { "type": "LineString", "coordinates": [ [ 14.4323028, 40.6189927 ], [ 14.4321567, 40.6193021 ] ] } },
{ "type": "Feature", "properties": { "name": "", "name_manual": "", "name_original": null, "highway": "path", "status": "unnamed", "description": "unnamed" }, "geometry": { "type": "LineString", "coordinates": [ [ 14.4335068, 40.6194989 ], [ 14.4333221, 40.6196288 ], [ 14.4332054, 40.6197836 ] ] } },
{ "type": "Feature", "properties": { "name": "", "name_manual": "", "name_original": null, "highway": "path", "status": "unnamed", "description": "unnamed" }, "geometry": { "type": "LineString", "coordinates": [ [ 14.4329514, 40.6196527 ], [ 14.4329558, 40.6196482 ], [ 14.4329638, 40.6196496 ] ] } },
{ "type": "Feature", "properties": { "name": "", "name_manual": "", "name_original": null, "highway": "service", "status": "unnamed", "description": "unnamed" }, "geometry": { "type": "LineString", "coordinates": [ [ 14.4327659, 40.6196877 ], [ 14.4326676, 40.6199515 ], [ 14.432622, 40.6200432 ] ] } },
{ "type": "Feature", "properties": { "name": "", "name_manual": "", "name_original": null, "highway": "service", "status": "unnamed", "description": "unnamed" }, "geometry": { "type": "LineString", "coordinates": [ [ 14.4327051, 40.6196694 ], [ 14.4325416, 40.6197571 ], [ 14.4323786, 40.6198497 ] ] } },
{ "type": "Feature", "properties": { "name": "", "name_manual": "", "name_original": null, "highway": "track", "status": "unnamed", "description": "unnamed" }, "geometry": { "type": "LineString", "coordinates": [ [ 14.4328643, 40.6194535 ], [ 14.4332524, 40.6193886 ] ] } },
{ "type": "Feature", "properties": { "name": "", "name_manual": "", "name_original": null, "highway": "service", "status": "unnamed", "description": "unnamed" }, "geometry": { "type": "LineString", "coordinates": [ [ 14.4329571, 40.6196514 ], [ 14.4329514, 40.6196527 ], [ 14.4328252, 40.6196803 ], [ 14.4327659, 40.6196877 ], [ 14.4327051, 40.6196694 ], [ 14.4328643, 40.6194535 ], [ 14.4327167, 40.6192412 ] ] } },
{ "type": "Feature", "properties": { "name": "", "name_manual": "", "name_original": null, "highway": "service", "status": "unnamed", "description": "unnamed" }, "geometry": { "type": "LineString", "coordinates": [ [ 14.4327167, 40.6192412 ], [ 14.432536, 40.619129 ], [ 14.432494, 40.619064 ], [ 14.4323028, 40.6189927 ], [ 14.4321854, 40.618949 ], [ 14.4321419, 40.6189163 ], [ 14.4320239, 40.6189034 ] ] } },
{ "type": "Feature", "properties": { "name": "", "name_manual": "", "name_original": null, "highway": "steps", "status": "unnamed", "description": "unnamed" }, "geometry": { "type": "LineString", "coordinates": [ [ 14.4315714, 40.6188517 ], [ 14.4317088, 40.6188511 ], [ 14.4318399, 40.6188594 ] ] } },
{ "type": "Feature", "properties": { "name": "", "name_manual": "", "name_original": null, "highway": "service", "status": "unnamed", "description": "unnamed" }, "geometry": { "type": "LineString", "coordinates": [ [ 14.4310455, 40.6185839 ], [ 14.4311065, 40.6186217 ] ] } },
{ "type": "Feature", "properties": { "name": "", "name_manual": "", "name_original": null, "highway": "service", "status": "unnamed", "description": "unnamed" }, "geometry": { "type": "LineString", "coordinates": [ [ 14.4235374, 40.6178484 ], [ 14.4236326, 40.6177425 ], [ 14.4238378, 40.6176652 ], [ 14.4242133, 40.6175776 ], [ 14.424786, 40.6174768 ], [ 14.4248609, 40.617462 ] ] } },
{ "type": "Feature", "properties": { "name": "", "name_manual": "", "name_original": null, "highway": "service", "status": "unnamed", "description": "unnamed" }, "geometry": { "type": "LineString", "coordinates": [ [ 14.4248609, 40.617462 ], [ 14.4249402, 40.6174463 ], [ 14.4250422, 40.6173812 ] ] } },
{ "type": "Feature", "properties": { "name": "", "name_manual": "", "name_original": null, "highway": "service", "status": "unnamed", "description": "unnamed" }, "geometry": { "type": "LineString", "coordinates": [ [ 14.4200245, 40.6182002 ], [ 14.420078, 40.6182709 ], [ 14.4201417, 40.6183584 ], [ 14.4201799, 40.6184444 ], [ 14.4201793, 40.6185223 ], [ 14.4202054, 40.6185864 ], [ 14.4202363, 40.6186918 ], [ 14.4202336, 40.6187758 ], [ 14.4202115, 40.6188526 ], [ 14.4201028, 40.6188633 ], [ 14.4198064, 40.6188348 ], [ 14.4197662, 40.6188521 ], [ 14.4197072, 40.6190181 ], [ 14.4196536, 40.6191718 ] ] } },
{ "type": "Feature", "properties": { "name": "", "name_manual": "", "name_original": null, "highway": "service", "status": "unnamed", "description": "unnamed" }, "geometry": { "type": "LineString", "coordinates": [ [ 14.4196184, 40.6181067 ], [ 14.4195731, 40.6180449 ], [ 14.4195594, 40.6180233 ], [ 14.4195221, 40.6179645 ] ] } },
{ "type": "Feature", "properties": { "name": "", "name_manual": "", "name_original": null, "highway": "service", "status": "unnamed", "description": "unnamed" }, "geometry": { "type": "LineString", "coordinates": [ [ 14.4190245, 40.617826 ], [ 14.4190393, 40.6177568 ], [ 14.4191064, 40.6175537 ], [ 14.4192848, 40.6170849 ] ] } },
{ "type": "Feature", "properties": { "name": "", "name_manual": "", "name_original": null, "highway": "service", "status": "unnamed", "description": "unnamed" }, "geometry": { "type": "LineString", "coordinates": [ [ 14.4186404, 40.6182235 ], [ 14.418747, 40.6181401 ], [ 14.4188455, 40.6180876 ], [ 14.4189428, 40.6179695 ], [ 14.4190118, 40.617884 ], [ 14.4190245, 40.617826 ] ] } },
{ "type": "Feature", "properties": { "name": "", "name_manual": "", "name_original": null, "highway": "service", "status": "unnamed", "description": "unnamed" }, "geometry": { "type": "LineString", "coordinates": [ [ 14.4161881, 40.6167035 ], [ 14.4161935, 40.616678 ], [ 14.4162002, 40.6166517 ] ] } },
{ "type": "Feature", "properties": { "name": "", "name_manual": "", "name_original": null, "highway": "service", "status": "unnamed", "description": "unnamed" }, "geometry": { "type": "LineString", "coordinates": [ [ 14.4162249, 40.6167153 ], [ 14.4162384, 40.6166909 ], [ 14.4162861, 40.6165413 ] ] } },
{ "type": "Feature", "properties": { "name": "", "name_manual": "", "name_original": null, "highway": "path", "status": "unnamed", "description": "unnamed" }, "geometry": { "type": "LineString", "coordinates": [ [ 14.447437, 40.624393 ], [ 14.4474319, 40.624465 ], [ 14.447407, 40.6245533 ], [ 14.4473749, 40.6244752 ], [ 14.4473252, 40.6244156 ], [ 14.4472783, 40.624324 ], [ 14.4471663, 40.6242411 ] ] } },
{ "type": "Feature", "properties": { "name": "", "name_manual": "", "name_original": null, "highway": "path", "status": "unnamed", "description": "unnamed" }, "geometry": { "type": "LineString", "coordinates": [ [ 14.447434, 40.62191 ], [ 14.4475224, 40.6219671 ], [ 14.4476565, 40.6220582 ], [ 14.4477973, 40.6221742 ] ] } },
{ "type": "Feature", "properties": { "name": "", "name_manual": "", "name_original": null, "highway": "path", "status": "unnamed", "description": "unnamed" }, "geometry": { "type": "LineString", "coordinates": [ [ 14.445162, 40.622163 ], [ 14.4450688, 40.6221503 ], [ 14.4449253, 40.6221707 ] ] } },
{ "type": "Feature", "properties": { "name": "", "name_manual": "", "name_original": null, "highway": "path", "status": "unnamed", "description": "unnamed" }, "geometry": { "type": "LineString", "coordinates": [ [ 14.4473543, 40.6220698 ], [ 14.4471911, 40.6220287 ], [ 14.4471066, 40.6220256 ] ] } },
{ "type": "Feature", "properties": { "name": "", "name_manual": "", "name_original": null, "highway": "path", "status": "unnamed", "description": "unnamed" }, "geometry": { "type": "LineString", "coordinates": [ [ 14.434598, 40.623772 ], [ 14.4345646, 40.6237225 ], [ 14.4346008, 40.6236344 ] ] } },
{ "type": "Feature", "properties": { "name": "", "name_manual": "", "name_original": null, "highway": "service", "status": "unnamed", "description": "unnamed" }, "geometry": { "type": "LineString", "coordinates": [ [ 14.4176651, 40.6353677 ], [ 14.4176085, 40.6354324 ], [ 14.4175762, 40.6354634 ], [ 14.4174564, 40.6354479 ], [ 14.4172929, 40.6354147 ], [ 14.4171557, 40.6354723 ] ] } },
{ "type": "Feature", "properties": { "name": "", "name_manual": "", "name_original": null, "highway": "service", "status": "unnamed", "description": "unnamed" }, "geometry": { "type": "LineString", "coordinates": [ [ 14.4137449, 40.6162708 ], [ 14.4137728, 40.6163438 ], [ 14.4138866, 40.6164406 ] ] } },
{ "type": "Feature", "properties": { "name": "", "name_manual": "", "name_original": null, "highway": "service", "status": "unnamed", "description": "unnamed" }, "geometry": { "type": "LineString", "coordinates": [ [ 14.4133736, 40.6161595 ], [ 14.4134735, 40.6161782 ], [ 14.4135817, 40.6161941 ], [ 14.4136722, 40.6162318 ], [ 14.4137449, 40.6162708 ], [ 14.413805, 40.6163031 ], [ 14.4140571, 40.6165128 ], [ 14.414214, 40.6166212 ] ] } }
]
}
