{
"type": "FeatureCollection",
"name": "strade_unexplored",
"crs": { "type": "name", "properties": { "name": "urn:ogc:def:crs:OGC:1.3:CRS84" } },
"features": [
{ "type": "Feature", "properties": { "name": "Via Lavinola", "name_manual": "Via Lavinola", "name_original": "Via Lavinola", "highway": "residential", "status": "unexplored", "description": "unexplored" }, "geometry": { "type": "LineString", "coordinates": [ [ 14.42398, 40.6285357 ], [ 14.4241852, 40.6285344 ], [ 14.4244327, 40.6285955 ], [ 14.4245556, 40.6286299 ], [ 14.4248369, 40.6286871 ], [ 14.4250056, 40.6287044 ], [ 14.4250968, 40.6287026 ], [ 14.4251841, 40.6286828 ], [ 14.4252616, 40.6286463 ], [ 14.4253237, 40.6285956 ], [ 14.4254204, 40.6284666 ], [ 14.4255132, 40.6283503 ], [ 14.4256156, 40.628215 ], [ 14.4256984, 40.6280176 ], [ 14.4257288, 40.627941 ], [ 14.4257569, 40.6278209 ], [ 14.425828, 40.6276733 ], [ 14.425887, 40.6275715 ], [ 14.426002, 40.6273991 ], [ 14.4260809, 40.6273289 ], [ 14.4261566, 40.6273079 ], [ 14.4262572, 40.6272916 ], [ 14.4264396, 40.6273008 ], [ 14.4265589, 40.6272977 ], [ 14.4266689, 40.6272794 ], [ 14.426836, 40.6272468 ], [ 14.4269237, 40.627196 ], [ 14.426987, 40.6271476 ], [ 14.427145, 40.6270494 ] ] } },
{ "type": "Feature", "properties": { "name": "Strada Statale Amalfitana", "name_manual": "Strada Statale Amalfitana", "name_original": "Strada Statale Amalfitana", "highway": "primary", "status": "unexplored", "description": "unexplored" }, "geometry": { "type": "LineString", "coordinates": [ [ 14.4386907, 40.6167878 ], [ 14.4386419, 40.6167573 ], [ 14.4384821, 40.6166885 ], [ 14.4383624, 40.6166392 ], [ 14.4382844, 40.6166089 ], [ 14.4382025, 40.6165889 ], [ 14.4381219, 40.6165917 ], [ 14.4380376, 40.6166063 ], [ 14.4378512, 40.6166692 ], [ 14.4377765, 40.6166886 ], [ 14.4377038, 40.6167016 ], [ 14.4376353, 40.6167048 ], [ 14.4375582, 40.6167023 ], [ 14.4374044, 40.6166909 ], [ 14.437288, 40.6166905 ], [ 14.4372025, 40.6166997 ], [ 14.4370938, 40.616717 ], [ 14.4369408, 40.6167292 ], [ 14.4368706, 40.6167267 ], [ 14.4368046, 40.6167114 ], [ 14.4367164, 40.616678 ], [ 14.4366506, 40.6166393 ], [ 14.4365949, 40.6165931 ], [ 14.4365356, 40.6165321 ], [ 14.4365034, 40.6164843 ], [ 14.4364626, 40.6164146 ], [ 14.4364387, 40.6163604 ], [ 14.4364139, 40.6162834 ], [ 14.4363978, 40.6162064 ], [ 14.4363887, 40.6161203 ], [ 14.4363835, 40.6160368 ], [ 14.4363881, 40.6159708 ], [ 14.436433, 40.6157705 ], [ 14.4364893, 40.6155198 ], [ 14.4364998, 40.6154556 ], [ 14.4364887, 40.6153904 ], [ 14.4364782, 40.6153673 ], [ 14.4364607, 40.6153442 ], [ 14.4364098, 40.6153142 ], [ 14.4363604, 40.6153019 ], [ 14.4362979, 40.6153045 ], [ 14.436231, 40.6153293 ], [ 14.4361785, 40.6153719 ], [ 14.4361435, 40.6154086 ], [ 14.436101, 40.6154619 ], [ 14.4358928, 40.6157364 ], [ 14.4357844, 40.6158552 ], [ 14.4356677, 40.6159356 ], [ 14.4355621, 40.6159813 ], [ 14.4353962, 40.6160188 ], [ 14.4351929, 40.6160576 ], [ 14.4348194, 40.6161265 ], [ 14.4345879, 40.6161691 ], [ 14.4345159, 40.616178 ], [ 14.4344459, 40.616175 ], [ 14.4343587, 40.6161513 ], [ 14.4342813, 40.6161204 ], [ 14.4342042, 40.6160702 ], [ 14.4341197, 40.6159679 ], [ 14.4340778, 40.6158893 ], [ 14.433994, 40.6157697 ], [ 14.4339257, 40.615708 ], [ 14.4338894, 40.6156825 ], [ 14.4338293, 40.6156467 ], [ 14.4336666, 40.6155497 ], [ 14.4336033, 40.6155096 ], [ 14.4335141, 40.6154477 ], [ 14.4334615, 40.6153937 ], [ 14.4334098, 40.6153309 ], [ 14.4333348, 40.6152122 ], [ 14.4332432, 40.6150528 ], [ 14.4331693, 40.6149362 ], [ 14.4331464, 40.6149135 ], [ 14.4331024, 40.6148914 ], [ 14.4330338, 40.6148728 ], [ 14.4329644, 40.6148762 ], [ 14.43292, 40.6149 ], [ 14.4328823, 40.6149305 ], [ 14.4328638, 40.6149711 ], [ 14.4328617, 40.6150209 ], [ 14.4328808, 40.6150718 ], [ 14.4329058, 40.6151036 ], [ 14.4331387, 40.6153786 ], [ 14.4332426, 40.615482 ], [ 14.4333189, 40.6155476 ], [ 14.4334016, 40.6156149 ], [ 14.4335328, 40.6157155 ], [ 14.4336363, 40.6157987 ], [ 14.4336889, 40.6158496 ], [ 14.4337314, 40.6159 ], [ 14.4337598, 40.61595 ], [ 14.4337771, 40.616004 ], [ 14.4337937, 40.6160853 ], [ 14.4338179, 40.6162188 ], [ 14.4338491, 40.6163516 ], [ 14.4338705, 40.6164292 ], [ 14.4339052, 40.6165052 ], [ 14.4339473, 40.6165565 ], [ 14.4340014, 40.6165995 ], [ 14.4340693, 40.6166346 ], [ 14.4341577, 40.6166541 ], [ 14.4342578, 40.6166572 ], [ 14.4344792, 40.6166448 ], [ 14.4347606, 40.6166353 ], [ 14.4349042, 40.6166268 ], [ 14.4351025, 40.6166223 ], [ 14.435152, 40.6166265 ], [ 14.4352002, 40.6166385 ], [ 14.4352267, 40.6166478 ], [ 14.4352451, 40.6166678 ], [ 14.4352688, 40.6167017 ], [ 14.4352793, 40.6167501 ], [ 14.4352848, 40.6168039 ], [ 14.4352654, 40.6168318 ], [ 14.4352524, 40.6168435 ], [ 14.4352309, 40.6168543 ], [ 14.4351656, 40.6168838 ] ] } },
{ "type": "Feature", "properties": { "name": "Via Cavone", "name_manual": "Via Cavone", "name_original": "Via Cavone", "highway": "secondary", "status": "unexplored", "description": "unexplored" }, "geometry": { "type": "LineString", "coordinates": [ [ 14.421513, 40.6291853 ], [ 14.4212964, 40.6294596 ], [ 14.4207661, 40.6300873 ], [ 14.4205343, 40.6303878 ], [ 14.4201753, 40.6308733 ], [ 14.4198624, 40.6312602 ], [ 14.4197753, 40.6313338 ], [ 14.4197156, 40.6314189 ], [ 14.4196821, 40.6314666 ], [ 14.419525, 40.6316545 ], [ 14.4194505, 40.6317529 ], [ 14.4193935, 40.6318199 ], [ 14.419257, 40.6319803 ], [ 14.4191922, 40.6320553 ], [ 14.4189537, 40.6323357 ], [ 14.4187708, 40.6325491 ], [ 14.4185675, 40.6327956 ], [ 14.4183339, 40.6330768 ], [ 14.4182544, 40.6331644 ], [ 14.4181647, 40.6332633 ], [ 14.418028, 40.6334007 ] ] } },
{ "type": "Feature", "properties": { "name": "Via Meta Amalfi", "name_manual": "Via Meta Amalfi", "name_original": "Via Meta Amalfi", "highway": "primary", "status": "unexplored", "description": "unexplored" }, "geometry": { "type": "LineString", "coordinates": [ [ 14.4216566, 40.6215864 ], [ 14.4219289, 40.6215553 ], [ 14.4220669, 40.6215422 ], [ 14.4221282, 40.6215392 ], [ 14.4221893, 40.6215379 ], [ 14.4222714, 40.6215411 ], [ 14.4224262, 40.6215682 ], [ 14.4225027, 40.6215768 ], [ 14.422588, 40.6215829 ], [ 14.4227301, 40.6215821 ] ] } },
{ "type": "Feature", "properties": { "name": "Via Ripa di Cassano", "name_manual": "Via Ripa di Cassano", "name_original": "Via Ripa di Cassano", "highway": "residential", "status": "unexplored", "description": "unexplored" }, "geometry": { "type": "LineString", "coordinates": [ [ 14.401558, 40.6367802 ], [ 14.4016731, 40.6367853 ], [ 14.4017598, 40.6367893 ], [ 14.4018311, 40.6368013 ], [ 14.401883, 40.6368211 ], [ 14.4019303, 40.6368422 ], [ 14.4019897, 40.6368917 ], [ 14.4021173, 40.6370397 ], [ 14.4021593, 40.6371103 ], [ 14.4021812, 40.6372333 ], [ 14.402204, 40.6373037 ], [ 14.4022282, 40.6374015 ], [ 14.4022333, 40.6374286 ], [ 14.4022299, 40.6374591 ], [ 14.4022155, 40.6374939 ], [ 14.4022004, 40.6375248 ], [ 14.4021656, 40.6375558 ], [ 14.4021361, 40.6377583 ], [ 14.4021543, 40.6378157 ], [ 14.4021963, 40.6378648 ], [ 14.4024209, 40.6381358 ], [ 14.4024783, 40.638205 ], [ 14.4026363, 40.6384575 ], [ 14.4027362, 40.6385671 ], [ 14.4029715, 40.6387923 ], [ 14.403107, 40.6388869 ], [ 14.4031968, 40.6389277 ], [ 14.4032961, 40.6389549 ], [ 14.40343, 40.6389675 ], [ 14.4038373, 40.6390172 ] ] } },
{ "type": "Feature", "properties": { "name": "Via Marina di Cassano", "name_manual": "Via Marina di Cassano", "name_original": "Via Marina di Cassano", "highway": "service", "status": "unexplored", "description": "unexplored" }, "geometry": { "type": "LineString", "coordinates": [ [ 14.4038373, 40.6390172 ], [ 14.4037749, 40.6390371 ], [ 14.4037225, 40.6390372 ], [ 14.4035055, 40.6390305 ], [ 14.4032708, 40.6389979 ], [ 14.4032029, 40.6390103 ], [ 14.4030298, 40.6391002 ], [ 14.4025579, 40.6386271 ], [ 14.4025402, 40.6386204 ], [ 14.4025197, 40.6386332 ], [ 14.402517, 40.6386555 ], [ 14.4029736, 40.6391262 ], [ 14.4029937, 40.6391477 ], [ 14.4029917, 40.6391685 ], [ 14.4029684, 40.639178 ], [ 14.4029434, 40.6391775 ], [ 14.402917, 40.6391547 ], [ 14.4024378, 40.6386496 ], [ 14.4024221, 40.6386497 ], [ 14.4024087, 40.6386567 ], [ 14.4024029, 40.6386699 ], [ 14.402875, 40.6392099 ], [ 14.4028741, 40.6392245 ], [ 14.4028563, 40.6392343 ], [ 14.402837, 40.6392302 ], [ 14.4023694, 40.6387292 ], [ 14.4021448, 40.6386402 ], [ 14.4019477, 40.6385203 ] ] } },
{ "type": "Feature", "properties": { "name": "Via della Stazione", "name_manual": "Via della Stazione", "name_original": "Via della Stazione", "highway": "service", "status": "unexplored", "description": "unexplored" }, "geometry": { "type": "LineString", "coordinates": [ [ 14.4109706, 40.6350443 ], [ 14.4107702, 40.6349335 ], [ 14.4107342, 40.6349138 ], [ 14.4107191, 40.6349093 ], [ 14.410704, 40.6349088 ], [ 14.4106713, 40.63491 ], [ 14.410646, 40.6349121 ], [ 14.4106304, 40.6349078 ], [ 14.4104991, 40.6348293 ], [ 14.4104352, 40.6347919 ], [ 14.4103805, 40.6347612 ], [ 14.4103624, 40.6347551 ], [ 14.4103413, 40.6347561 ], [ 14.4103245, 40.6347597 ], [ 14.4103111, 40.634766 ], [ 14.4102619, 40.6347878 ] ] } },
{ "type": "Feature", "properties": { "name": "Via Casa Rosa", "name_manual": "Via Casa Rosa", "name_original": "Via Casa Rosa", "highway": "residential", "status": "unexplored", "description": "unexplored" }, "geometry": { "type": "LineString", "coordinates": [ [ 14.4115592, 40.6342378 ], [ 14.4117317, 40.6343175 ], [ 14.4119959, 40.6345627 ], [ 14.4122051, 40.634749 ], [ 14.412317, 40.6348433 ] ] } },
{ "type": "Feature", "properties": { "name": "Via Cassano", "name_manual": "Via Cassano", "name_original": "Via Cassano", "highway": "residential", "status": "unexplored", "description": "unexplored" }, "geometry": { "type": "LineString", "coordinates": [ [ 14.4069151, 40.6400025 ], [ 14.4070123, 40.6399066 ], [ 14.4070962, 40.6398474 ], [ 14.4072913, 40.6396334 ], [ 14.4073717, 40.639521 ], [ 14.4075669, 40.63922 ], [ 14.4077586, 40.6389149 ], [ 14.4077816, 40.6388791 ] ] } },
{ "type": "Feature", "properties": { "name": "Traversa Gottola", "name_manual": "Traversa Gottola", "name_original": "Traversa Gottola", "highway": "residential", "status": "unexplored", "description": "unexplored" }, "geometry": { "type": "LineString", "coordinates": [ [ 14.4065491, 40.6367435 ], [ 14.4070224, 40.6369251 ], [ 14.407293, 40.6371133 ], [ 14.4074708, 40.6372681 ], [ 14.407653, 40.6374117 ], [ 14.4077834, 40.6375141 ], [ 14.4081843, 40.6377632 ] ] } },
{ "type": "Feature", "properties": { "name": "Via dei Pini", "name_manual": "Via dei Pini", "name_original": "Via dei Pini", "highway": "residential", "status": "unexplored", "description": "unexplored" }, "geometry": { "type": "LineString", "coordinates": [ [ 14.412177, 40.6350288 ], [ 14.4123928, 40.6351601 ], [ 14.412702, 40.6353512 ], [ 14.4130829, 40.6356153 ], [ 14.4134711, 40.635786 ], [ 14.4136085, 40.6358331 ], [ 14.4137581, 40.6358461 ], [ 14.4138975, 40.635843 ], [ 14.4140289, 40.6357925 ], [ 14.4140724, 40.6357636 ], [ 14.4140865, 40.6357534 ], [ 14.4141817, 40.6356843 ], [ 14.4142233, 40.6356572 ], [ 14.4142537, 40.6356375 ], [ 14.4143045, 40.6356045 ], [ 14.4144593, 40.6354973 ], [ 14.4147401, 40.6353029 ], [ 14.4147726, 40.6352825 ], [ 14.4148424, 40.6352325 ], [ 14.4149721, 40.635112 ], [ 14.4150727, 40.6350107 ], [ 14.4151008, 40.6349805 ], [ 14.4152015, 40.6348725 ], [ 14.4152255, 40.6348454 ], [ 14.415252, 40.6348154 ], [ 14.4153802, 40.6346639 ], [ 14.4154362, 40.6345904 ], [ 14.4154506, 40.6345716 ], [ 14.4154852, 40.6345156 ], [ 14.4155121, 40.634472 ], [ 14.4155357, 40.6344338 ] ] } },
{ "type": "Feature", "properties": { "name": "Via San Michele", "name_manual": "Via San Michele", "name_original": "Via San Michele", "highway": "residential", "status": "unexplored", "description": "unexplored" }, "geometry": { "type": "LineString", "coordinates": [ [ 14.4096436, 40.632719 ], [ 14.4094838, 40.6328961 ], [ 14.4094478, 40.6329353 ], [ 14.4092612, 40.6331445 ], [ 14.4091924, 40.6332327 ], [ 14.4090575, 40.6334071 ], [ 14.4090252, 40.6334451 ], [ 14.4088228, 40.6336656 ], [ 14.4086727, 40.6338138 ], [ 14.4085754, 40.6339207 ], [ 14.4085308, 40.6339767 ], [ 14.4085122, 40.6339979 ] ] } },
{ "type": "Feature", "properties": { "name": "Via Carlo Amalfi", "name_manual": "Via Carlo Amalfi", "name_original": "Via Carlo Amalfi", "highway": "residential", "status": "unexplored", "description": "unexplored" }, "geometry": { "type": "LineString", "coordinates": [ [ 14.4066038, 40.6345215 ], [ 14.406639, 40.6345393 ], [ 14.4066753, 40.6345572 ], [ 14.4071188, 40.6347756 ], [ 14.4074413, 40.634937 ], [ 14.407579, 40.6349957 ], [ 14.4076579, 40.635021 ] ] } },
{ "type": "Feature", "properties": { "name": "Via San Giovanni", "name_manual": "Via San Giovanni", "name_original": "Via San Giovanni", "highway": "residential", "status": "unexplored", "description": "unexplored" }, "geometry": { "type": "LineString", "coordinates": [ [ 14.4069151, 40.6400025 ], [ 14.4062901, 40.6396606 ], [ 14.4061701, 40.6395851 ], [ 14.405922, 40.6394599 ], [ 14.4056136, 40.6393105 ], [ 14.4055928, 40.6393164 ], [ 14.4054767, 40.6393963 ], [ 14.4054292, 40.6394209 ], [ 14.4053909, 40.6394243 ], [ 14.4052883, 40.6394039 ], [ 14.4052065, 40.6394182 ], [ 14.4050536, 40.6395034 ], [ 14.4047646, 40.6396909 ], [ 14.4046563, 40.6397832 ] ] } },
{ "type": "Feature", "properties": { "name": "Via Francesco Ciampa", "name_manual": "Via Francesco Ciampa", "name_original": "Via Francesco Ciampa", "highway": "unclassified", "status": "unexplored", "description": "unexplored" }, "geometry": { "type": "LineString", "coordinates": [ [ 14.4043118, 40.6391104 ], [ 14.4048851, 40.6386074 ], [ 14.4050307, 40.6384929 ], [ 14.4051962, 40.6382939 ], [ 14.4052951, 40.6381382 ], [ 14.4053276, 40.6380296 ], [ 14.4054469, 40.6376305 ], [ 14.4054842, 40.6375412 ], [ 14.4055016, 40.6374997 ], [ 14.4055777, 40.6373677 ], [ 14.4055911, 40.6373444 ], [ 14.405639, 40.6372709 ], [ 14.4057161, 40.6371632 ], [ 14.4058866, 40.6369409 ], [ 14.4061933, 40.6365909 ] ] } },
{ "type": "Feature", "properties": { "name": "Via Mariano Maresca", "name_manual": "Via Mariano Maresca", "name_original": "Via Mariano Maresca", "highway": "residential", "status": "unexplored", "description": "unexplored" }, "geometry": { "type": "LineString", "coordinates": [ [ 14.4039943, 40.6368887 ], [ 14.4040208, 40.6369134 ], [ 14.4042157, 40.6370483 ], [ 14.4043221, 40.6371073 ], [ 14.404481, 40.637184 ], [ 14.4047459, 40.6372968 ], [ 14.4049605, 40.6374006 ], [ 14.4050483, 40.6374434 ], [ 14.4051401, 40.6374922 ], [ 14.4053292, 40.6375975 ], [ 14.4053826, 40.6376179 ], [ 14.4054008, 40.6376213 ], [ 14.4054469, 40.6376305 ] ] } },
{ "type": "Feature", "properties": { "name": "Via Mariano Maresca", "name_manual": "Via Mariano Maresca", "name_original": "Via Mariano Maresca", "highway": "service", "status": "unexplored", "description": "unexplored" }, "geometry": { "type": "LineString", "coordinates": [ [ 14.4033414, 40.6362096 ], [ 14.4033662, 40.6362249 ], [ 14.4039941, 40.6366183 ], [ 14.4040491, 40.636647 ], [ 14.4040853, 40.6366678 ], [ 14.4041423, 40.6367009 ] ] } },
{ "type": "Feature", "properties": { "name": "Via Caracciolo", "name_manual": "Via Caracciolo", "name_original": "Via Caracciolo", "highway": "unclassified", "status": "unexplored", "description": "unexplored" }, "geometry": { "type": "LineString", "coordinates": [ [ 14.4043118, 40.6391104 ], [ 14.4042644, 40.6391749 ], [ 14.4041908, 40.6394864 ], [ 14.4042081, 40.6395383 ], [ 14.4042973, 40.639627 ], [ 14.4046563, 40.6397832 ], [ 14.4062153, 40.6405312 ], [ 14.4063747, 40.6406 ] ] } },
{ "type": "Feature", "properties": { "name": "Via delle Rose", "name_manual": "Via delle Rose", "name_original": "Via delle Rose", "highway": "unclassified", "status": "unexplored", "description": "unexplored" }, "geometry": { "type": "LineString", "coordinates": [ [ 14.4024783, 40.638205 ], [ 14.4025277, 40.6381701 ], [ 14.4026105, 40.6381152 ], [ 14.4026298, 40.638103 ], [ 14.4027503, 40.6380029 ], [ 14.4029523, 40.6378349 ], [ 14.4030925, 40.6377239 ], [ 14.4032118, 40.637623 ], [ 14.4034999, 40.6373803 ], [ 14.4035696, 40.637319 ], [ 14.4036075, 40.6372857 ], [ 14.4036474, 40.6372501 ], [ 14.4038248, 40.6370736 ], [ 14.4038543, 40.637042 ], [ 14.4039052, 40.6369875 ], [ 14.4039622, 40.6369266 ], [ 14.4039943, 40.6368887 ], [ 14.4041423, 40.6367009 ], [ 14.4045415, 40.6362655 ], [ 14.4046274, 40.6361719 ], [ 14.4047229, 40.6360678 ], [ 14.4050415, 40.6357433 ], [ 14.405068, 40.63572 ], [ 14.405094, 40.6356971 ], [ 14.4054265, 40.6354051 ], [ 14.4054847, 40.635354 ], [ 14.4056313, 40.635225 ], [ 14.4056746, 40.6351869 ], [ 14.4065125, 40.6345975 ], [ 14.4065645, 40.6345597 ], [ 14.4065872, 40.6345377 ], [ 14.4066038, 40.6345215 ] ] } },
{ "type": "Feature", "properties": { "name": "Piazza della Repubblica", "name_manual": "Piazza della Repubblica", "name_original": "Piazza della Repubblica", "highway": "residential", "status": "unexplored", "description": "unexplored" }, "geometry": { "type": "LineString", "coordinates": [ [ 14.4081193, 40.6311409 ], [ 14.4081132, 40.6311836 ], [ 14.4080926, 40.6313459 ], [ 14.4080944, 40.6313671 ], [ 14.4080995, 40.6314703 ], [ 14.4081084, 40.6315546 ], [ 14.4081093, 40.6316124 ], [ 14.4081038, 40.6316304 ], [ 14.4080744, 40.6317079 ], [ 14.4080557, 40.6317356 ], [ 14.4080473, 40.6317481 ], [ 14.4080535, 40.6317774 ], [ 14.4078648, 40.632034 ], [ 14.4076975, 40.6321949 ], [ 14.4076604, 40.6322352 ] ] } },
{ "type": "Feature", "properties": { "name": "Via Savino", "name_manual": "Via Savino", "name_original": "Via Savino", "highway": "service", "status": "unexplored", "description": "unexplored" }, "geometry": { "type": "LineString", "coordinates": [ [ 14.4056746, 40.6351869 ], [ 14.4056383, 40.6351529 ], [ 14.4055822, 40.6351005 ], [ 14.4053855, 40.6349752 ], [ 14.4050209, 40.6347465 ], [ 14.4049893, 40.6347355 ], [ 14.4049499, 40.6347545 ], [ 14.4047092, 40.6349479 ], [ 14.4044577, 40.6351646 ], [ 14.4044029, 40.6352124 ], [ 14.4043868, 40.6352265 ], [ 14.404255, 40.6353376 ], [ 14.4041059, 40.6354634 ], [ 14.4034494, 40.6359983 ], [ 14.4033685, 40.6361097 ], [ 14.4033672, 40.6361606 ], [ 14.4033414, 40.6362096 ] ] } },
{ "type": "Feature", "properties": { "name": "Via Vincenzo Iaccarino", "name_manual": "Via Vincenzo Iaccarino", "name_original": "Via Vincenzo Iaccarino", "highway": "residential", "status": "unexplored", "description": "unexplored" }, "geometry": { "type": "LineString", "coordinates": [ [ 14.4090177, 40.6312336 ], [ 14.4090656, 40.6311808 ], [ 14.4090969, 40.6311503 ], [ 14.4092496, 40.6310424 ], [ 14.4093404, 40.6309694 ] ] } },
{ "type": "Feature", "properties": { "name": "Viale delle Mimose", "name_manual": "Viale delle Mimose", "name_original": "Viale delle Mimose", "highway": "service", "status": "unexplored", "description": "unexplored" }, "geometry": { "type": "LineString", "coordinates": [ [ 14.4072337, 40.6296342 ], [ 14.4071808, 40.6296225 ], [ 14.4071068, 40.6296062 ], [ 14.4071015, 40.629605 ], [ 14.4067972, 40.6295379 ], [ 14.4064134, 40.6294532 ], [ 14.4064788, 40.6292825 ], [ 14.4060806, 40.6291946 ], [ 14.4058666, 40.6291474 ], [ 14.4054925, 40.6290648 ] ] } },
{ "type": "Feature", "properties": { "name": "Viale delle Camelie", "name_manual": "Viale delle Camelie", "name_original": "Viale delle Camelie", "highway": "service", "status": "unexplored", "description": "unexplored" }, "geometry": { "type": "LineString", "coordinates": [ [ 14.4072839, 40.6290163 ], [ 14.4071268, 40.6289933 ], [ 14.4071214, 40.6289925 ], [ 14.4067721, 40.6289208 ], [ 14.4063787, 40.62884 ] ] } },
{ "type": "Feature", "properties": { "name": "Via Mortora San Liborio", "name_manual": "Via Mortora San Liborio", "name_original": "Via Mortora San Liborio", "highway": "primary_link", "status": "unexplored", "description": "unexplored" }, "geometry": { "type": "LineString", "coordinates": [ [ 14.4113563, 40.6288268 ], [ 14.411389, 40.6288057 ], [ 14.4115359, 40.6287561 ], [ 14.411644, 40.6287585 ] ] } },
{ "type": "Feature", "properties": { "name": "Via Sant'Andrea", "name_manual": "Via Sant'Andrea", "name_original": "Via Sant'Andrea", "highway": "residential", "status": "unexplored", "description": "unexplored" }, "geometry": { "type": "LineString", "coordinates": [ [ 14.407789, 40.6268012 ], [ 14.4083261, 40.6271184 ], [ 14.408501, 40.6272452 ] ] } },
{ "type": "Feature", "properties": { "name": "Via Legittimo 2° traversa", "name_manual": "Via Legittimo 2° traversa", "name_original": "Via Legittimo 2° traversa", "highway": "residential", "status": "unexplored", "description": "unexplored" }, "geometry": { "type": "LineString", "coordinates": [ [ 14.4067991, 40.627791 ], [ 14.4071565, 40.6272597 ], [ 14.407221, 40.6271799 ], [ 14.4073578, 40.6270415 ], [ 14.4074265, 40.6270038 ], [ 14.4074479, 40.6269908 ], [ 14.4076406, 40.6268737 ], [ 14.407789, 40.6268012 ], [ 14.4078914, 40.6266496 ], [ 14.4079148, 40.6266221 ], [ 14.4082465, 40.6261277 ] ] } },
{ "type": "Feature", "properties": { "name": "Via Gottola", "name_manual": "Via Gottola", "name_original": "Via Gottola", "highway": "residential", "status": "unexplored", "description": "unexplored" }, "geometry": { "type": "LineString", "coordinates": [ [ 14.4077816, 40.6388791 ], [ 14.4074859, 40.63873 ], [ 14.4076399, 40.6384941 ], [ 14.4078948, 40.6381278 ], [ 14.4079779, 40.6380179 ], [ 14.4080959, 40.6378387 ], [ 14.4081843, 40.6377632 ] ] } },
{ "type": "Feature", "properties": { "name": "Via San Vito", "name_manual": "Via San Vito", "name_original": "Via San Vito", "highway": "residential", "status": "unexplored", "description": "unexplored" }, "geometry": { "type": "LineString", "coordinates": [ [ 14.4021844, 40.6302206 ], [ 14.4022703, 40.6301406 ], [ 14.4023406, 40.6300792 ], [ 14.4024236, 40.6300078 ], [ 14.4025681, 40.6299073 ], [ 14.4026997, 40.6297825 ], [ 14.4027584, 40.629736 ], [ 14.4027761, 40.6297219 ], [ 14.4028106, 40.6296894 ], [ 14.4030227, 40.629502 ], [ 14.4031055, 40.629433 ], [ 14.4032522, 40.6293224 ], [ 14.4032636, 40.6293138 ], [ 14.4033606, 40.6292409 ], [ 14.4035509, 40.6290977 ], [ 14.4035964, 40.629046 ], [ 14.4036166, 40.6290225 ], [ 14.4036501, 40.6289884 ], [ 14.4038628, 40.6287866 ], [ 14.4039247, 40.6287196 ], [ 14.4040109, 40.6286375 ], [ 14.4040934, 40.6285577 ], [ 14.4046595, 40.6280324 ], [ 14.4047382, 40.6279651 ], [ 14.4048156, 40.6278986 ], [ 14.4049866, 40.6277295 ], [ 14.4056176, 40.6272649 ], [ 14.4063485, 40.6266816 ], [ 14.4064638, 40.6265232 ], [ 14.407047, 40.6260125 ], [ 14.4078827, 40.6252847 ], [ 14.4081687, 40.6249473 ], [ 14.4083861, 40.6247765 ], [ 14.408837, 40.6242303 ], [ 14.4089943, 40.6239915 ] ] } },
{ "type": "Feature", "properties": { "name": "Via Francesco de Simone", "name_manual": "Via Francesco de Simone", "name_original": "Via Francesco de Simone", "highway": "service", "status": "unexplored", "description": "unexplored" }, "geometry": { "type": "LineString", "coordinates": [ [ 14.4064556, 40.6282362 ], [ 14.4064434, 40.6282253 ], [ 14.4064229, 40.6282072 ], [ 14.4063853, 40.6281899 ], [ 14.4062452, 40.6281543 ], [ 14.4061426, 40.6281344 ], [ 14.406087, 40.6281294 ], [ 14.4060468, 40.6281339 ], [ 14.4060031, 40.6281456 ], [ 14.4057953, 40.6282123 ], [ 14.4057054, 40.6282331 ], [ 14.4056324, 40.6282428 ], [ 14.4055488, 40.6282441 ], [ 14.4054664, 40.6282451 ], [ 14.4054083, 40.6282418 ], [ 14.405354, 40.6282255 ], [ 14.4052964, 40.6281942 ], [ 14.4050764, 40.6280489 ], [ 14.4048156, 40.6278986 ] ] } },
{ "type": "Feature", "properties": { "name": "Via delle Acacie", "name_manual": "Via delle Acacie", "name_original": "Via delle Acacie", "highway": "residential", "status": "unexplored", "description": "unexplored" }, "geometry": { "type": "LineString", "coordinates": [ [ 14.409546, 40.6280918 ], [ 14.4093076, 40.6281723 ], [ 14.4091896, 40.6281804 ], [ 14.4090502, 40.6281723 ], [ 14.4089846, 40.6281474 ], [ 14.4088141, 40.6280827 ], [ 14.4086904, 40.6280205 ], [ 14.408568, 40.627959 ], [ 14.408436, 40.6279036 ], [ 14.408377, 40.6278923 ], [ 14.4082933, 40.6278914 ], [ 14.4082589, 40.6279005 ], [ 14.4080154, 40.6281904 ], [ 14.4077885, 40.6283155 ], [ 14.4076932, 40.6282919 ], [ 14.4074871, 40.6281606 ], [ 14.407433, 40.6281261 ], [ 14.4067991, 40.627791 ] ] } },
{ "type": "Feature", "properties": { "name": "Corso Italia", "name_manual": "Corso Italia", "name_original": "Corso Italia", "highway": "residential", "status": "unexplored", "description": "unexplored" }, "geometry": { "type": "LineString", "coordinates": [ [ 14.4072547, 40.6319826 ], [ 14.4072704, 40.6319725 ], [ 14.407324, 40.6319379 ], [ 14.4073605, 40.6319144 ], [ 14.4073818, 40.6319007 ], [ 14.4074906, 40.6318262 ], [ 14.4075544, 40.6317799 ], [ 14.407579, 40.6317598 ], [ 14.4076208, 40.6317304 ], [ 14.4077075, 40.6316666 ], [ 14.4077261, 40.6316456 ], [ 14.4077612, 40.6315994 ], [ 14.4077839, 40.6315763 ], [ 14.4078617, 40.6314691 ], [ 14.4078928, 40.6314308 ], [ 14.4079567, 40.6313369 ], [ 14.4079964, 40.6312572 ], [ 14.408014, 40.6312025 ], [ 14.4080257, 40.6311735 ], [ 14.4080337, 40.6311308 ] ] } },
{ "type": "Feature", "properties": { "name": "Piazza della Repubblica", "name_manual": "Piazza della Repubblica", "name_original": "Piazza della Repubblica", "highway": "residential", "status": "unexplored", "description": "unexplored" }, "geometry": { "type": "LineString", "coordinates": [ [ 14.4072547, 40.6319826 ], [ 14.407318, 40.6320253 ], [ 14.4075329, 40.6321623 ], [ 14.4076604, 40.6322352 ] ] } },
{ "type": "Feature", "properties": { "name": "Via Traversa Petrulo", "name_manual": "Via Traversa Petrulo", "name_original": "Via Traversa Petrulo", "highway": "residential", "status": "unexplored", "description": "unexplored" }, "geometry": { "type": "LineString", "coordinates": [ [ 14.4206797, 40.6266989 ], [ 14.4206513, 40.6267369 ], [ 14.4204985, 40.6268845 ], [ 14.4204367, 40.626959 ], [ 14.4203496, 40.6271054 ], [ 14.4203391, 40.6271891 ], [ 14.4203556, 40.6272988 ], [ 14.4203605, 40.6273244 ] ] } },
{ "type": "Feature", "properties": { "name": "Via Corbo", "name_manual": "Via Corbo", "name_original": "Via Corbo", "highway": "service", "status": "unexplored", "description": "unexplored" }, "geometry": { "type": "LineString", "coordinates": [ [ 14.4170286, 40.6290029 ], [ 14.4170625, 40.629084 ], [ 14.4170827, 40.629141 ], [ 14.4170942, 40.6291525 ], [ 14.417261, 40.6293202 ], [ 14.4174971, 40.6295227 ], [ 14.4175641, 40.6295828 ], [ 14.4176352, 40.6296438 ], [ 14.4177452, 40.6297181 ], [ 14.4178458, 40.6298097 ], [ 14.4182857, 40.6302586 ], [ 14.4185284, 40.6304784 ], [ 14.4186011, 40.6305547 ], [ 14.4186839, 40.6306158 ], [ 14.418855, 40.6307039 ], [ 14.4192727, 40.6309858 ], [ 14.4194833, 40.6311054 ], [ 14.4197649, 40.6312112 ], [ 14.4197781, 40.6312178 ], [ 14.4198624, 40.6312602 ] ] } },
{ "type": "Feature", "properties": { "name": "Via Trinità", "name_manual": "Via Trinità", "name_original": "Via Trinità", "highway": "service", "status": "unexplored", "description": "unexplored" }, "geometry": { "type": "LineString", "coordinates": [ [ 14.4228699, 40.6290692 ], [ 14.4229362, 40.6291332 ], [ 14.4229862, 40.629195 ], [ 14.4230137, 40.62928 ], [ 14.4230627, 40.629365 ], [ 14.4230876, 40.6293992 ], [ 14.4230979, 40.6294133 ], [ 14.4231324, 40.6294606 ], [ 14.4231401, 40.6295512 ], [ 14.4231136, 40.6296174 ], [ 14.4230794, 40.6296795 ], [ 14.4229768, 40.6298657 ], [ 14.4228826, 40.6299583 ], [ 14.4225866, 40.6303838 ], [ 14.4222745, 40.6307584 ] ] } },
{ "type": "Feature", "properties": { "name": "Via Bagnulo", "name_manual": "Via Bagnulo", "name_original": "Via Bagnulo", "highway": "unclassified", "status": "unexplored", "description": "unexplored" }, "geometry": { "type": "LineString", "coordinates": [ [ 14.4134838, 40.6333829 ], [ 14.4134515, 40.6334224 ], [ 14.4134359, 40.6334363 ], [ 14.4129484, 40.6340455 ], [ 14.412938, 40.6340589 ], [ 14.412317, 40.6348433 ] ] } },
{ "type": "Feature", "properties": { "name": "Via Cavoniello", "name_manual": "Via Cavoniello", "name_original": "Via Cavoniello", "highway": "service", "status": "unexplored", "description": "unexplored" }, "geometry": { "type": "LineString", "coordinates": [ [ 14.4137418, 40.632569 ], [ 14.4139042, 40.6325985 ], [ 14.4139899, 40.6326092 ], [ 14.4140578, 40.632601 ], [ 14.4141903, 40.6325345 ], [ 14.4143508, 40.632459 ], [ 14.4144646, 40.6324225 ], [ 14.4146397, 40.6323808 ], [ 14.4147307, 40.6323775 ], [ 14.4148082, 40.6323714 ], [ 14.4149756, 40.6323585 ], [ 14.4151384, 40.6323563 ], [ 14.4153127, 40.6323444 ], [ 14.4154041, 40.6323195 ], [ 14.4155988, 40.632241 ], [ 14.4156778, 40.6321962 ], [ 14.4157509, 40.632137 ], [ 14.415809, 40.6320787 ], [ 14.4158463, 40.6320144 ], [ 14.4158833, 40.6319335 ], [ 14.4159018, 40.6318605 ], [ 14.4159023, 40.6318315 ], [ 14.4159748, 40.6316193 ], [ 14.4160179, 40.6315659 ], [ 14.4160784, 40.6315122 ], [ 14.4161391, 40.6314781 ], [ 14.4162153, 40.6314522 ], [ 14.416633, 40.6313561 ], [ 14.4169296, 40.6313078 ], [ 14.4170382, 40.631242 ], [ 14.4170787, 40.6312154 ], [ 14.4171465, 40.6311208 ], [ 14.4172495, 40.6310216 ], [ 14.417289, 40.6309958 ], [ 14.4174042, 40.6309681 ], [ 14.4174458, 40.6309638 ], [ 14.4176926, 40.6309614 ], [ 14.4178013, 40.6309602 ], [ 14.4178506, 40.6309579 ], [ 14.4179426, 40.630954 ], [ 14.4180348, 40.6309024 ], [ 14.4182095, 40.6308127 ], [ 14.4185132, 40.6306029 ], [ 14.4186011, 40.6305547 ] ] } },
{ "type": "Feature", "properties": { "name": "Via San Sergio", "name_manual": "Via San Sergio", "name_original": "Via San Sergio", "highway": "residential", "status": "unexplored", "description": "unexplored" }, "geometry": { "type": "LineString", "coordinates": [ [ 14.4070197, 40.6308994 ], [ 14.4069761, 40.6309303 ], [ 14.4068961, 40.6309825 ], [ 14.406786, 40.6310365 ], [ 14.4066245, 40.6311157 ] ] } },
{ "type": "Feature", "properties": { "name": "Via Madonna di Roselle", "name_manual": "Via Madonna di Roselle", "name_original": "Via Madonna di Roselle", "highway": "residential", "status": "unexplored", "description": "unexplored" }, "geometry": { "type": "LineString", "coordinates": [ [ 14.4063747, 40.6406 ], [ 14.4063094, 40.6406451 ], [ 14.4062861, 40.6406856 ], [ 14.4061624, 40.6409461 ], [ 14.4060737, 40.6410276 ], [ 14.4059423, 40.6412541 ], [ 14.4057088, 40.641774 ], [ 14.4055558, 40.6420757 ] ] } },
{ "type": "Feature", "properties": { "name": "Via Ponte Vecchio", "name_manual": "Via Ponte Vecchio", "name_original": "Via Ponte Vecchio", "highway": "residential", "status": "unexplored", "description": "unexplored" }, "geometry": { "type": "LineString", "coordinates": [ [ 14.4203926, 40.6361507 ], [ 14.4203972, 40.6359263 ], [ 14.4203807, 40.635819 ], [ 14.4203203, 40.6357097 ], [ 14.4202664, 40.6356758 ], [ 14.4201591, 40.6355885 ], [ 14.420112, 40.6355376 ], [ 14.4200918, 40.6354283 ], [ 14.420161, 40.6353366 ], [ 14.4203086, 40.6351041 ], [ 14.4203951, 40.6349528 ] ] } },
{ "type": "Feature", "properties": { "name": "Via Casa Starita", "name_manual": "Via Casa Starita", "name_original": "Via Casa Starita", "highway": "residential", "status": "unexplored", "description": "unexplored" }, "geometry": { "type": "LineString", "coordinates": [ [ 14.4203951, 40.6349528 ], [ 14.4204278, 40.6349307 ], [ 14.4204541, 40.6349156 ], [ 14.4204966, 40.6349062 ], [ 14.420538, 40.6349011 ], [ 14.420588, 40.6349194 ], [ 14.4206313, 40.6349497 ], [ 14.4208481, 40.6350498 ], [ 14.4209604, 40.6350432 ], [ 14.4211533, 40.634978 ], [ 14.4212881, 40.6349165 ] ] } },
{ "type": "Feature", "properties": { "name": "Traversa Sant'Agostino", "name_manual": "Traversa Sant'Agostino", "name_original": "Traversa Sant'Agostino", "highway": "residential", "status": "unexplored", "description": "unexplored" }, "geometry": { "type": "LineString", "coordinates": [ [ 14.4222745, 40.6307584 ], [ 14.4223679, 40.6308164 ], [ 14.4224755, 40.6308734 ], [ 14.4226779, 40.6309657 ], [ 14.4228251, 40.6310441 ], [ 14.4228562, 40.6310667 ], [ 14.4228746, 40.6310817 ], [ 14.4228718, 40.6310968 ], [ 14.4228986, 40.6311161 ] ] } },
{ "type": "Feature", "properties": { "name": "Via Sant'Agostino", "name_manual": "Via Sant'Agostino", "name_original": "Via Sant'Agostino", "highway": "service", "status": "unexplored", "description": "unexplored" }, "geometry": { "type": "LineString", "coordinates": [ [ 14.4228986, 40.6311161 ], [ 14.4228908, 40.6311472 ], [ 14.4227877, 40.631309 ], [ 14.4226583, 40.6315166 ], [ 14.4226475, 40.6315399 ], [ 14.422657, 40.6315611 ], [ 14.4228119, 40.6316357 ], [ 14.4229836, 40.6317009 ], [ 14.4227636, 40.6320916 ], [ 14.4226364, 40.6322981 ], [ 14.4226144, 40.63234 ] ] } },
{ "type": "Feature", "properties": { "name": "Via Trinità", "name_manual": "Via Trinità", "name_original": "Via Trinità", "highway": "service", "status": "unexplored", "description": "unexplored" }, "geometry": { "type": "LineString", "coordinates": [ [ 14.4220857, 40.6321944 ], [ 14.4219221, 40.6324104 ], [ 14.421808, 40.632569 ], [ 14.4217309, 40.6326931 ], [ 14.4216377, 40.6328025 ], [ 14.421507, 40.6329638 ], [ 14.4214171, 40.6331018 ], [ 14.4213179, 40.6332417 ], [ 14.4212857, 40.6332732 ], [ 14.4212334, 40.6333028 ], [ 14.4211288, 40.6333445 ], [ 14.4210278, 40.6334012 ], [ 14.420954, 40.6334734 ], [ 14.4208943, 40.6335895 ], [ 14.4208509, 40.6336752 ], [ 14.4207625, 40.6337636 ], [ 14.4206767, 40.6338217 ], [ 14.4206017, 40.633888 ], [ 14.4205213, 40.6340305 ], [ 14.4204783, 40.6341119 ], [ 14.420469, 40.6341699 ], [ 14.4204654, 40.6342239 ], [ 14.4204636, 40.6342503 ], [ 14.4204743, 40.6343317 ], [ 14.420485, 40.6343982 ] ] } },
{ "type": "Feature", "properties": { "name": "Traversa Seconda Sant'Andrea", "name_manual": "Traversa Seconda Sant'Andrea", "name_original": "Traversa Seconda Sant'Andrea", "highway": "service", "status": "unexplored", "description": "unexplored" }, "geometry": { "type": "LineString", "coordinates": [ [ 14.4097701, 40.6273625 ], [ 14.4095481, 40.6275132 ], [ 14.4093434, 40.6275635 ], [ 14.4092613, 40.6276224 ], [ 14.4092097, 40.6276911 ] ] } },
{ "type": "Feature", "properties": { "name": "Traversa Seconda Bagnulo", "name_manual": "Traversa Seconda Bagnulo", "name_original": "Traversa Seconda Bagnulo", "highway": "residential", "status": "unexplored", "description": "unexplored" }, "geometry": { "type": "LineString", "coordinates": [ [ 14.4081843, 40.6377632 ], [ 14.4084552, 40.6375815 ], [ 14.4086726, 40.6375314 ], [ 14.4087497, 40.6374999 ], [ 14.4091612, 40.6372644 ], [ 14.4092559, 40.6372037 ], [ 14.4093244, 40.6371641 ], [ 14.4093811, 40.6371643 ] ] } },
{ "type": "Feature", "properties": { "name": "via Lavinola", "name_manual": "via Lavinola", "name_original": "via Lavinola", "highway": "residential", "status": "unexplored", "description": "unexplored" }, "geometry": { "type": "LineString", "coordinates": [ [ 14.4390059, 40.6335633 ], [ 14.4389185, 40.6334951 ], [ 14.4388387, 40.633403 ], [ 14.4387757, 40.6332128 ], [ 14.438712, 40.6330127 ], [ 14.4386139, 40.6326934 ], [ 14.4386181, 40.6326148 ], [ 14.4385454, 40.6324876 ], [ 14.4382547, 40.6322718 ], [ 14.4380252, 40.6320727 ], [ 14.4379422, 40.6319634 ], [ 14.4378986, 40.6318397 ], [ 14.4377782, 40.6315923 ], [ 14.4376503, 40.6313656 ], [ 14.4375702, 40.6312683 ], [ 14.4374821, 40.6309522 ], [ 14.4375382, 40.6306787 ], [ 14.4376183, 40.630393 ], [ 14.4376821, 40.630211 ], [ 14.4377183, 40.6300129 ], [ 14.437749, 40.6299553 ], [ 14.4377857, 40.6299074 ], [ 14.437938, 40.6298181 ], [ 14.4382565, 40.6296719 ], [ 14.4385127, 40.6295602 ], [ 14.4385869, 40.6295198 ], [ 14.4386533, 40.6294574 ], [ 14.438712, 40.6293992 ], [ 14.438758, 40.6292999 ], [ 14.4387624, 40.6292289 ] ] } },
{ "type": "Feature", "properties": { "name": "Via San Liborio", "name_manual": "Via San Liborio", "name_original": "Via San Liborio", "highway": "residential", "status": "unexplored", "description": "unexplored" }, "geometry": { "type": "LineString", "coordinates": [ [ 14.4202846, 40.6234105 ], [ 14.4201156, 40.6234046 ], [ 14.4199349, 40.6233902 ], [ 14.4198091, 40.6233647 ], [ 14.4191563, 40.6231441 ], [ 14.4191291, 40.623173 ], [ 14.4189423, 40.6235402 ], [ 14.4186111, 40.6239677 ], [ 14.4185142, 40.6241184 ], [ 14.4184427, 40.6242969 ], [ 14.4184491, 40.6244304 ], [ 14.4185378, 40.6245868 ], [ 14.4185506, 40.6246665 ], [ 14.4184972, 40.6247428 ] ] } },
{ "type": "Feature", "properties": { "name": "Via Galatea", "name_manual": "Via Galatea", "name_original": "Via Galatea", "highway": "residential", "status": "unexplored", "description": "unexplored" }, "geometry": { "type": "LineString", "coordinates": [ [ 14.4152826, 40.6215225 ], [ 14.4152306, 40.6216205 ], [ 14.4151615, 40.6218337 ], [ 14.4151081, 40.6219219 ], [ 14.4150364, 40.6219537 ], [ 14.4148374, 40.6219546 ], [ 14.4146978, 40.6219456 ], [ 14.4146359, 40.6219449 ], [ 14.4145728, 40.6219372 ], [ 14.4144934, 40.6219166 ], [ 14.4144405, 40.6218948 ], [ 14.4143966, 40.6218706 ], [ 14.4142871, 40.6217813 ], [ 14.4141711, 40.6216803 ], [ 14.4138474, 40.621871 ], [ 14.4136595, 40.6219493 ], [ 14.4135657, 40.6220017 ], [ 14.4135006, 40.6220526 ], [ 14.4134496, 40.6221065 ], [ 14.4134088, 40.622187 ], [ 14.4133287, 40.6224084 ], [ 14.4132585, 40.6226319 ], [ 14.4132136, 40.6227498 ], [ 14.4131664, 40.6228465 ], [ 14.4131079, 40.6229348 ], [ 14.4128529, 40.6229701 ], [ 14.4127032, 40.623004 ], [ 14.4126496, 40.6230211 ], [ 14.4126048, 40.6230415 ], [ 14.4122949, 40.6232045 ], [ 14.4120673, 40.623343 ], [ 14.4120015, 40.6233971 ], [ 14.4119633, 40.6234285 ], [ 14.4118034, 40.6235256 ], [ 14.4117323, 40.623552 ], [ 14.411672, 40.6235601 ], [ 14.4116258, 40.6235589 ], [ 14.4114828, 40.6235551 ], [ 14.4114306, 40.6235708 ], [ 14.4113994, 40.6235947 ], [ 14.4113573, 40.6236821 ], [ 14.4112477, 40.6239393 ], [ 14.41117, 40.6240843 ], [ 14.4111701, 40.6241183 ], [ 14.4111786, 40.6241526 ], [ 14.4112032, 40.6241966 ], [ 14.4112673, 40.6242519 ] ] } },
{ "type": "Feature", "properties": { "name": "Via Artemano", "name_manual": "Via Artemano", "name_original": "Via Artemano", "highway": "residential", "status": "unexplored", "description": "unexplored" }, "geometry": { "type": "LineString", "coordinates": [ [ 14.4215944, 40.6215941 ], [ 14.4217344, 40.6215291 ], [ 14.4219145, 40.6214307 ], [ 14.4220162, 40.6212941 ], [ 14.4224644, 40.6209608 ], [ 14.422499, 40.6209246 ], [ 14.4225403, 40.6208814 ], [ 14.4228063, 40.6206879 ], [ 14.4232569, 40.6204029 ], [ 14.4236788, 40.6201307 ], [ 14.4242162, 40.6198693 ], [ 14.4243061, 40.6198231 ], [ 14.4244212, 40.6197449 ], [ 14.4245163, 40.6196599 ], [ 14.4247443, 40.6194741 ], [ 14.4248128, 40.6194303 ], [ 14.4251774, 40.6192924 ], [ 14.4252424, 40.6192475 ], [ 14.4254134, 40.6191249 ], [ 14.4255368, 40.6190541 ], [ 14.4256047, 40.619013 ], [ 14.4256704, 40.6189682 ], [ 14.425716, 40.6189 ], [ 14.4257911, 40.6188022 ], [ 14.4258578, 40.6187045 ], [ 14.4260411, 40.6184652 ] ] } },
{ "type": "Feature", "properties": { "name": "Via Salita Caposcannato", "name_manual": "Via Salita Caposcannato", "name_original": "Via Salita Caposcannato", "highway": "service", "status": "unexplored", "description": "unexplored" }, "geometry": { "type": "LineString", "coordinates": [ [ 14.4240164, 40.6190896 ], [ 14.424081, 40.6191351 ], [ 14.4241012, 40.619135 ], [ 14.4242153, 40.6190501 ], [ 14.4243171, 40.6189659 ], [ 14.4243555, 40.6189499 ], [ 14.4244016, 40.6189404 ], [ 14.4245193, 40.6189299 ], [ 14.4246024, 40.6189286 ], [ 14.4246676, 40.618938 ], [ 14.4247235, 40.6189522 ], [ 14.4249521, 40.6190266 ], [ 14.4250306, 40.6190463 ], [ 14.4250973, 40.6190553 ], [ 14.4251878, 40.6190506 ], [ 14.4252737, 40.6190593 ], [ 14.4253193, 40.6190694 ], [ 14.4253819, 40.6191015 ], [ 14.4254134, 40.6191249 ] ] } },
{ "type": "Feature", "properties": { "name": "Via Mortora San Liborio", "name_manual": "Via Mortora San Liborio", "name_original": "Via Mortora San Liborio", "highway": "primary_link", "status": "unexplored", "description": "unexplored" }, "geometry": { "type": "LineString", "coordinates": [ [ 14.4216538, 40.6216447 ], [ 14.4219426, 40.6214914 ] ] } },
{ "type": "Feature", "properties": { "name": "Via Mortora San Liborio", "name_manual": "Via Mortora San Liborio", "name_original": "Via Mortora San Liborio", "highway": "primary_link", "status": "unexplored", "description": "unexplored" }, "geometry": { "type": "LineString", "coordinates": [ [ 14.421525, 40.6217032 ], [ 14.4216538, 40.6216447 ] ] } },
{ "type": "Feature", "properties": { "name": "Via Pontecorvo", "name_manual": "Via Pontecorvo", "name_original": "Via Pontecorvo", "highway": "residential", "status": "unexplored", "description": "unexplored" }, "geometry": { "type": "LineString", "coordinates": [ [ 14.4139203, 40.6152612 ], [ 14.4139639, 40.6152341 ], [ 14.4140716, 40.615219 ], [ 14.4142389, 40.6152223 ], [ 14.4144219, 40.6152543 ], [ 14.4145474, 40.6153074 ], [ 14.4146557, 40.6153573 ], [ 14.4147271, 40.6153839 ], [ 14.4148545, 40.6154027 ], [ 14.4150586, 40.6154197 ], [ 14.4151717, 40.6154341 ], [ 14.4152844, 40.6154561 ], [ 14.4154519, 40.615539 ], [ 14.4156152, 40.6156303 ], [ 14.4158007, 40.6157283 ], [ 14.4159882, 40.6157279 ], [ 14.4162209, 40.615677 ], [ 14.4164047, 40.6156198 ], [ 14.4165783, 40.6155976 ], [ 14.4168894, 40.6155854 ], [ 14.4170718, 40.615618 ], [ 14.4171557, 40.6156763 ], [ 14.4172545, 40.6156998 ], [ 14.4173244, 40.615673 ], [ 14.4174883, 40.6155749 ], [ 14.4176744, 40.6155227 ], [ 14.4178337, 40.6153982 ], [ 14.4179552, 40.6152418 ], [ 14.4180469, 40.6150211 ], [ 14.4181233, 40.6148727 ], [ 14.4184059, 40.6145403 ], [ 14.4185268, 40.6144058 ], [ 14.4185654, 40.6142482 ], [ 14.4185986, 40.614104 ], [ 14.4186553, 40.6138722 ], [ 14.41869, 40.6136294 ], [ 14.4188379, 40.6134316 ], [ 14.4189529, 40.6133169 ], [ 14.4191019, 40.6132616 ], [ 14.4193874, 40.6131913 ], [ 14.4196253, 40.6131843 ], [ 14.4198017, 40.6131595 ], [ 14.4200354, 40.6130989 ], [ 14.4201915, 40.6131343 ], [ 14.4203281, 40.6131653 ], [ 14.420434, 40.6132236 ], [ 14.4204936, 40.6132812 ], [ 14.4205681, 40.6133742 ], [ 14.4206868, 40.6135591 ], [ 14.4207303, 40.6136869 ], [ 14.4207568, 40.6138736 ], [ 14.4207219, 40.6141942 ], [ 14.4208007, 40.6144778 ], [ 14.4208847, 40.6146531 ], [ 14.4210364, 40.6150018 ], [ 14.421029, 40.6150805 ], [ 14.4209502, 40.6152393 ], [ 14.4208454, 40.6154666 ], [ 14.4207644, 40.6156841 ], [ 14.4207252, 40.6157894 ], [ 14.4207089, 40.6160008 ], [ 14.4206982, 40.6161433 ], [ 14.4208272, 40.6162618 ], [ 14.4210042, 40.6163677 ], [ 14.4212027, 40.6165509 ], [ 14.4213312, 40.616807 ], [ 14.4213046, 40.6170192 ], [ 14.4213955, 40.6173364 ], [ 14.4215728, 40.6176015 ], [ 14.4217284, 40.6177643 ], [ 14.4219698, 40.6179802 ], [ 14.4221039, 40.6180372 ], [ 14.4222756, 40.6180127 ], [ 14.4225435, 40.617882 ], [ 14.4228603, 40.6177033 ], [ 14.4229165, 40.6176957 ], [ 14.4229515, 40.6177114 ], [ 14.4230085, 40.6177622 ] ] } },
{ "type": "Feature", "properties": { "name": "Via Creta", "name_manual": "Via Creta", "name_original": "Via Creta", "highway": "residential", "status": "unexplored", "description": "unexplored" }, "geometry": { "type": "LineString", "coordinates": [ [ 14.4256704, 40.6189682 ], [ 14.425934, 40.6191473 ], [ 14.4261499, 40.619413 ], [ 14.4263584, 40.6195525 ], [ 14.4265857, 40.6197576 ], [ 14.4266421, 40.619977 ], [ 14.4268178, 40.6200895 ], [ 14.4268606, 40.6202249 ], [ 14.4269203, 40.6202895 ], [ 14.4269752, 40.6203405 ], [ 14.4269458, 40.6204005 ], [ 14.4269411, 40.620455 ], [ 14.4270866, 40.6206361 ], [ 14.4271698, 40.6207562 ], [ 14.4271852, 40.6207898 ], [ 14.4271785, 40.6208514 ], [ 14.427153, 40.6209924 ], [ 14.4271423, 40.6212633 ], [ 14.4271732, 40.6213736 ], [ 14.4273039, 40.6217013 ], [ 14.4273059, 40.6217421 ], [ 14.4272636, 40.6217757 ], [ 14.4271611, 40.6218485 ], [ 14.4271134, 40.6219971 ], [ 14.4270639, 40.6221254 ], [ 14.4270323, 40.6221717 ], [ 14.4268599, 40.622286 ], [ 14.4268163, 40.622344 ], [ 14.4266253, 40.6228405 ] ] } },
{ "type": "Feature", "properties": { "name": "via Colli di Fontanelle", "name_manual": "via Colli di Fontanelle", "name_original": "via Colli di Fontanelle", "highway": "residential", "status": "unexplored", "description": "unexplored" }, "geometry": { "type": "LineString", "coordinates": [ [ 14.4133692, 40.6168258 ], [ 14.4134805, 40.6168742 ], [ 14.4135925, 40.6169627 ], [ 14.4137775, 40.6171389 ], [ 14.4139471, 40.6173058 ], [ 14.4142281, 40.6174484 ], [ 14.4142907, 40.6175222 ], [ 14.4143455, 40.6175995 ], [ 14.4143703, 40.6177557 ], [ 14.4145106, 40.6182486 ], [ 14.4145588, 40.6184461 ], [ 14.4146975, 40.6185788 ], [ 14.4147538, 40.6186704 ], [ 14.4148002, 40.6189286 ], [ 14.4149746, 40.6194885 ], [ 14.4149631, 40.6195744 ], [ 14.414929, 40.6197104 ], [ 14.4149102, 40.6202275 ], [ 14.4149309, 40.6202869 ], [ 14.4149845, 40.6203786 ], [ 14.4150841, 40.6204299 ] ] } },
{ "type": "Feature", "properties": { "name": "Corso Italia", "name_manual": "Corso Italia", "name_original": "Corso Italia", "highway": "primary", "status": "unexplored", "description": "unexplored" }, "geometry": { "type": "LineString", "coordinates": [ [ 14.41829, 40.6358609 ], [ 14.4181545, 40.6356207 ] ] } },
{ "type": "Feature", "properties": { "name": "Corso Italia", "name_manual": "Corso Italia", "name_original": "Corso Italia", "highway": "primary", "status": "unexplored", "description": "unexplored" }, "geometry": { "type": "LineString", "coordinates": [ [ 14.4181545, 40.6356207 ], [ 14.4180641, 40.6355756 ], [ 14.4177405, 40.6354071 ], [ 14.4176651, 40.6353677 ], [ 14.4175282, 40.635296 ], [ 14.4169673, 40.6350024 ], [ 14.4169296, 40.6349861 ], [ 14.4167916, 40.6349057 ] ] } },
{ "type": "Feature", "properties": { "name": "Corso Italia", "name_manual": "Corso Italia", "name_original": "Corso Italia", "highway": "primary", "status": "unexplored", "description": "unexplored" }, "geometry": { "type": "LineString", "coordinates": [ [ 14.4155357, 40.6344338 ], [ 14.4153452, 40.6343454 ], [ 14.4150506, 40.634202 ], [ 14.4149968, 40.6341754 ], [ 14.4149735, 40.6341638 ], [ 14.4149156, 40.6341352 ] ] } },
{ "type": "Feature", "properties": { "name": "Via dei Platani", "name_manual": "Via dei Platani", "name_original": "Via dei Platani", "highway": "primary_link", "status": "unexplored", "description": "unexplored" }, "geometry": { "type": "LineString", "coordinates": [ [ 14.411542, 40.6289911 ], [ 14.41138, 40.6289243 ] ] } },
{ "type": "Feature", "properties": { "name": "Via dei Platani", "name_manual": "Via dei Platani", "name_original": "Via dei Platani", "highway": "primary_link", "status": "unexplored", "description": "unexplored" }, "geometry": { "type": "LineString", "coordinates": [ [ 14.4114302, 40.6288815 ], [ 14.4114495, 40.6289068 ], [ 14.4114988, 40.6289491 ], [ 14.411542, 40.6289911 ] ] } },
{ "type": "Feature", "properties": { "name": "Via Mortora", "name_manual": "Via Mortora", "name_original": "Via Mortora", "highway": "primary_link", "status": "unexplored", "description": "unexplored" }, "geometry": { "type": "LineString", "coordinates": [ [ 14.4113303, 40.628918 ], [ 14.4111723, 40.6289161 ], [ 14.4110894, 40.6289271 ], [ 14.4109536, 40.6289642 ] ] } },
{ "type": "Feature", "properties": { "name": "Via Mortora San Liborio", "name_manual": "Via Mortora San Liborio", "name_original": "Via Mortora San Liborio", "highway": "primary_link", "status": "unexplored", "description": "unexplored" }, "geometry": { "type": "LineString", "coordinates": [ [ 14.411644, 40.6287585 ], [ 14.4115389, 40.6288099 ], [ 14.4114792, 40.6288531 ], [ 14.4114302, 40.6288815 ] ] } },
{ "type": "Feature", "properties": { "name": "Via Mortora San Liborio", "name_manual": "Via Mortora San Liborio", "name_original": "Via Mortora San Liborio", "highway": "secondary", "status": "unexplored", "description": "unexplored" }, "geometry": { "type": "LineString", "coordinates": [ [ 14.4131825, 40.6282618 ], [ 14.4133322, 40.6281438 ], [ 14.4134356, 40.628057 ], [ 14.4134853, 40.6280159 ], [ 14.4135153, 40.6279563 ], [ 14.4135369, 40.627901 ], [ 14.4135489, 40.6278458 ], [ 14.4135692, 40.6277083 ], [ 14.4135877, 40.6276707 ], [ 14.413686, 40.6275644 ], [ 14.4137451, 40.6275159 ], [ 14.4137972, 40.6274844 ], [ 14.4138612, 40.6274558 ], [ 14.413933, 40.627434 ], [ 14.4141706, 40.6273435 ], [ 14.4147794, 40.6268613 ], [ 14.4148296, 40.6268071 ], [ 14.4149859, 40.6265132 ], [ 14.4151642, 40.6262465 ], [ 14.4152514, 40.6261203 ], [ 14.415305, 40.6260672 ], [ 14.4153479, 40.6260417 ], [ 14.4153851, 40.6260232 ], [ 14.4162921, 40.6258185 ], [ 14.4164203, 40.6257933 ], [ 14.4170431, 40.6256869 ], [ 14.4171497, 40.6256666 ], [ 14.4172242, 40.6256498 ], [ 14.4177445, 40.6254744 ], [ 14.4181837, 40.6253571 ], [ 14.4184849, 40.6252709 ], [ 14.4186958, 40.6252047 ], [ 14.4187849, 40.6251769 ], [ 14.4188585, 40.6251393 ], [ 14.4189048, 40.625106 ], [ 14.418945, 40.6250675 ], [ 14.4190226, 40.6249625 ], [ 14.4190474, 40.6249114 ], [ 14.4190649, 40.6248566 ], [ 14.419095, 40.6247108 ], [ 14.4191191, 40.6245842 ], [ 14.419128, 40.624519 ], [ 14.4191495, 40.6244587 ], [ 14.4191838, 40.6244008 ], [ 14.4192242, 40.6243533 ], [ 14.4192745, 40.6243096 ], [ 14.4193345, 40.6242709 ], [ 14.4196529, 40.6241489 ], [ 14.4196939, 40.6241325 ], [ 14.4197934, 40.6240754 ], [ 14.4199372, 40.6239711 ], [ 14.4200211, 40.6238711 ], [ 14.4201377, 40.6236919 ], [ 14.4202846, 40.6234105 ] ] } },
{ "type": "Feature", "properties": { "name": "Via Sant'Andrea", "name_manual": "Via Sant'Andrea", "name_original": "Via Sant'Andrea", "highway": "residential", "status": "unexplored", "description": "unexplored" }, "geometry": { "type": "LineString", "coordinates": [ [ 14.4113303, 40.628918 ], [ 14.4112054, 40.6288818 ], [ 14.4111509, 40.628859 ], [ 14.41109, 40.6288352 ], [ 14.4109829, 40.6287514 ] ] } },
{ "type": "Feature", "properties": { "name": "Corso Italia", "name_manual": "Corso Italia", "name_original": "Corso Italia", "highway": "primary", "status": "unexplored", "description": "unexplored" }, "geometry": { "type": "LineString", "coordinates": [ [ 14.4149156, 40.6341352 ], [ 14.4147446, 40.6340448 ], [ 14.4145175, 40.6339249 ], [ 14.4144486, 40.6338905 ], [ 14.4142726, 40.6337935 ], [ 14.414208, 40.6337582 ], [ 14.4141437, 40.633723 ], [ 14.4141143, 40.6337072 ], [ 14.4140776, 40.6336876 ], [ 14.4140549, 40.6336754 ], [ 14.4138808, 40.6335863 ], [ 14.4136543, 40.63347 ], [ 14.413623, 40.6334553 ], [ 14.413549, 40.6334168 ], [ 14.4134838, 40.6333829 ] ] } },
{ "type": "Feature", "properties": { "name": "Corso Italia", "name_manual": "Corso Italia", "name_original": "Corso Italia", "highway": "primary", "status": "unexplored", "description": "unexplored" }, "geometry": { "type": "LineString", "coordinates": [ [ 14.4067441, 40.6308762 ], [ 14.4066041, 40.6308637 ], [ 14.4062243, 40.6308238 ], [ 14.4060872, 40.630811 ], [ 14.4059729, 40.6308012 ], [ 14.4053296, 40.6307383 ], [ 14.4049223, 40.6306856 ], [ 14.4046305, 40.6306443 ], [ 14.4043695, 40.6306073 ], [ 14.4041763, 40.6305808 ], [ 14.4040992, 40.6305716 ], [ 14.4038446, 40.6305365 ], [ 14.403787, 40.6305284 ], [ 14.4037392, 40.6305218 ], [ 14.4035696, 40.6304984 ], [ 14.4035281, 40.6304922 ], [ 14.4032601, 40.6304493 ], [ 14.40321, 40.6304422 ], [ 14.4028975, 40.63038 ], [ 14.4026055, 40.6303262 ], [ 14.40255, 40.6303151 ], [ 14.4023443, 40.6302711 ], [ 14.4021844, 40.6302206 ], [ 14.4021417, 40.6302083 ], [ 14.4020452, 40.6301834 ], [ 14.4019227, 40.6301524 ] ] } },
{ "type": "Feature", "properties": { "name": "Via Sant'Andrea", "name_manual": "Via Sant'Andrea", "name_original": "Via Sant'Andrea", "highway": "residential", "status": "unexplored", "description": "unexplored" }, "geometry": { "type": "LineString", "coordinates": [ [ 14.408501, 40.6272452 ], [ 14.4087772, 40.6274413 ], [ 14.4089802, 40.6275663 ], [ 14.4092097, 40.6276911 ], [ 14.4093529, 40.6279198 ], [ 14.409546, 40.6280918 ], [ 14.409658, 40.6281226 ], [ 14.409769, 40.6281723 ], [ 14.4099373, 40.6282196 ], [ 14.4100587, 40.6282537 ], [ 14.4102303, 40.6283433 ], [ 14.4103483, 40.6284736 ], [ 14.4106118, 40.6285956 ], [ 14.4108229, 40.6286934 ], [ 14.4109209, 40.6287289 ], [ 14.4109829, 40.6287514 ] ] } },
{ "type": "Feature", "properties": { "name": "Via San Sergio", "name_manual": "Via San Sergio", "name_original": "Via San Sergio", "highway": "residential", "status": "unexplored", "description": "unexplored" }, "geometry": { "type": "LineString", "coordinates": [ [ 14.4066245, 40.6311157 ], [ 14.4065981, 40.6310211 ], [ 14.4065966, 40.6310073 ], [ 14.4065886, 40.6309175 ], [ 14.4066041, 40.6308637 ] ] } },
{ "type": "Feature", "properties": { "name": "Via Cavone", "name_manual": "Via Cavone", "name_original": "Via Cavone", "highway": "primary", "status": "unexplored", "description": "unexplored" }, "geometry": { "type": "LineString", "coordinates": [ [ 14.418028, 40.6334007 ], [ 14.4179958, 40.6334409 ], [ 14.4179319, 40.6335207 ], [ 14.417861, 40.6336216 ], [ 14.4175888, 40.6339397 ], [ 14.4174737, 40.6340823 ], [ 14.4174031, 40.6341717 ], [ 14.417332, 40.6342534 ], [ 14.4172922, 40.6343014 ], [ 14.4172422, 40.6343618 ], [ 14.4167916, 40.6349057 ] ] } },
{ "type": "Feature", "properties": { "name": "Piazza Cota", "name_manual": "Piazza Cota", "name_original": "Piazza Cota", "highway": "residential", "status": "unexplored", "description": "unexplored" }, "geometry": { "type": "LineString", "coordinates": [ [ 14.4111735, 40.632705 ], [ 14.4112707, 40.6327499 ], [ 14.4113017, 40.6327604 ], [ 14.4115512, 40.632884 ], [ 14.4117137, 40.6329664 ], [ 14.4117522, 40.6329852 ] ] } },
{ "type": "Feature", "properties": { "name": "Via Rivolo San Liborio", "name_manual": "Via Rivolo San Liborio", "name_original": "Via Rivolo San Liborio", "highway": "service", "status": "unexplored", "description": "unexplored" }, "geometry": { "type": "LineString", "coordinates": [ [ 14.4196338, 40.6258916 ], [ 14.419726, 40.6256844 ], [ 14.4198095, 40.6254742 ], [ 14.4198192, 40.6254345 ], [ 14.4198292, 40.6253938 ], [ 14.4198212, 40.6253607 ], [ 14.4198044, 40.6253287 ], [ 14.4197733, 40.6252911 ], [ 14.4196194, 40.6251989 ], [ 14.4194511, 40.6251507 ], [ 14.4194028, 40.6251368 ], [ 14.4191292, 40.6250116 ], [ 14.4190851, 40.6249913 ], [ 14.4190226, 40.6249625 ], [ 14.4184972, 40.6247428 ] ] } },
{ "type": "Feature", "properties": { "name": "Via Traversa Petrulo", "name_manual": "Via Traversa Petrulo", "name_original": "Via Traversa Petrulo", "highway": "residential", "status": "unexplored", "description": "unexplored" }, "geometry": { "type": "LineString", "coordinates": [ [ 14.4206797, 40.6266989 ], [ 14.4210127, 40.6267011 ], [ 14.42111, 40.6266931 ], [ 14.4215968, 40.6264824 ], [ 14.4216143, 40.626459 ], [ 14.4216129, 40.6264275 ], [ 14.4211489, 40.6259674 ] ] } },
{ "type": "Feature", "properties": { "name": "Via Casadardia", "name_manual": "Via Casadardia", "name_original": "Via Casadardia", "highway": "residential", "status": "unexplored", "description": "unexplored" }, "geometry": { "type": "LineString", "coordinates": [ [ 14.4211489, 40.6259674 ], [ 14.4209357, 40.6257547 ], [ 14.4208458, 40.6256997 ] ] } },
{ "type": "Feature", "properties": { "name": "Via Cermenna", "name_manual": "Via Cermenna", "name_original": "Via Cermenna", "highway": "service", "status": "unexplored", "description": "unexplored" }, "geometry": { "type": "LineString", "coordinates": [ [ 14.4279608, 40.6174722 ], [ 14.4280784, 40.6175308 ], [ 14.4285101, 40.6176667 ], [ 14.4301264, 40.6180484 ], [ 14.4310455, 40.6185839 ] ] } },
{ "type": "Feature", "properties": { "name": "Via Formiello", "name_manual": "Via Formiello", "name_original": "Via Formiello", "highway": "residential", "status": "unexplored", "description": "unexplored" }, "geometry": { "type": "LineString", "coordinates": [ [ 14.4161365, 40.627643 ], [ 14.4159394, 40.6281499 ], [ 14.4159776, 40.6282474 ], [ 14.416156, 40.6283909 ], [ 14.4163303, 40.6284937 ], [ 14.4164983, 40.6286551 ] ] } },
{ "type": "Feature", "properties": { "name": "Via dei Tigli", "name_manual": "Via dei Tigli", "name_original": "Via dei Tigli", "highway": "residential", "status": "unexplored", "description": "unexplored" }, "geometry": { "type": "LineString", "coordinates": [ [ 14.4109706, 40.6350443 ], [ 14.4110303, 40.6350024 ], [ 14.4110879, 40.6349413 ], [ 14.4115592, 40.6342378 ] ] } },
{ "type": "Feature", "properties": { "name": "Traversa 1 San Michele", "name_manual": "Traversa 1 San Michele", "name_original": "Traversa 1 San Michele", "highway": "pedestrian", "status": "unexplored", "description": "unexplored" }, "geometry": { "type": "LineString", "coordinates": [ [ 14.4101682, 40.6323865 ], [ 14.4104829, 40.6326706 ], [ 14.4105267, 40.6327089 ], [ 14.4106327, 40.6328281 ], [ 14.4107332, 40.6329028 ], [ 14.4107815, 40.6329379 ], [ 14.4107984, 40.6329389 ], [ 14.4109905, 40.6329577 ] ] } },
{ "type": "Feature", "properties": { "name": "Piazza Cota", "name_manual": "Piazza Cota", "name_original": "Piazza Cota", "highway": "residential", "status": "unexplored", "description": "unexplored" }, "geometry": { "type": "LineString", "coordinates": [ [ 14.4120092, 40.6326716 ], [ 14.4119812, 40.6327089 ], [ 14.4119019, 40.632806 ], [ 14.4117522, 40.6329852 ], [ 14.4117327, 40.6330137 ], [ 14.4115115, 40.6332745 ] ] } },
{ "type": "Feature", "properties": { "name": "Via Casa Lauro", "name_manual": "Via Casa Lauro", "name_original": "Via Casa Lauro", "highway": "pedestrian", "status": "unexplored", "description": "unexplored" }, "geometry": { "type": "LineString", "coordinates": [ [ 14.4115115, 40.6332745 ], [ 14.4115272, 40.6333031 ], [ 14.4118524, 40.6334636 ], [ 14.412026, 40.6335557 ], [ 14.4123083, 40.6337073 ], [ 14.412366, 40.6337388 ], [ 14.4125369, 40.6338431 ], [ 14.4125578, 40.633862 ], [ 14.4127254, 40.6339542 ], [ 14.4128852, 40.6340262 ], [ 14.4129484, 40.6340455 ] ] } },
{ "type": "Feature", "properties": { "name": "Via Casa Rosa", "name_manual": "Via Casa Rosa", "name_original": "Via Casa Rosa", "highway": "residential", "status": "unexplored", "description": "unexplored" }, "geometry": { "type": "LineString", "coordinates": [ [ 14.4115592, 40.6342378 ], [ 14.4114581, 40.6339195 ], [ 14.4112454, 40.6333014 ], [ 14.411189, 40.6331722 ], [ 14.4111744, 40.6331386 ] ] } },
{ "type": "Feature", "properties": { "name": "Via Vincenzo Iaccarino", "name_manual": "Via Vincenzo Iaccarino", "name_original": "Via Vincenzo Iaccarino", "highway": "residential", "status": "unexplored", "description": "unexplored" }, "geometry": { "type": "LineString", "coordinates": [ [ 14.411749, 40.6306309 ], [ 14.4124672, 40.630608 ], [ 14.4125083, 40.6306055 ], [ 14.4125944, 40.6305951 ], [ 14.412637, 40.630589 ], [ 14.4126707, 40.6305842 ], [ 14.4128035, 40.6305428 ], [ 14.4128557, 40.6305173 ], [ 14.4128977, 40.6304908 ], [ 14.412925, 40.6304658 ], [ 14.4129595, 40.6304343 ], [ 14.4129902, 40.6304098 ], [ 14.4131192, 40.6302953 ], [ 14.4131924, 40.6302189 ] ] } },
{ "type": "Feature", "properties": { "name": "Via Vincenzo Iaccarino", "name_manual": "Via Vincenzo Iaccarino", "name_original": "Via Vincenzo Iaccarino", "highway": "residential", "status": "unexplored", "description": "unexplored" }, "geometry": { "type": "LineString", "coordinates": [ [ 14.4093404, 40.6309694 ], [ 14.4093849, 40.6309136 ], [ 14.4094854, 40.6308561 ], [ 14.4096125, 40.6308238 ], [ 14.4096682, 40.630818 ], [ 14.409732, 40.6308154 ], [ 14.4104396, 40.6307856 ], [ 14.410548, 40.630784 ], [ 14.4106798, 40.6307932 ] ] } },
{ "type": "Feature", "properties": { "name": "Via Giuseppe Cappiello", "name_manual": "Via Giuseppe Cappiello", "name_original": "Via Giuseppe Cappiello", "highway": "residential", "status": "unexplored", "description": "unexplored" }, "geometry": { "type": "LineString", "coordinates": [ [ 14.424145, 40.6237924 ], [ 14.4242274, 40.6237648 ], [ 14.4247161, 40.6237452 ], [ 14.424857, 40.6237662 ], [ 14.4250837, 40.6238583 ], [ 14.4251125, 40.6238788 ] ] } },
{ "type": "Feature", "properties": { "name": "Via Mortora San Liborio", "name_manual": "Via Mortora San Liborio", "name_original": "Via Mortora San Liborio", "highway": "primary_link", "status": "unexplored", "description": "unexplored" }, "geometry": { "type": "LineString", "coordinates": [ [ 14.4219426, 40.6214914 ], [ 14.4220984, 40.6214153 ], [ 14.4221597, 40.6213964 ], [ 14.4222257, 40.6213815 ], [ 14.4223182, 40.621369 ], [ 14.42241, 40.6213659 ], [ 14.4224925, 40.6213708 ], [ 14.4225683, 40.6213886 ], [ 14.4226264, 40.6214168 ], [ 14.4226629, 40.6214445 ], [ 14.4226854, 40.6214681 ], [ 14.4227141, 40.6215286 ], [ 14.4227301, 40.6215821 ] ] } },
{ "type": "Feature", "properties": { "name": "Via Lamma", "name_manual": "Via Lamma", "name_original": "Via Lamma", "highway": "residential", "status": "unexplored", "description": "unexplored" }, "geometry": { "type": "LineString", "coordinates": [ [ 14.4259166, 40.6300966 ], [ 14.4259465, 40.6300272 ], [ 14.426073, 40.6298422 ], [ 14.4261191, 40.629787 ], [ 14.4261761, 40.6297069 ], [ 14.4262755, 40.6295817 ], [ 14.426301, 40.6295035 ], [ 14.4263471, 40.6293976 ], [ 14.4263292, 40.6292038 ], [ 14.4263211, 40.6290205 ], [ 14.4263185, 40.6288256 ], [ 14.4263242, 40.6287176 ], [ 14.4263663, 40.6285682 ], [ 14.4265496, 40.6282099 ], [ 14.4266152, 40.6280611 ], [ 14.4266621, 40.6279283 ], [ 14.4266923, 40.6276866 ], [ 14.4266765, 40.6274137 ], [ 14.4266689, 40.6272794 ] ] } },
{ "type": "Feature", "properties": { "name": "Via Meta Amalfi", "name_manual": "Via Meta Amalfi", "name_original": "Via Meta Amalfi", "highway": "primary", "status": "unexplored", "description": "unexplored" }, "geometry": { "type": "LineString", "coordinates": [ [ 14.4238026, 40.6289777 ], [ 14.4238495, 40.6291147 ], [ 14.4238938, 40.629256 ], [ 14.4239207, 40.6293215 ], [ 14.4239635, 40.6294068 ], [ 14.4240765, 40.6295596 ], [ 14.4241726, 40.6296716 ], [ 14.4242101, 40.6297441 ], [ 14.4242147, 40.6297547 ], [ 14.424307, 40.6298456 ], [ 14.4243453, 40.6299154 ], [ 14.4243948, 40.6300218 ], [ 14.4244372, 40.6301238 ], [ 14.4244797, 40.6301796 ], [ 14.4245108, 40.6302033 ], [ 14.424559, 40.6302204 ], [ 14.4249113, 40.6302173 ], [ 14.4249674, 40.6302168 ], [ 14.4252973, 40.6301967 ], [ 14.4256318, 40.6301697 ], [ 14.4257949, 40.6301472 ], [ 14.4259166, 40.6300966 ], [ 14.4259992, 40.6300841 ], [ 14.4260935, 40.6300847 ], [ 14.4262754, 40.6300977 ], [ 14.4264675, 40.6301472 ], [ 14.4266837, 40.6302149 ], [ 14.4269343, 40.6303347 ], [ 14.426996, 40.6303816 ], [ 14.4270281, 40.6304636 ], [ 14.4270475, 40.6305795 ], [ 14.4270428, 40.6306862 ], [ 14.4270368, 40.6308217 ], [ 14.4270269, 40.6310744 ], [ 14.4269789, 40.6312359 ], [ 14.4268828, 40.6314026 ] ] } },
{ "type": "Feature", "properties": { "name": "Via Ponte Orazio", "name_manual": "Via Ponte Orazio", "name_original": "Via Ponte Orazio", "highway": "service", "status": "unexplored", "description": "unexplored" }, "geometry": { "type": "LineString", "coordinates": [ [ 14.4167916, 40.6349057 ], [ 14.4168735, 40.6348945 ], [ 14.4169869, 40.6348959 ], [ 14.4174372, 40.6349782 ], [ 14.417544, 40.6350024 ], [ 14.4176968, 40.6350397 ], [ 14.418003, 40.6351415 ], [ 14.4181623, 40.6351981 ], [ 14.4182931, 40.6352355 ], [ 14.4185121, 40.6352433 ], [ 14.418707, 40.6352181 ], [ 14.4188928, 40.6351763 ], [ 14.4192392, 40.6350696 ], [ 14.4195919, 40.6349749 ], [ 14.419726, 40.6349556 ], [ 14.4198252, 40.6349556 ], [ 14.4199144, 40.6349727 ], [ 14.4199835, 40.6349851 ], [ 14.4200371, 40.6349831 ], [ 14.4200961, 40.6349495 ], [ 14.4201592, 40.6349067 ], [ 14.4202128, 40.6348884 ], [ 14.420249, 40.6348782 ], [ 14.420293, 40.6348833 ] ] } },
{ "type": "Feature", "properties": { "name": "Via Sant'Agostino", "name_manual": "Via Sant'Agostino", "name_original": "Via Sant'Agostino", "highway": "residential", "status": "unexplored", "description": "unexplored" }, "geometry": { "type": "LineString", "coordinates": [ [ 14.4242708, 40.6302191 ], [ 14.4243976, 40.6302484 ], [ 14.4244769, 40.6302688 ], [ 14.4245193, 40.6302763 ], [ 14.4245618, 40.6302774 ], [ 14.4246651, 40.6302709 ], [ 14.4247698, 40.6302581 ], [ 14.4248194, 40.6302527 ], [ 14.4248661, 40.6302398 ], [ 14.4249113, 40.6302173 ] ] } },
{ "type": "Feature", "properties": { "name": "Via Bagnulo", "name_manual": "Via Bagnulo", "name_original": "Via Bagnulo", "highway": "unclassified", "status": "unexplored", "description": "unexplored" }, "geometry": { "type": "LineString", "coordinates": [ [ 14.412177, 40.6350288 ], [ 14.4119275, 40.635325 ], [ 14.4116914, 40.6356049 ], [ 14.4116188, 40.635686 ] ] } },
{ "type": "Feature", "properties": { "name": "Via Bagnulo", "name_manual": "Via Bagnulo", "name_original": "Via Bagnulo", "highway": "unclassified", "status": "unexplored", "description": "unexplored" }, "geometry": { "type": "LineString", "coordinates": [ [ 14.4100277, 40.6374667 ], [ 14.4098917, 40.637624 ], [ 14.4097873, 40.6377607 ], [ 14.40959, 40.6379711 ], [ 14.4095027, 40.6380514 ], [ 14.409213, 40.6383791 ], [ 14.4091085, 40.6385389 ], [ 14.4090508, 40.6386264 ], [ 14.4088711, 40.6388808 ], [ 14.4086672, 40.6391169 ], [ 14.4085414, 40.6392527 ], [ 14.4083802, 40.639466 ], [ 14.4082032, 40.639697 ], [ 14.407711, 40.6402231 ], [ 14.4073194, 40.6406556 ], [ 14.4072524, 40.640737 ], [ 14.4072282, 40.6407849 ], [ 14.4072236, 40.6407987 ] ] } },
{ "type": "Feature", "properties": { "name": "Via Botteghelle", "name_manual": "Via Botteghelle", "name_original": "Via Botteghelle", "highway": "service", "status": "unexplored", "description": "unexplored" }, "geometry": { "type": "LineString", "coordinates": [ [ 14.4226144, 40.63234 ], [ 14.422718, 40.6323674 ], [ 14.4231042, 40.6325079 ], [ 14.4235478, 40.6325964 ] ] } },
{ "type": "Feature", "properties": { "name": "Via Sant'Agostino", "name_manual": "Via Sant'Agostino", "name_original": "Via Sant'Agostino", "highway": "residential", "status": "unexplored", "description": "unexplored" }, "geometry": { "type": "LineString", "coordinates": [ [ 14.4228986, 40.6311161 ], [ 14.4229836, 40.6311311 ], [ 14.4231293, 40.6311451 ], [ 14.4231704, 40.631143 ], [ 14.4232043, 40.6311333 ], [ 14.4234237, 40.6310377 ], [ 14.4235482, 40.6310012 ], [ 14.4238256, 40.6309228 ], [ 14.4238752, 40.6309034 ], [ 14.4239502, 40.6308562 ], [ 14.4239827, 40.6308218 ], [ 14.4240167, 40.6307552 ], [ 14.4241058, 40.6305157 ], [ 14.4241341, 40.6304255 ], [ 14.424161, 40.6303772 ], [ 14.4241978, 40.6303138 ], [ 14.4242708, 40.6302191 ], [ 14.4242857, 40.6301916 ], [ 14.4242915, 40.6301249 ], [ 14.4242844, 40.6300701 ], [ 14.424269, 40.6300155 ], [ 14.4242518, 40.6299681 ], [ 14.4242259, 40.6299198 ], [ 14.424191, 40.6298617 ], [ 14.4241882, 40.6298209 ], [ 14.4242147, 40.6297547 ] ] } },
{ "type": "Feature", "properties": { "name": "Via Trinità", "name_manual": "Via Trinità", "name_original": "Via Trinità", "highway": "service", "status": "unexplored", "description": "unexplored" }, "geometry": { "type": "LineString", "coordinates": [ [ 14.4222745, 40.6307584 ], [ 14.4214587, 40.6318321 ], [ 14.4213612, 40.6319333 ] ] } },
{ "type": "Feature", "properties": { "name": "Via Meta Amalfi", "name_manual": "Via Meta Amalfi", "name_original": "Via Meta Amalfi", "highway": "primary", "status": "unexplored", "description": "unexplored" }, "geometry": { "type": "LineString", "coordinates": [ [ 14.42398, 40.6285357 ], [ 14.423855, 40.6287135 ], [ 14.4237994, 40.6288339 ], [ 14.4237882, 40.6288906 ], [ 14.4238026, 40.6289777 ] ] } },
{ "type": "Feature", "properties": { "name": "Via Cermenna", "name_manual": "Via Cermenna", "name_original": "Via Cermenna", "highway": "residential", "status": "unexplored", "description": "unexplored" }, "geometry": { "type": "LineString", "coordinates": [ [ 14.4310455, 40.6185839 ], [ 14.4307446, 40.6189033 ], [ 14.430192, 40.6196859 ], [ 14.430145, 40.6197795 ], [ 14.4301316, 40.619808 ], [ 14.430141, 40.6198355 ], [ 14.4301812, 40.6199261 ], [ 14.4301946, 40.6200208 ], [ 14.4302134, 40.6202712 ], [ 14.4302201, 40.6203933 ], [ 14.4302724, 40.6205216 ], [ 14.4302765, 40.6206203 ], [ 14.430263, 40.6207486 ], [ 14.4302443, 40.6207883 ], [ 14.4302, 40.6208372 ], [ 14.4301464, 40.6208779 ], [ 14.4301383, 40.6209094 ], [ 14.4301303, 40.6209563 ], [ 14.4301477, 40.6210967 ], [ 14.4301477, 40.6211497 ], [ 14.4301236, 40.6211945 ], [ 14.4300632, 40.6212474 ], [ 14.4299264, 40.6213024 ], [ 14.4297078, 40.6214164 ], [ 14.4295563, 40.6215049 ], [ 14.4294168, 40.6216108 ], [ 14.4293189, 40.6217452 ], [ 14.4292586, 40.6218734 ], [ 14.4292022, 40.6221218 ], [ 14.4291539, 40.6222908 ], [ 14.4290681, 40.622475 ], [ 14.4289809, 40.6226572 ], [ 14.4289689, 40.6228048 ], [ 14.4289581, 40.6228354 ], [ 14.4289421, 40.6228516 ], [ 14.4289219, 40.6228659 ], [ 14.4288509, 40.6228873 ], [ 14.4287543, 40.6228974 ], [ 14.4285141, 40.6228902 ], [ 14.4279455, 40.622825 ], [ 14.4271945, 40.622821 ], [ 14.4269096, 40.622869 ], [ 14.4266253, 40.6228405 ], [ 14.4265727, 40.6228428 ], [ 14.4262745, 40.6228556 ], [ 14.4261968, 40.6228649 ], [ 14.4261129, 40.6228894 ], [ 14.425942, 40.6230179 ], [ 14.4258466, 40.6230897 ], [ 14.4256865, 40.6231988 ], [ 14.4255999, 40.6232973 ], [ 14.4255611, 40.6233779 ], [ 14.4255489, 40.6234602 ], [ 14.4255812, 40.6235856 ], [ 14.4255664, 40.6236272 ], [ 14.4254618, 40.6237809 ], [ 14.4254056, 40.6238136 ], [ 14.4252726, 40.623843 ], [ 14.4251125, 40.6238788 ] ] } },
{ "type": "Feature", "properties": { "name": "Strada Statale Amalfitana", "name_manual": "Strada Statale Amalfitana", "name_original": "Strada Statale Amalfitana", "highway": "primary", "status": "unexplored", "description": "unexplored" }, "geometry": { "type": "LineString", "coordinates": [ [ 14.4351656, 40.6168838 ], [ 14.4349209, 40.6168933 ], [ 14.4347188, 40.6168908 ], [ 14.43445, 40.6168923 ], [ 14.4342268, 40.6168919 ], [ 14.4340998, 40.616893 ], [ 14.4338962, 40.6168916 ], [ 14.433811, 40.616885 ], [ 14.4337483, 40.6168753 ], [ 14.4336867, 40.6168598 ], [ 14.4336044, 40.6168325 ], [ 14.4335294, 40.6167954 ], [ 14.433427, 40.6167267 ], [ 14.4333151, 40.6166426 ], [ 14.4332085, 40.6165557 ], [ 14.4330977, 40.6164688 ], [ 14.4330275, 40.6164122 ], [ 14.4329365, 40.6163363 ], [ 14.4328385, 40.6162542 ], [ 14.4327622, 40.616194 ], [ 14.4327192, 40.6161604 ], [ 14.432655, 40.6161208 ], [ 14.4326005, 40.6160954 ], [ 14.4325479, 40.616077 ], [ 14.4324779, 40.6160607 ], [ 14.4324211, 40.6160519 ], [ 14.4323513, 40.6160553 ], [ 14.4322888, 40.6160682 ], [ 14.4322239, 40.6160928 ], [ 14.4321645, 40.6161234 ], [ 14.4321069, 40.6161645 ], [ 14.4319462, 40.6162817 ], [ 14.4318705, 40.6163223 ], [ 14.431822, 40.6163359 ], [ 14.431788, 40.6163406 ], [ 14.4317342, 40.6163432 ], [ 14.4316939, 40.6163388 ], [ 14.4316561, 40.6163306 ], [ 14.431594, 40.6163112 ], [ 14.4315415, 40.6162879 ], [ 14.4314595, 40.6162437 ], [ 14.4313662, 40.6161901 ], [ 14.4312428, 40.6161217 ], [ 14.4311208, 40.6160558 ], [ 14.4310235, 40.6160116 ], [ 14.4309317, 40.6159801 ], [ 14.430801, 40.615944 ], [ 14.4306781, 40.6159293 ], [ 14.4305657, 40.6159254 ], [ 14.4304619, 40.6159334 ], [ 14.4303582, 40.6159488 ], [ 14.4302653, 40.615973 ], [ 14.4301513, 40.6160164 ], [ 14.430041, 40.6160684 ], [ 14.4299555, 40.6161256 ], [ 14.4298868, 40.6161875 ], [ 14.4297364, 40.616352 ], [ 14.4295708, 40.6165346 ], [ 14.4294336, 40.6166828 ], [ 14.4291197, 40.61702 ], [ 14.429073, 40.6170656 ], [ 14.4290346, 40.6170991 ], [ 14.428976, 40.6171407 ], [ 14.4289035, 40.6171796 ], [ 14.4288017, 40.6172199 ], [ 14.4286086, 40.6172789 ], [ 14.4284604, 40.6173241 ], [ 14.4282683, 40.6173835 ], [ 14.4281316, 40.6174232 ], [ 14.4279608, 40.6174722 ] ] } },
{ "type": "Feature", "properties": { "name": "Via Meta Amalfi", "name_manual": "Via Meta Amalfi", "name_original": "Via Meta Amalfi", "highway": "primary", "status": "unexplored", "description": "unexplored" }, "geometry": { "type": "LineString", "coordinates": [ [ 14.4279608, 40.6174722 ], [ 14.427883, 40.6174929 ] ] } },
{ "type": "Feature", "properties": { "name": "Via Meta Amalfi", "name_manual": "Via Meta Amalfi", "name_original": "Via Meta Amalfi", "highway": "primary", "status": "unexplored", "description": "unexplored" }, "geometry": { "type": "LineString", "coordinates": [ [ 14.4227301, 40.6215821 ], [ 14.4228856, 40.6215751 ], [ 14.4229782, 40.621567 ], [ 14.4230707, 40.6215579 ], [ 14.4238062, 40.6214511 ], [ 14.4239422, 40.6214453 ], [ 14.424041, 40.621453 ], [ 14.4240907, 40.6214665 ], [ 14.4241308, 40.6214877 ], [ 14.4241678, 40.6215224 ], [ 14.4241867, 40.6215559 ], [ 14.424194, 40.6215897 ], [ 14.4241888, 40.6216307 ], [ 14.4241735, 40.6216623 ], [ 14.4241212, 40.6217291 ], [ 14.4238514, 40.6220325 ], [ 14.4238201, 40.6220907 ], [ 14.4238031, 40.622137 ], [ 14.4237893, 40.6222054 ], [ 14.4237874, 40.6222526 ], [ 14.423792, 40.6223021 ], [ 14.4238187, 40.6223935 ], [ 14.4240053, 40.6227353 ], [ 14.4240168, 40.6227809 ], [ 14.4240262, 40.6228394 ], [ 14.4240122, 40.6228902 ], [ 14.4238467, 40.6233749 ], [ 14.4238005, 40.6236588 ], [ 14.4237854, 40.6237519 ], [ 14.423752, 40.623957 ], [ 14.4237024, 40.6253536 ], [ 14.4237131, 40.6256025 ], [ 14.4237882, 40.6259053 ], [ 14.4238646, 40.6260468 ], [ 14.4239759, 40.6261873 ], [ 14.4240618, 40.6262768 ], [ 14.424562, 40.6266728 ], [ 14.4245998, 40.626711 ], [ 14.4246297, 40.6267873 ], [ 14.4246022, 40.6268957 ], [ 14.4240221, 40.6277323 ], [ 14.4239407, 40.6278931 ], [ 14.4239081, 40.6280608 ], [ 14.4239335, 40.6282307 ], [ 14.4239998, 40.6284241 ], [ 14.4240014, 40.6284856 ], [ 14.42398, 40.6285357 ] ] } },
{ "type": "Feature", "properties": { "name": "Via Mortora San Liborio", "name_manual": "Via Mortora San Liborio", "name_original": "Via Mortora San Liborio", "highway": "secondary", "status": "unexplored", "description": "unexplored" }, "geometry": { "type": "LineString", "coordinates": [ [ 14.4202846, 40.6234105 ], [ 14.4203972, 40.6232578 ], [ 14.420607, 40.6230043 ], [ 14.4206582, 40.6229464 ], [ 14.4206992, 40.6228871 ], [ 14.4207291, 40.6228308 ], [ 14.4208505, 40.622559 ], [ 14.4208794, 40.6224689 ], [ 14.4209042, 40.6223162 ], [ 14.4209182, 40.6221879 ], [ 14.4209507, 40.6220598 ], [ 14.42097, 40.6220094 ], [ 14.4210018, 40.621967 ], [ 14.4210375, 40.6219365 ], [ 14.4210865, 40.6219034 ], [ 14.421525, 40.6217032 ] ] } },
{ "type": "Feature", "properties": { "name": "Via Pomicino", "name_manual": "Via Pomicino", "name_original": "Via Pomicino", "highway": "residential", "status": "unexplored", "description": "unexplored" }, "geometry": { "type": "LineString", "coordinates": [ [ 14.4153851, 40.6260232 ], [ 14.4153315, 40.6259339 ], [ 14.4150191, 40.6257607 ], [ 14.4146811, 40.6255273 ], [ 14.4141252, 40.6251019 ], [ 14.4136508, 40.6249332 ], [ 14.4135234, 40.6248478 ] ] } },
{ "type": "Feature", "properties": { "name": "Via Gaetano de Gennaro", "name_manual": "Via Gaetano de Gennaro", "name_original": "Via Gaetano de Gennaro", "highway": "service", "status": "unexplored", "description": "unexplored" }, "geometry": { "type": "LineString", "coordinates": [ [ 14.4096559, 40.6253151 ], [ 14.4090092, 40.6250584 ], [ 14.4083861, 40.6247765 ] ] } },
{ "type": "Feature", "properties": { "name": "Corso Italia", "name_manual": "Corso Italia", "name_original": "Corso Italia", "highway": "primary", "status": "unexplored", "description": "unexplored" }, "geometry": { "type": "LineString", "coordinates": [ [ 14.4101144, 40.6318409 ], [ 14.4097998, 40.6316143 ], [ 14.409513, 40.6314423 ], [ 14.409378, 40.6313721 ], [ 14.4092553, 40.6313135 ], [ 14.409142, 40.6312655 ], [ 14.4090177, 40.6312336 ], [ 14.4088134, 40.631196 ], [ 14.4086358, 40.6311805 ], [ 14.4085583, 40.6311727 ], [ 14.4082605, 40.6311483 ] ] } },
{ "type": "Feature", "properties": { "name": "Corso Italia", "name_manual": "Corso Italia", "name_original": "Corso Italia", "highway": "primary", "status": "unexplored", "description": "unexplored" }, "geometry": { "type": "LineString", "coordinates": [ [ 14.411197, 40.6323339 ], [ 14.4108912, 40.632209 ], [ 14.4104921, 40.6320382 ], [ 14.4104074, 40.6320097 ], [ 14.41036, 40.6319907 ], [ 14.4103207, 40.6319745 ] ] } },
{ "type": "Feature", "properties": { "name": "Via della Stazione", "name_manual": "Via della Stazione", "name_original": "Via della Stazione", "highway": "residential", "status": "unexplored", "description": "unexplored" }, "geometry": { "type": "LineString", "coordinates": [ [ 14.4109706, 40.6350443 ], [ 14.4114916, 40.6355957 ], [ 14.4115858, 40.6356626 ], [ 14.4116188, 40.635686 ] ] } },
{ "type": "Feature", "properties": { "name": "Via Breccioni", "name_manual": "Via Breccioni", "name_original": "Via Breccioni", "highway": "service", "status": "unexplored", "description": "unexplored" }, "geometry": { "type": "LineString", "coordinates": [ [ 14.4135234, 40.6248478 ], [ 14.4134409, 40.6248538 ], [ 14.4133455, 40.6248946 ], [ 14.4132087, 40.6250309 ], [ 14.4129471, 40.6252248 ], [ 14.4127194, 40.6252987 ], [ 14.4126047, 40.6253511 ], [ 14.4124518, 40.6253893 ], [ 14.4123751, 40.6254132 ], [ 14.4122445, 40.6254749 ], [ 14.4118539, 40.6255665 ], [ 14.4115895, 40.6255523 ], [ 14.4114011, 40.6256011 ], [ 14.4110323, 40.6255124 ], [ 14.410866, 40.6254783 ], [ 14.4106661, 40.6254613 ], [ 14.4096559, 40.6253151 ] ] } },
{ "type": "Feature", "properties": { "name": "Via Casanocillo", "name_manual": "Via Casanocillo", "name_original": "Via Casanocillo", "highway": "residential", "status": "unexplored", "description": "unexplored" }, "geometry": { "type": "LineString", "coordinates": [ [ 14.4337875, 40.6276969 ], [ 14.4337741, 40.6276555 ], [ 14.4337125, 40.6276222 ], [ 14.4331001, 40.6274574 ], [ 14.4325591, 40.6272892 ], [ 14.4325376, 40.6272606 ], [ 14.432589, 40.6272469 ], [ 14.4333649, 40.6272983 ], [ 14.4338888, 40.627315 ], [ 14.4338943, 40.6272648 ], [ 14.4334043, 40.6271423 ], [ 14.4334429, 40.627113 ], [ 14.4338565, 40.6271172 ], [ 14.4341599, 40.6270754 ], [ 14.4344191, 40.6269456 ], [ 14.4347996, 40.6270544 ], [ 14.4353512, 40.6270837 ], [ 14.4356435, 40.6271381 ], [ 14.4359676, 40.627245 ], [ 14.4364309, 40.6275215 ], [ 14.4366051, 40.6275198 ], [ 14.4368083, 40.6274718 ], [ 14.437186, 40.6277644 ], [ 14.437482, 40.6277825 ], [ 14.4376537, 40.6277133 ], [ 14.4377332, 40.6276453 ], [ 14.4377791, 40.6276247 ], [ 14.4379058, 40.6275678 ], [ 14.438071, 40.6274928 ], [ 14.4382211, 40.6272866 ], [ 14.4383314, 40.6272235 ], [ 14.4385593, 40.6272477 ], [ 14.4387597, 40.627255 ], [ 14.4389526, 40.6272365 ], [ 14.439146, 40.6272193 ], [ 14.439305, 40.6271791 ], [ 14.4394906, 40.6270351 ], [ 14.4396376, 40.6269145 ], [ 14.4397765, 40.6267843 ], [ 14.4399519, 40.6266353 ], [ 14.440102, 40.6265325 ], [ 14.4403441, 40.6264605 ], [ 14.440343, 40.6265256 ], [ 14.4402196, 40.626605 ], [ 14.4400967, 40.626721 ], [ 14.4400511, 40.6268759 ], [ 14.4400446, 40.6271127 ], [ 14.4399734, 40.6273471 ], [ 14.4398745, 40.6274619 ], [ 14.4397914, 40.6275626 ], [ 14.4398522, 40.6276147 ], [ 14.4400372, 40.6276168 ], [ 14.4402554, 40.6276151 ], [ 14.4404127, 40.6275984 ], [ 14.4405756, 40.6275455 ], [ 14.4407286, 40.6274778 ], [ 14.44084, 40.6274031 ], [ 14.4410089, 40.6272834 ], [ 14.4412331, 40.6271848 ], [ 14.4414876, 40.6270936 ], [ 14.4416995, 40.6270902 ], [ 14.4418748, 40.6271352 ], [ 14.4420015, 40.6271799 ], [ 14.4422014, 40.627258 ], [ 14.4423048, 40.6273212 ], [ 14.4423906, 40.6274097 ], [ 14.4425288, 40.6275369 ], [ 14.4426428, 40.6276123 ], [ 14.4428572, 40.6277 ], [ 14.4428842, 40.6277313 ], [ 14.4429164, 40.6278484 ] ] } },
{ "type": "Feature", "properties": { "name": "Via Nastro Azzurro", "name_manual": "Via Nastro Azzurro", "name_original": "Via Nastro Azzurro", "highway": "primary", "status": "unexplored", "description": "unexplored" }, "geometry": { "type": "LineString", "coordinates": [ [ 14.4205467, 40.6182497 ], [ 14.420527, 40.6182261 ], [ 14.4205014, 40.618187 ], [ 14.4204814, 40.618143 ], [ 14.4204654, 40.6180453 ], [ 14.4204654, 40.6179816 ], [ 14.4204749, 40.6178221 ], [ 14.4204998, 40.6173374 ], [ 14.4205066, 40.6169279 ], [ 14.4205113, 40.6168461 ], [ 14.4205042, 40.616793 ], [ 14.4204833, 40.6167262 ], [ 14.4204599, 40.6166792 ], [ 14.4204238, 40.6166265 ], [ 14.4203831, 40.6165816 ], [ 14.4202531, 40.6164462 ], [ 14.4199627, 40.6161378 ], [ 14.4198961, 40.6160526 ], [ 14.4198554, 40.6159906 ], [ 14.4198131, 40.6159161 ], [ 14.4197421, 40.6157411 ], [ 14.4196712, 40.6155566 ], [ 14.4196458, 40.6155121 ], [ 14.419608, 40.6154725 ], [ 14.4195397, 40.6154398 ], [ 14.4194599, 40.6154271 ], [ 14.4193647, 40.615414 ], [ 14.4192745, 40.6154317 ], [ 14.4184931, 40.6158215 ], [ 14.4183227, 40.6159042 ], [ 14.4181771, 40.6159723 ], [ 14.4180454, 40.6160304 ], [ 14.4179339, 40.6160738 ], [ 14.4177751, 40.6161298 ], [ 14.4176219, 40.6161804 ], [ 14.4175348, 40.6162015 ], [ 14.4174372, 40.6162184 ], [ 14.417359, 40.6162258 ], [ 14.417285, 40.616226 ], [ 14.4172239, 40.61622 ], [ 14.4171757, 40.6162115 ], [ 14.4171207, 40.6161968 ], [ 14.4169504, 40.6161167 ], [ 14.4167851, 40.6160556 ], [ 14.4166011, 40.6160144 ], [ 14.4164486, 40.6159898 ], [ 14.4163536, 40.6159819 ], [ 14.4162519, 40.6159781 ], [ 14.4160601, 40.6159768 ], [ 14.4159151, 40.6159719 ], [ 14.4158368, 40.6159622 ], [ 14.4157188, 40.6159282 ], [ 14.4156188, 40.6158916 ], [ 14.4154794, 40.6158304 ], [ 14.4152906, 40.6157504 ], [ 14.4150804, 40.6156704 ], [ 14.4148601, 40.6155964 ], [ 14.4146991, 40.6155472 ], [ 14.4144344, 40.6154676 ], [ 14.414263, 40.6154053 ], [ 14.4141713, 40.615371 ], [ 14.4139203, 40.6152612 ] ] } },
{ "type": "Feature", "properties": { "name": "Via Bosco", "name_manual": "Via Bosco", "name_original": "Via Bosco", "highway": "service", "status": "unexplored", "description": "unexplored" }, "geometry": { "type": "LineString", "coordinates": [ [ 14.4198661, 40.6181772 ], [ 14.4196559, 40.6181224 ], [ 14.4196184, 40.6181067 ], [ 14.4195313, 40.6180703 ], [ 14.4190659, 40.6178587 ], [ 14.4190245, 40.617826 ], [ 14.4189947, 40.6178025 ], [ 14.4187992, 40.6175709 ], [ 14.418376, 40.617334 ], [ 14.4181504, 40.6172641 ], [ 14.416939, 40.617199 ], [ 14.4168233, 40.6171686 ], [ 14.416742, 40.6171338 ], [ 14.4164933, 40.6168769 ], [ 14.4162366, 40.616719 ], [ 14.4162249, 40.6167153 ], [ 14.4161881, 40.6167035 ], [ 14.4158364, 40.6165906 ], [ 14.415721, 40.616571 ], [ 14.4153497, 40.6164759 ], [ 14.415053, 40.6163508 ], [ 14.4148197, 40.6161999 ], [ 14.414619, 40.6160529 ], [ 14.4144521, 40.6159468 ], [ 14.4142766, 40.6158427 ], [ 14.4141809, 40.6157865 ], [ 14.4140944, 40.6157364 ], [ 14.4138888, 40.6156182 ], [ 14.4135418, 40.6154187 ], [ 14.4134886, 40.6153852 ] ] } },
{ "type": "Feature", "properties": { "name": "Via Marina di Cassano", "name_manual": "Via Marina di Cassano", "name_original": "Via Marina di Cassano", "highway": "service", "status": "unexplored", "description": "unexplored" }, "geometry": { "type": "LineString", "coordinates": [ [ 14.4010757, 40.6370019 ], [ 14.4006802, 40.637185 ], [ 14.4001813, 40.6375393 ], [ 14.4001761, 40.6376876 ] ] } },
{ "type": "Feature", "properties": { "name": "Piazza Cota", "name_manual": "Piazza Cota", "name_original": "Piazza Cota", "highway": "residential", "status": "unexplored", "description": "unexplored" }, "geometry": { "type": "LineString", "coordinates": [ [ 14.411145, 40.6330846 ], [ 14.4108707, 40.6335363 ] ] } },
{ "type": "Feature", "properties": { "name": "Via Michele Paturzo", "name_manual": "Via Michele Paturzo", "name_original": "Via Michele Paturzo", "highway": "tertiary", "status": "unexplored", "description": "unexplored" }, "geometry": { "type": "LineString", "coordinates": [ [ 14.4133692, 40.6168258 ], [ 14.4133735, 40.6167988 ], [ 14.4133624, 40.6167541 ], [ 14.4133539, 40.6167227 ], [ 14.4133443, 40.616696 ], [ 14.4133356, 40.6166604 ], [ 14.4133355, 40.6166402 ], [ 14.4133407, 40.6165996 ], [ 14.4133648, 40.616485 ], [ 14.4133754, 40.6163588 ], [ 14.4133799, 40.6162913 ], [ 14.4133831, 40.616228 ], [ 14.4133736, 40.6161595 ], [ 14.4133686, 40.6161236 ], [ 14.4133449, 40.6159267 ], [ 14.41334, 40.6158247 ], [ 14.413343, 40.6157813 ], [ 14.4133504, 40.6157435 ], [ 14.4133591, 40.6156994 ], [ 14.4133819, 40.6156281 ], [ 14.4134886, 40.6153852 ] ] } },
{ "type": "Feature", "properties": { "name": "Via Caracciolo", "name_manual": "Via Caracciolo", "name_original": "Via Caracciolo", "highway": "unclassified", "status": "unexplored", "description": "unexplored" }, "geometry": { "type": "LineString", "coordinates": [ [ 14.4063747, 40.6406 ], [ 14.4065516, 40.6406429 ], [ 14.4066987, 40.6406716 ], [ 14.406914, 40.6407214 ], [ 14.4070536, 40.6407537 ], [ 14.4072236, 40.6407987 ], [ 14.4073402, 40.6408303 ], [ 14.4078827, 40.6410759 ], [ 14.4084264, 40.6413049 ] ] } },
{ "type": "Feature", "properties": { "name": "selva della tomba", "name_manual": "selva della tomba", "name_original": "selva della tomba", "highway": "path", "status": "unexplored", "description": "unexplored" }, "geometry": { "type": "LineString", "coordinates": [ [ 14.4384313, 40.6270819 ], [ 14.4384198, 40.627035 ], [ 14.4383393, 40.6270187 ], [ 14.4381972, 40.6270533 ], [ 14.4381006, 40.6270757 ], [ 14.4379584, 40.6271103 ], [ 14.4378699, 40.6270493 ], [ 14.4378056, 40.6269414 ], [ 14.4377814, 40.6267846 ], [ 14.4376849, 40.6265688 ], [ 14.4376607, 40.6264121 ], [ 14.4377385, 40.6261474 ], [ 14.4379263, 40.6259703 ], [ 14.438055, 40.6257953 ], [ 14.438173, 40.6256609 ], [ 14.4382106, 40.6255164 ], [ 14.4381945, 40.62538 ], [ 14.4383018, 40.6252476 ], [ 14.4384439, 40.6251275 ], [ 14.4386692, 40.6250034 ], [ 14.4388489, 40.624926 ], [ 14.439093, 40.6248812 ], [ 14.4393344, 40.6248832 ], [ 14.4395704, 40.6249402 ], [ 14.4398354, 40.6250339 ] ] } },
{ "type": "Feature", "properties": { "name": "Selva della Tomba", "name_manual": "Selva della Tomba", "name_original": "Selva della Tomba", "highway": "path", "status": "unexplored", "description": "unexplored" }, "geometry": { "type": "LineString", "coordinates": [ [ 14.4383314, 40.6272235 ], [ 14.4383548, 40.6271684 ], [ 14.4383924, 40.6271124 ], [ 14.4384313, 40.6270819 ], [ 14.4384997, 40.6270911 ], [ 14.4385479, 40.6271012 ], [ 14.4385949, 40.6270697 ], [ 14.4385989, 40.6270178 ], [ 14.4386177, 40.6269832 ], [ 14.4386311, 40.6269648 ], [ 14.4386365, 40.6269435 ], [ 14.438623, 40.6268936 ], [ 14.4386606, 40.6268132 ], [ 14.4386914, 40.6267491 ], [ 14.438733, 40.6266971 ], [ 14.4387893, 40.6265709 ], [ 14.4388095, 40.6264895 ], [ 14.4388323, 40.6264305 ], [ 14.4388966, 40.6263735 ], [ 14.4389302, 40.6263236 ], [ 14.4389542, 40.6261582 ], [ 14.4390446, 40.6260831 ], [ 14.4391501, 40.6260162 ], [ 14.4392078, 40.6259785 ], [ 14.4393018, 40.6259168 ], [ 14.4393723, 40.6258583 ], [ 14.4395267, 40.6257726 ], [ 14.439586, 40.6257179 ], [ 14.4396459, 40.6256686 ], [ 14.4396758, 40.6256202 ], [ 14.4396986, 40.6255602 ], [ 14.4397482, 40.6255144 ], [ 14.4398059, 40.6254727 ], [ 14.4398528, 40.6253861 ], [ 14.4399427, 40.6253352 ], [ 14.4399937, 40.6252782 ], [ 14.4399963, 40.6252375 ], [ 14.4399521, 40.6251805 ], [ 14.4398971, 40.6251286 ], [ 14.4398367, 40.6250543 ], [ 14.4398354, 40.6250339 ], [ 14.4398971, 40.6250105 ], [ 14.4399883, 40.6249831 ], [ 14.440113, 40.6249332 ], [ 14.4401532, 40.6249128 ], [ 14.4403423, 40.624866 ], [ 14.4405073, 40.6248385 ], [ 14.4405968, 40.6248145 ], [ 14.4407642, 40.6247165 ], [ 14.4408442, 40.624637 ], [ 14.4408847, 40.6245638 ], [ 14.4409056, 40.6244914 ], [ 14.4408855, 40.624468 ], [ 14.4409002, 40.624413 ], [ 14.4409458, 40.6243275 ], [ 14.4410089, 40.6242522 ], [ 14.4410974, 40.6241728 ], [ 14.4411953, 40.6241016 ], [ 14.4413482, 40.6240344 ], [ 14.4414434, 40.6239825 ], [ 14.4415534, 40.6239092 ], [ 14.4416861, 40.6237585 ], [ 14.4418216, 40.6235896 ], [ 14.4419731, 40.6234297 ], [ 14.4420791, 40.6232893 ], [ 14.4422092, 40.6231335 ], [ 14.442354, 40.6230114 ], [ 14.4424747, 40.6228852 ], [ 14.4426034, 40.6227559 ], [ 14.4427577, 40.6226256 ], [ 14.4428717, 40.6225472 ], [ 14.4429696, 40.6224342 ], [ 14.4430138, 40.6223273 ], [ 14.4430071, 40.6222296 ], [ 14.4430044, 40.6221624 ], [ 14.4430594, 40.6220892 ], [ 14.4430956, 40.6220627 ], [ 14.4431131, 40.6219914 ], [ 14.4431627, 40.621854 ], [ 14.443164, 40.6217909 ], [ 14.4432458, 40.6216667 ], [ 14.4432405, 40.6215751 ], [ 14.4432244, 40.6214896 ], [ 14.443324, 40.6214293 ], [ 14.4433072, 40.6213763 ], [ 14.4432696, 40.6213952 ], [ 14.4432696, 40.6213875 ], [ 14.4432904, 40.6213529 ], [ 14.4433421, 40.621298 ], [ 14.4434037, 40.6212501 ], [ 14.44344, 40.6212064 ], [ 14.443511, 40.6211824 ], [ 14.4435761, 40.6211784 ], [ 14.4436016, 40.6211768 ], [ 14.4436834, 40.621128 ], [ 14.4437241, 40.6210801 ] ] } },
{ "type": "Feature", "properties": { "name": "Via Galatea", "name_manual": "Via Galatea", "name_original": "Via Galatea", "highway": "residential", "status": "unexplored", "description": "unexplored" }, "geometry": { "type": "LineString", "coordinates": [ [ 14.4112673, 40.6242519 ], [ 14.411067, 40.6244598 ], [ 14.4110028, 40.6245104 ], [ 14.4109552, 40.6245356 ], [ 14.4108695, 40.6245465 ], [ 14.4107863, 40.6245194 ], [ 14.410703, 40.6244797 ], [ 14.4106721, 40.6244436 ], [ 14.4106078, 40.6244056 ], [ 14.4105293, 40.6243623 ], [ 14.4104366, 40.6243045 ], [ 14.4103509, 40.624207 ], [ 14.4102914, 40.6241185 ], [ 14.4102462, 40.6240228 ], [ 14.4101392, 40.6239759 ], [ 14.4098404, 40.6238183 ], [ 14.4097211, 40.6237547 ], [ 14.4096209, 40.6237063 ], [ 14.409528, 40.6236962 ], [ 14.4094383, 40.6237072 ], [ 14.4093438, 40.6237536 ], [ 14.4092957, 40.6237785 ], [ 14.409179, 40.6238029 ], [ 14.4091433, 40.6238139 ], [ 14.4091171, 40.6238345 ], [ 14.4090496, 40.6239289 ], [ 14.4089943, 40.6239915 ] ] } },
{ "type": "Feature", "properties": { "name": "Traversa Seconda Sant'Andrea", "name_manual": "Traversa Seconda Sant'Andrea", "name_original": "Traversa Seconda Sant'Andrea", "highway": "footway", "status": "unexplored", "description": "unexplored" }, "geometry": { "type": "LineString", "coordinates": [ [ 14.4122445, 40.6254749 ], [ 14.4122045, 40.6255131 ], [ 14.4121562, 40.6256246 ], [ 14.4121346, 40.62568 ], [ 14.4120347, 40.6257911 ], [ 14.4119115, 40.6259672 ], [ 14.4117817, 40.6260602 ], [ 14.4115761, 40.6262162 ], [ 14.4113922, 40.6263503 ], [ 14.4112985, 40.6264352 ], [ 14.4112083, 40.6265282 ], [ 14.4111759, 40.6265994 ], [ 14.4111362, 40.6266815 ], [ 14.4110611, 40.6267851 ], [ 14.411007, 40.6268508 ], [ 14.4109158, 40.6269369 ], [ 14.4108691, 40.6269705 ], [ 14.4108331, 40.6269793 ], [ 14.4107949, 40.6269739 ], [ 14.4106277, 40.6269004 ], [ 14.4105634, 40.6268769 ], [ 14.4105147, 40.6268763 ], [ 14.4104541, 40.6268918 ], [ 14.4104122, 40.6269257 ], [ 14.4103749, 40.6269752 ], [ 14.410332, 40.6270729 ], [ 14.4102715, 40.6271531 ], [ 14.4101878, 40.6272606 ], [ 14.410125, 40.6273594 ], [ 14.410041, 40.6274141 ], [ 14.4100111, 40.6274204 ], [ 14.4099483, 40.6274028 ], [ 14.4098583, 40.627351 ], [ 14.4098196, 40.6273452 ], [ 14.4097701, 40.6273625 ] ] } },
{ "type": "Feature", "properties": { "name": "Via dei Platani", "name_manual": "Via dei Platani", "name_original": "Via dei Platani", "highway": "primary", "status": "unexplored", "description": "unexplored" }, "geometry": { "type": "LineString", "coordinates": [ [ 14.4129251, 40.6294961 ], [ 14.4131208, 40.6295694 ], [ 14.4133424, 40.6296524 ], [ 14.4135022, 40.6297373 ], [ 14.4135938, 40.6298004 ], [ 14.4136151, 40.6298151 ] ] } },
{ "type": "Feature", "properties": { "name": "Via Enrico de Martino", "name_manual": "Via Enrico de Martino", "name_original": "Via Enrico de Martino", "highway": "service", "status": "unexplored", "description": "unexplored" }, "geometry": { "type": "LineString", "coordinates": [ [ 14.4106798, 40.6307932 ], [ 14.4106833, 40.6308363 ], [ 14.410705, 40.6309057 ], [ 14.4107291, 40.6309563 ], [ 14.4108759, 40.6311807 ], [ 14.4108756, 40.6312102 ], [ 14.4109255, 40.6313047 ], [ 14.4109458, 40.6314102 ], [ 14.4109754, 40.6314873 ] ] } },
{ "type": "Feature", "properties": { "name": "Via San Massimo", "name_manual": "Via San Massimo", "name_original": "Via San Massimo", "highway": "service", "status": "unexplored", "description": "unexplored" }, "geometry": { "type": "LineString", "coordinates": [ [ 14.4220062, 40.6284669 ], [ 14.4220863, 40.6284377 ], [ 14.4222264, 40.6283219 ], [ 14.4223101, 40.6282349 ], [ 14.4223899, 40.6281333 ], [ 14.422633, 40.6277841 ], [ 14.4227961, 40.6274803 ], [ 14.4228498, 40.6273984 ], [ 14.4229066, 40.6273281 ], [ 14.4232025, 40.6270838 ], [ 14.4234347, 40.6269071 ], [ 14.4234784, 40.6268887 ], [ 14.4237726, 40.6268872 ], [ 14.4239353, 40.6268646 ], [ 14.4240316, 40.6268529 ], [ 14.4241734, 40.6268667 ], [ 14.4243731, 40.6268965 ], [ 14.4244558, 40.6269014 ], [ 14.4245016, 40.6269023 ], [ 14.4245728, 40.6268534 ], [ 14.4246297, 40.6267873 ], [ 14.4247394, 40.6266253 ], [ 14.4247729, 40.6264093 ], [ 14.4248399, 40.6262028 ], [ 14.4250073, 40.6261583 ], [ 14.425225, 40.6261901 ], [ 14.4253715, 40.6261932 ], [ 14.4254091, 40.6261011 ], [ 14.4254369, 40.6260046 ] ] } },
{ "type": "Feature", "properties": { "name": "Via Mostrano", "name_manual": "Via Mostrano", "name_original": "Via Mostrano", "highway": "service", "status": "unexplored", "description": "unexplored" }, "geometry": { "type": "LineString", "coordinates": [ [ 14.4096209, 40.6237063 ], [ 14.4095906, 40.6235 ], [ 14.409575, 40.6227835 ], [ 14.4096742, 40.6225672 ], [ 14.4097506, 40.6224775 ], [ 14.4098237, 40.6222638 ], [ 14.4097971, 40.6221208 ], [ 14.4097643, 40.6220729 ], [ 14.4095475, 40.6219413 ], [ 14.4095383, 40.62185 ], [ 14.4096066, 40.6217422 ] ] } },
{ "type": "Feature", "properties": { "name": "Via Cepano", "name_manual": "Via Cepano", "name_original": "Via Cepano", "highway": "service", "status": "unexplored", "description": "unexplored" }, "geometry": { "type": "LineString", "coordinates": [ [ 14.4115681, 40.619808 ], [ 14.4115018, 40.6196681 ], [ 14.4114772, 40.6194708 ], [ 14.4114631, 40.6193004 ], [ 14.411438, 40.6191799 ], [ 14.4114212, 40.6191015 ], [ 14.4113884, 40.6190432 ], [ 14.4112826, 40.6189174 ], [ 14.411267, 40.6188903 ], [ 14.4112603, 40.6188537 ], [ 14.4112595, 40.618815 ], [ 14.4112705, 40.6186213 ], [ 14.411271, 40.6185717 ], [ 14.4112636, 40.6185169 ], [ 14.4112422, 40.6184897 ], [ 14.4112072, 40.6184707 ], [ 14.4110055, 40.6184367 ], [ 14.410933, 40.6184251 ], [ 14.4108655, 40.6184186 ], [ 14.4108224, 40.6184058 ], [ 14.4107902, 40.6183813 ], [ 14.4107426, 40.6183202 ], [ 14.4107071, 40.6182978 ], [ 14.4106675, 40.618278 ], [ 14.4105668, 40.6182059 ], [ 14.4104946, 40.6180819 ], [ 14.4104757, 40.6180352 ], [ 14.4104724, 40.6179986 ], [ 14.4104766, 40.6179653 ], [ 14.4106197, 40.6176633 ], [ 14.410634, 40.6176204 ], [ 14.4106318, 40.6175923 ], [ 14.4105797, 40.6175812 ], [ 14.4104321, 40.6176102 ], [ 14.4103109, 40.6176301 ], [ 14.4102129, 40.6176402 ], [ 14.4100944, 40.6176409 ], [ 14.4098642, 40.6176458 ], [ 14.4098202, 40.6176714 ], [ 14.4097079, 40.6178189 ], [ 14.4095901, 40.6179796 ], [ 14.4095164, 40.61807 ] ] } },
{ "type": "Feature", "properties": { "name": "Via San Liborio", "name_manual": "Via San Liborio", "name_original": "Via San Liborio", "highway": "residential", "status": "unexplored", "description": "unexplored" }, "geometry": { "type": "LineString", "coordinates": [ [ 14.4170467, 40.625124 ], [ 14.4169445, 40.6252118 ], [ 14.4166224, 40.6254139 ], [ 14.4165167, 40.6254446 ], [ 14.4163892, 40.625421 ], [ 14.4161561, 40.6252912 ], [ 14.4160752, 40.6252936 ], [ 14.4159975, 40.6253809 ], [ 14.4158047, 40.6255932 ], [ 14.4155622, 40.6257608 ], [ 14.4154147, 40.6259389 ], [ 14.4153987, 40.6259844 ], [ 14.4153851, 40.6260232 ] ] } },
{ "type": "Feature", "properties": { "name": "Via San Liborio", "name_manual": "Via San Liborio", "name_original": "Via San Liborio", "highway": "residential", "status": "unexplored", "description": "unexplored" }, "geometry": { "type": "LineString", "coordinates": [ [ 14.4184972, 40.6247428 ], [ 14.4183844, 40.6248127 ], [ 14.4183062, 40.6248468 ], [ 14.4181709, 40.6248497 ], [ 14.4180627, 40.6248213 ], [ 14.4178727, 40.6247257 ], [ 14.4176782, 40.6246342 ], [ 14.4176321, 40.6246575 ], [ 14.4174838, 40.6247496 ], [ 14.4172726, 40.6249287 ], [ 14.4170467, 40.625124 ] ] } },
{ "type": "Feature", "properties": { "name": "Via Ponte di Mortora", "name_manual": "Via Ponte di Mortora", "name_original": "Via Ponte di Mortora", "highway": "footway", "status": "unexplored", "description": "unexplored" }, "geometry": { "type": "LineString", "coordinates": [ [ 14.4127091, 40.6294437 ], [ 14.4127272, 40.6294873 ], [ 14.4127329, 40.6295009 ], [ 14.4125726, 40.6296195 ], [ 14.4124223, 40.6297456 ], [ 14.4121581, 40.629822 ], [ 14.411842, 40.6298544 ], [ 14.4115413, 40.6299114 ], [ 14.4115452, 40.6301136 ], [ 14.4115754, 40.6302443 ], [ 14.411614, 40.6303517 ], [ 14.4116599, 40.6304711 ], [ 14.4117345, 40.6305885 ], [ 14.411749, 40.6306309 ] ] } },
{ "type": "Feature", "properties": { "name": "Via Enrico de Martino", "name_manual": "Via Enrico de Martino", "name_original": "Via Enrico de Martino", "highway": "steps", "status": "unexplored", "description": "unexplored" }, "geometry": { "type": "LineString", "coordinates": [ [ 14.410836, 40.6315975 ], [ 14.4105715, 40.6317827 ], [ 14.4105248, 40.6318195 ], [ 14.4103742, 40.6319379 ], [ 14.4103621, 40.6319444 ], [ 14.4103207, 40.6319745 ] ] } },
{ "type": "Feature", "properties": { "name": "Via Gottola", "name_manual": "Via Gottola", "name_original": "Via Gottola", "highway": "service", "status": "unexplored", "description": "unexplored" }, "geometry": { "type": "LineString", "coordinates": [ [ 14.4085014, 40.6354051 ], [ 14.4084433, 40.6354868 ], [ 14.4082877, 40.6357189 ], [ 14.408191, 40.6358968 ], [ 14.4081308, 40.6360842 ], [ 14.4081483, 40.6361208 ], [ 14.4082744, 40.6362216 ], [ 14.4080758, 40.6364669 ], [ 14.4080571, 40.6365035 ], [ 14.4080597, 40.6365463 ], [ 14.4080906, 40.6366114 ], [ 14.4080906, 40.6366379 ], [ 14.4080733, 40.6366735 ], [ 14.4078557, 40.6369185 ], [ 14.4076816, 40.637105 ], [ 14.4075232, 40.637235 ], [ 14.4074708, 40.6372681 ] ] } },
{ "type": "Feature", "properties": { "name": "Via Santa Margherita", "name_manual": "Via Santa Margherita", "name_original": "Via Santa Margherita", "highway": "service", "status": "unexplored", "description": "unexplored" }, "geometry": { "type": "LineString", "coordinates": [ [ 14.4091247, 40.6342772 ], [ 14.4091451, 40.634257 ], [ 14.4092992, 40.6341114 ], [ 14.4094189, 40.6340025 ], [ 14.4095601, 40.6338495 ], [ 14.4097066, 40.6337106 ], [ 14.4098196, 40.6335722 ], [ 14.409955, 40.6334266 ], [ 14.4099961, 40.633387 ], [ 14.4101555, 40.6332225 ], [ 14.4103031, 40.6333022 ], [ 14.4103134, 40.6333044 ], [ 14.4103235, 40.6333056 ], [ 14.4103359, 40.6333035 ], [ 14.4103483, 40.6332977 ], [ 14.4103664, 40.6332742 ], [ 14.4104328, 40.633203 ], [ 14.4104724, 40.6332147 ], [ 14.4105656, 40.633059 ], [ 14.41064, 40.6330117 ], [ 14.410689, 40.6330041 ], [ 14.4107201, 40.6329903 ], [ 14.4107815, 40.6329379 ] ] } },
{ "type": "Feature", "properties": { "name": "Traversa Terza San Michele", "name_manual": "Traversa Terza San Michele", "name_original": "Traversa Terza San Michele", "highway": "service", "status": "unexplored", "description": "unexplored" }, "geometry": { "type": "LineString", "coordinates": [ [ 14.4083763, 40.6326266 ], [ 14.4084298, 40.6326588 ], [ 14.4084493, 40.6326697 ], [ 14.408855, 40.6329201 ], [ 14.4090212, 40.6330361 ], [ 14.4092612, 40.6331445 ] ] } },
{ "type": "Feature", "properties": { "name": "Via Salita Caposcannato", "name_manual": "Via Salita Caposcannato", "name_original": "Via Salita Caposcannato", "highway": "steps", "status": "unexplored", "description": "unexplored" }, "geometry": { "type": "LineString", "coordinates": [ [ 14.4224342, 40.6182723 ], [ 14.4223483, 40.6181963 ], [ 14.4222917, 40.6182155 ], [ 14.4223356, 40.6183564 ] ] } },
{ "type": "Feature", "properties": { "name": "Via Salita Caposcannato", "name_manual": "Via Salita Caposcannato", "name_original": "Via Salita Caposcannato", "highway": "footway", "status": "unexplored", "description": "unexplored" }, "geometry": { "type": "LineString", "coordinates": [ [ 14.4223356, 40.6183564 ], [ 14.4224495, 40.6185747 ], [ 14.4226269, 40.6188113 ], [ 14.4227006, 40.6189222 ], [ 14.4227355, 40.6189884 ], [ 14.4228911, 40.6190128 ], [ 14.4231526, 40.6190372 ], [ 14.4235194, 40.6190938 ], [ 14.4237272, 40.6191227 ], [ 14.4238852, 40.6191373 ] ] } },
{ "type": "Feature", "properties": { "name": "via Colli di Fontanelle", "name_manual": "via Colli di Fontanelle", "name_original": "via Colli di Fontanelle", "highway": "residential", "status": "unexplored", "description": "unexplored" }, "geometry": { "type": "LineString", "coordinates": [ [ 14.4150841, 40.6204299 ], [ 14.4151221, 40.6204494 ], [ 14.415256, 40.6204869 ], [ 14.4153206, 40.6205023 ] ] } },
{ "type": "Feature", "properties": { "name": "via Colli di Fontanelle", "name_manual": "via Colli di Fontanelle", "name_original": "via Colli di Fontanelle", "highway": "residential", "status": "unexplored", "description": "unexplored" }, "geometry": { "type": "LineString", "coordinates": [ [ 14.4153206, 40.6205023 ], [ 14.4157953, 40.620541 ], [ 14.4159643, 40.6205471 ], [ 14.4161521, 40.6205471 ], [ 14.4163157, 40.6205227 ], [ 14.4169693, 40.6202462 ], [ 14.4172276, 40.62014 ], [ 14.4173162, 40.6201216 ], [ 14.4174637, 40.6201277 ], [ 14.4177211, 40.6202112 ], [ 14.4184782, 40.620542 ], [ 14.4185317, 40.6206168 ] ] } },
{ "type": "Feature", "properties": { "name": "Viale Mario Castellano", "name_manual": "Viale Mario Castellano", "name_original": "Viale Mario Castellano", "highway": "service", "status": "unexplored", "description": "unexplored" }, "geometry": { "type": "LineString", "coordinates": [ [ 14.4219512, 40.6183117 ], [ 14.4219454, 40.6183271 ], [ 14.4214871, 40.6196214 ], [ 14.4214871, 40.6196737 ], [ 14.4215207, 40.6197275 ], [ 14.4215826, 40.6197597 ], [ 14.4216357, 40.6197624 ], [ 14.4217118, 40.619749 ], [ 14.4217773, 40.6197033 ], [ 14.4218038, 40.6196469 ], [ 14.4218534, 40.6195421 ], [ 14.4218746, 40.6194736 ], [ 14.4219189, 40.6194091 ], [ 14.4219454, 40.6194696 ], [ 14.4219313, 40.6195891 ], [ 14.4218782, 40.6197946 ], [ 14.4217791, 40.6199316 ], [ 14.4216711, 40.6200579 ], [ 14.4215289, 40.6201766 ], [ 14.4215086, 40.6202529 ], [ 14.4214765, 40.6203118 ] ] } },
{ "type": "Feature", "properties": { "name": "via Spinosa", "name_manual": "via Spinosa", "name_original": "via Spinosa", "highway": "service", "status": "unexplored", "description": "unexplored" }, "geometry": { "type": "LineString", "coordinates": [ [ 14.4127032, 40.623004 ], [ 14.4127659, 40.6225382 ], [ 14.41285, 40.6223007 ], [ 14.4130555, 40.6219959 ], [ 14.4131209, 40.621847 ], [ 14.4131115, 40.6217265 ], [ 14.4130228, 40.6216627 ], [ 14.4129014, 40.6216308 ], [ 14.4127893, 40.6216237 ], [ 14.4127006, 40.6215989 ], [ 14.4126585, 40.621567 ], [ 14.4126866, 40.6215209 ], [ 14.4127473, 40.6214854 ], [ 14.4127706, 40.6214216 ], [ 14.4126866, 40.6213649 ], [ 14.4123036, 40.6212125 ], [ 14.4120888, 40.6211097 ], [ 14.4117619, 40.6210423 ], [ 14.4115798, 40.6210388 ], [ 14.4114677, 40.6210565 ] ] } },
{ "type": "Feature", "properties": { "name": "Via Ferrella", "name_manual": "Via Ferrella", "name_original": "Via Ferrella", "highway": "service", "status": "unexplored", "description": "unexplored" }, "geometry": { "type": "LineString", "coordinates": [ [ 14.408929, 40.6210605 ], [ 14.40899, 40.6211932 ], [ 14.4091526, 40.6213969 ], [ 14.4092847, 40.6214941 ], [ 14.4093498, 40.6216021 ], [ 14.4094128, 40.6216684 ], [ 14.4096066, 40.6217422 ] ] } },
{ "type": "Feature", "properties": { "name": "Piazza della Repubblica", "name_manual": "Piazza della Repubblica", "name_original": "Piazza della Repubblica", "highway": "residential", "status": "unexplored", "description": "unexplored" }, "geometry": { "type": "LineString", "coordinates": [ [ 14.4082592, 40.6317888 ], [ 14.4081148, 40.631727 ], [ 14.4080744, 40.6317079 ] ] } },
{ "type": "Feature", "properties": { "name": "Via Corbo", "name_manual": "Via Corbo", "name_original": "Via Corbo", "highway": "service", "status": "unexplored", "description": "unexplored" }, "geometry": { "type": "LineString", "coordinates": [ [ 14.4213612, 40.6319333 ], [ 14.4212495, 40.6319064 ], [ 14.4210134, 40.6318239 ], [ 14.4207922, 40.6317252 ], [ 14.4205514, 40.6316059 ], [ 14.4198624, 40.6312602 ] ] } },
{ "type": "Feature", "properties": { "name": "Via Cavone", "name_manual": "Via Cavone", "name_original": "Via Cavone", "highway": "secondary", "status": "unexplored", "description": "unexplored" }, "geometry": { "type": "LineString", "coordinates": [ [ 14.4219724, 40.6288816 ], [ 14.4219281, 40.6288906 ], [ 14.4218738, 40.6289013 ], [ 14.4218108, 40.6289238 ], [ 14.4217557, 40.6289502 ], [ 14.4217064, 40.6289838 ], [ 14.421621, 40.6290728 ], [ 14.421513, 40.6291853 ] ] } },
{ "type": "Feature", "properties": { "name": "Via Caracciolo", "name_manual": "Via Caracciolo", "name_original": "Via Caracciolo", "highway": "unclassified", "status": "unexplored", "description": "unexplored" }, "geometry": { "type": "LineString", "coordinates": [ [ 14.4084264, 40.6413049 ], [ 14.4087611, 40.6414143 ] ] } },
{ "type": "Feature", "properties": { "name": "Via Rivitiello", "name_manual": "Via Rivitiello", "name_original": "Via Rivitiello", "highway": "path", "status": "unexplored", "description": "unexplored" }, "geometry": { "type": "LineString", "coordinates": [ [ 14.4237131, 40.6256025 ], [ 14.4238982, 40.6255816 ], [ 14.4239612, 40.6255735 ], [ 14.4242898, 40.6253954 ], [ 14.4244158, 40.6253037 ] ] } },
{ "type": "Feature", "properties": { "name": "Via Mortora", "name_manual": "Via Mortora", "name_original": "Via Mortora", "highway": "primary_link", "status": "unexplored", "description": "unexplored" }, "geometry": { "type": "LineString", "coordinates": [ [ 14.4109536, 40.6289642 ], [ 14.4110169, 40.6289212 ], [ 14.4111509, 40.628859 ], [ 14.4112628, 40.6288359 ] ] } },
{ "type": "Feature", "properties": { "name": "via Lavinola", "name_manual": "via Lavinola", "name_original": "via Lavinola", "highway": "track", "status": "unexplored", "description": "unexplored" }, "geometry": { "type": "LineString", "coordinates": [ [ 14.4387624, 40.6292289 ], [ 14.4387471, 40.6291791 ], [ 14.4387072, 40.629142 ], [ 14.4381148, 40.628995 ], [ 14.4377945, 40.6288673 ], [ 14.4375301, 40.6286606 ], [ 14.4371057, 40.6284418 ], [ 14.436561, 40.6281926 ], [ 14.4360725, 40.6279981 ], [ 14.4358642, 40.6279616 ], [ 14.43564, 40.6280224 ], [ 14.4353596, 40.6278887 ], [ 14.4351114, 40.6277671 ], [ 14.434759, 40.6276698 ], [ 14.4344386, 40.6275787 ], [ 14.4342384, 40.6275908 ] ] } },
{ "type": "Feature", "properties": { "name": "Via Nastro Azzurro", "name_manual": "Via Nastro Azzurro", "name_original": "Via Nastro Azzurro", "highway": "primary", "status": "unexplored", "description": "unexplored" }, "geometry": { "type": "LineString", "coordinates": [ [ 14.4275138, 40.61744 ], [ 14.427703, 40.617428 ] ] } },
{ "type": "Feature", "properties": { "name": "Via Madonna di Roselle", "name_manual": "Via Madonna di Roselle", "name_original": "Via Madonna di Roselle", "highway": "service", "status": "unexplored", "description": "unexplored" }, "geometry": { "type": "LineString", "coordinates": [ [ 14.4066246, 40.6411134 ], [ 14.406914, 40.6407214 ] ] } },
{ "type": "Feature", "properties": { "name": "Corso Italia", "name_manual": "Corso Italia", "name_original": "Corso Italia", "highway": "primary", "status": "unexplored", "description": "unexplored" }, "geometry": { "type": "LineString", "coordinates": [ [ 14.4134838, 40.6333829 ], [ 14.4133553, 40.6333128 ], [ 14.4131321, 40.6332026 ], [ 14.4127413, 40.6330102 ], [ 14.4127002, 40.6329945 ], [ 14.4126655, 40.6329814 ], [ 14.4125658, 40.6329334 ], [ 14.4125471, 40.6329241 ], [ 14.4125228, 40.6329128 ], [ 14.4123639, 40.6328338 ], [ 14.4123404, 40.6328222 ], [ 14.4120719, 40.6326934 ], [ 14.4120092, 40.6326716 ], [ 14.4119747, 40.6326597 ], [ 14.4117246, 40.6325424 ] ] } },
{ "type": "Feature", "properties": { "name": "Piazza Cota", "name_manual": "Piazza Cota", "name_original": "Piazza Cota", "highway": "residential", "status": "unexplored", "description": "unexplored" }, "geometry": { "type": "LineString", "coordinates": [ [ 14.4111744, 40.6331386 ], [ 14.411145, 40.6330846 ], [ 14.4111122, 40.6330571 ], [ 14.4109905, 40.6329577 ], [ 14.4110188, 40.6329099 ], [ 14.4110765, 40.6328295 ], [ 14.4111735, 40.632705 ], [ 14.4112714, 40.632575 ] ] } },
{ "type": "Feature", "properties": { "name": "Piazza Cota", "name_manual": "Piazza Cota", "name_original": "Piazza Cota", "highway": "residential", "status": "unexplored", "description": "unexplored" }, "geometry": { "type": "LineString", "coordinates": [ [ 14.4112714, 40.632575 ], [ 14.411353, 40.6324472 ], [ 14.4113852, 40.6324057 ] ] } },
{ "type": "Feature", "properties": { "name": "Via Bagnulo", "name_manual": "Via Bagnulo", "name_original": "Via Bagnulo", "highway": "unclassified", "status": "unexplored", "description": "unexplored" }, "geometry": { "type": "LineString", "coordinates": [ [ 14.412317, 40.6348433 ], [ 14.412177, 40.6350288 ] ] } },
{ "type": "Feature", "properties": { "name": "Corso Italia", "name_manual": "Corso Italia", "name_original": "Corso Italia", "highway": "primary", "status": "unexplored", "description": "unexplored" }, "geometry": { "type": "LineString", "coordinates": [ [ 14.4117246, 40.6325424 ], [ 14.4115947, 40.6324816 ], [ 14.4115253, 40.6324534 ], [ 14.4113852, 40.6324057 ] ] } },
{ "type": "Feature", "properties": { "name": "Via Vincenzo Iaccarino", "name_manual": "Via Vincenzo Iaccarino", "name_original": "Via Vincenzo Iaccarino", "highway": "residential", "status": "unexplored", "description": "unexplored" }, "geometry": { "type": "LineString", "coordinates": [ [ 14.4131924, 40.6302189 ], [ 14.4133259, 40.6300713 ], [ 14.4135171, 40.629899 ], [ 14.4136151, 40.6298151 ] ] } },
{ "type": "Feature", "properties": { "name": "Via dei Platani", "name_manual": "Via dei Platani", "name_original": "Via dei Platani", "highway": "primary", "status": "unexplored", "description": "unexplored" }, "geometry": { "type": "LineString", "coordinates": [ [ 14.4136151, 40.6298151 ], [ 14.4136661, 40.6298472 ], [ 14.4137476, 40.6299042 ], [ 14.4141083, 40.6301585 ], [ 14.4141685, 40.6302071 ] ] } },
{ "type": "Feature", "properties": { "name": "Via dei Platani", "name_manual": "Via dei Platani", "name_original": "Via dei Platani", "highway": "primary", "status": "unexplored", "description": "unexplored" }, "geometry": { "type": "LineString", "coordinates": [ [ 14.411542, 40.6289911 ], [ 14.4116918, 40.6290433 ], [ 14.4117893, 40.6290798 ], [ 14.4123927, 40.6293052 ], [ 14.4124958, 40.6293445 ] ] } },
{ "type": "Feature", "properties": { "name": "Via Mortora", "name_manual": "Via Mortora", "name_original": "Via Mortora", "highway": "primary", "status": "unexplored", "description": "unexplored" }, "geometry": { "type": "LineString", "coordinates": [ [ 14.4070197, 40.6308994 ], [ 14.4070724, 40.6308469 ], [ 14.4072996, 40.630626 ], [ 14.4073611, 40.6305572 ], [ 14.4074688, 40.6304334 ], [ 14.4076839, 40.6301805 ], [ 14.4078238, 40.6300961 ], [ 14.4082246, 40.6298752 ], [ 14.4083104, 40.6298382 ], [ 14.4083443, 40.6298191 ], [ 14.4085528, 40.6297016 ], [ 14.4087089, 40.6296057 ], [ 14.4089359, 40.6294733 ], [ 14.4090684, 40.6294007 ], [ 14.4091624, 40.6293685 ], [ 14.409226, 40.6293568 ], [ 14.4093109, 40.6293498 ], [ 14.4093997, 40.6293528 ], [ 14.4097196, 40.6294205 ], [ 14.4098243, 40.6294298 ], [ 14.409854, 40.6294288 ], [ 14.4099279, 40.6294264 ], [ 14.4099963, 40.629413 ], [ 14.4100339, 40.6293987 ], [ 14.4100536, 40.6293949 ], [ 14.410167, 40.629323 ], [ 14.4102296, 40.6292833 ], [ 14.4103026, 40.6292316 ], [ 14.4104538, 40.6291527 ], [ 14.4106232, 40.6290814 ], [ 14.4109536, 40.6289642 ] ] } },
{ "type": "Feature", "properties": { "name": "Corso Italia", "name_manual": "Corso Italia", "name_original": "Corso Italia", "highway": "primary", "status": "unexplored", "description": "unexplored" }, "geometry": { "type": "LineString", "coordinates": [ [ 14.4070197, 40.6308994 ], [ 14.4068024, 40.6308812 ], [ 14.4067441, 40.6308762 ] ] } },
{ "type": "Feature", "properties": { "name": "Corso Italia", "name_manual": "Corso Italia", "name_original": "Corso Italia", "highway": "primary", "status": "unexplored", "description": "unexplored" }, "geometry": { "type": "LineString", "coordinates": [ [ 14.4082605, 40.6311483 ], [ 14.408215, 40.6311467 ], [ 14.4081193, 40.6311409 ], [ 14.4080337, 40.6311308 ], [ 14.4079317, 40.6311184 ], [ 14.4079279, 40.6311178 ], [ 14.4076336, 40.6310479 ], [ 14.4076123, 40.6310422 ], [ 14.4072123, 40.6309362 ], [ 14.4071878, 40.63093 ], [ 14.4071049, 40.6309127 ], [ 14.4070197, 40.6308994 ] ] } },
{ "type": "Feature", "properties": { "name": "Corso Italia", "name_manual": "Corso Italia", "name_original": "Corso Italia", "highway": "primary", "status": "unexplored", "description": "unexplored" }, "geometry": { "type": "LineString", "coordinates": [ [ 14.4103207, 40.6319745 ], [ 14.4102728, 40.6319522 ], [ 14.4101445, 40.6318621 ], [ 14.4101144, 40.6318409 ] ] } },
{ "type": "Feature", "properties": { "name": "Corso Italia", "name_manual": "Corso Italia", "name_original": "Corso Italia", "highway": "primary", "status": "unexplored", "description": "unexplored" }, "geometry": { "type": "LineString", "coordinates": [ [ 14.4113852, 40.6324057 ], [ 14.4112386, 40.6323498 ], [ 14.411197, 40.6323339 ] ] } },
{ "type": "Feature", "properties": { "name": "Via dei Platani", "name_manual": "Via dei Platani", "name_original": "Via dei Platani", "highway": "primary", "status": "unexplored", "description": "unexplored" }, "geometry": { "type": "LineString", "coordinates": [ [ 14.4142926, 40.6303025 ], [ 14.4149367, 40.6308075 ], [ 14.4149999, 40.630857 ], [ 14.4151477, 40.6309699 ], [ 14.4152943, 40.6310917 ], [ 14.4154952, 40.6312567 ], [ 14.4155108, 40.6312711 ], [ 14.4157165, 40.6314608 ], [ 14.4157357, 40.6314789 ], [ 14.4157759, 40.6315171 ], [ 14.4158225, 40.6315801 ], [ 14.4158314, 40.6315944 ], [ 14.4158784, 40.6316693 ], [ 14.4158987, 40.6317016 ] ] } },
{ "type": "Feature", "properties": { "name": "Via Nastro Azzurro", "name_manual": "Via Nastro Azzurro", "name_original": "Via Nastro Azzurro", "highway": "primary", "status": "unexplored", "description": "unexplored" }, "geometry": { "type": "LineString", "coordinates": [ [ 14.4273675, 40.6174297 ], [ 14.4271053, 40.6174204 ], [ 14.4268637, 40.6174112 ], [ 14.4264397, 40.6173921 ], [ 14.4259371, 40.6173411 ], [ 14.4258333, 40.6173332 ], [ 14.4257207, 40.6173321 ], [ 14.4255988, 40.6173397 ], [ 14.425315, 40.6173643 ], [ 14.4250422, 40.6173812 ], [ 14.4242988, 40.6174291 ], [ 14.4240889, 40.6174493 ], [ 14.4239567, 40.6174683 ], [ 14.4238231, 40.6174924 ], [ 14.4236867, 40.6175224 ], [ 14.4235467, 40.617559 ], [ 14.4234076, 40.6176017 ], [ 14.4232106, 40.6176735 ], [ 14.4231321, 40.6177061 ], [ 14.4230085, 40.6177622 ], [ 14.4227658, 40.6178878 ], [ 14.4222402, 40.6181569 ], [ 14.4221131, 40.6182148 ], [ 14.4220165, 40.6182607 ], [ 14.4219354, 40.6182886 ], [ 14.4218397, 40.618311 ], [ 14.4217381, 40.6183239 ], [ 14.4210528, 40.61839 ], [ 14.4209803, 40.6183981 ], [ 14.4209112, 40.6184005 ], [ 14.4208411, 40.6183947 ], [ 14.4207728, 40.6183808 ], [ 14.4206853, 40.6183493 ], [ 14.420611, 40.6183064 ], [ 14.4205467, 40.6182497 ] ] } },
{ "type": "Feature", "properties": { "name": "Via Meta Amalfi", "name_manual": "Via Meta Amalfi", "name_original": "Via Meta Amalfi", "highway": "primary", "status": "unexplored", "description": "unexplored" }, "geometry": { "type": "LineString", "coordinates": [ [ 14.4278225, 40.6175098 ], [ 14.4276672, 40.6175531 ], [ 14.4276371, 40.6175615 ] ] } },
{ "type": "Feature", "properties": { "name": "Via Meta Amalfi", "name_manual": "Via Meta Amalfi", "name_original": "Via Meta Amalfi", "highway": "primary", "status": "unexplored", "description": "unexplored" }, "geometry": { "type": "LineString", "coordinates": [ [ 14.4276371, 40.6175615 ], [ 14.4275197, 40.6175881 ], [ 14.4273111, 40.6176523 ], [ 14.426944, 40.6177581 ], [ 14.4263322, 40.6179439 ], [ 14.4261814, 40.6179833 ], [ 14.4260363, 40.6180141 ], [ 14.425703, 40.6180593 ], [ 14.4255824, 40.6180774 ], [ 14.4254699, 40.6181043 ], [ 14.4253576, 40.6181418 ], [ 14.4252279, 40.6182005 ], [ 14.4247068, 40.6184806 ], [ 14.4246481, 40.6185195 ], [ 14.4245892, 40.6185648 ], [ 14.4245245, 40.6186236 ], [ 14.4242546, 40.6188997 ], [ 14.4241438, 40.6190054 ], [ 14.4240736, 40.6190578 ], [ 14.4240164, 40.6190896 ], [ 14.4238852, 40.6191373 ], [ 14.4235877, 40.6192288 ], [ 14.4233017, 40.6193313 ], [ 14.4232228, 40.6193769 ], [ 14.4231676, 40.6194236 ], [ 14.4231047, 40.6195089 ], [ 14.4228829, 40.6198172 ], [ 14.4227402, 40.62001 ], [ 14.4226858, 40.620065 ], [ 14.4226247, 40.6201109 ], [ 14.4222285, 40.6203699 ], [ 14.4221279, 40.6204445 ], [ 14.4220307, 40.6205206 ], [ 14.421845, 40.620683 ], [ 14.4216468, 40.6208522 ], [ 14.4215692, 40.6209026 ], [ 14.4214888, 40.6209436 ], [ 14.4213304, 40.6209992 ], [ 14.4212424, 40.6210181 ], [ 14.4211597, 40.6210291 ], [ 14.4210617, 40.6210342 ], [ 14.4209643, 40.6210306 ], [ 14.4209045, 40.6210242 ], [ 14.4208463, 40.6210148 ], [ 14.4207805, 40.6210001 ], [ 14.4201371, 40.6207426 ], [ 14.42001, 40.6207024 ], [ 14.41988, 40.62067 ], [ 14.4197638, 40.620648 ], [ 14.4196494, 40.6206324 ], [ 14.4194912, 40.6206203 ], [ 14.4193366, 40.620619 ], [ 14.4191886, 40.6206273 ], [ 14.4188409, 40.6206677 ], [ 14.4187926, 40.6206708 ], [ 14.4187435, 40.6206695 ], [ 14.4186727, 40.6206593 ], [ 14.4185317, 40.6206168 ], [ 14.418458, 40.6205898 ], [ 14.4180209, 40.6204317 ], [ 14.4179289, 40.6204081 ], [ 14.417821, 40.6203938 ], [ 14.4177365, 40.6203882 ], [ 14.4176513, 40.6203913 ], [ 14.4175916, 40.6204005 ], [ 14.4175339, 40.6204117 ], [ 14.4174588, 40.6204381 ], [ 14.4173529, 40.6204837 ], [ 14.417029, 40.6206712 ], [ 14.4167479, 40.6208112 ], [ 14.4165663, 40.6208891 ], [ 14.4161989, 40.6210041 ], [ 14.4155887, 40.6211924 ], [ 14.4152785, 40.6212901 ], [ 14.415241, 40.6213152 ], [ 14.4152223, 40.621335 ], [ 14.4152078, 40.6213584 ], [ 14.4151983, 40.6213888 ], [ 14.4151978, 40.6214182 ], [ 14.4152083, 40.6214533 ], [ 14.415235, 40.6214898 ], [ 14.4152826, 40.6215225 ], [ 14.4153298, 40.6215383 ], [ 14.4153593, 40.6215426 ], [ 14.4153907, 40.6215432 ], [ 14.4154318, 40.6215375 ], [ 14.4165366, 40.6211424 ], [ 14.4166482, 40.621103 ], [ 14.416711, 40.6210903 ], [ 14.4167561, 40.6210854 ], [ 14.4168038, 40.6210839 ], [ 14.4168663, 40.6210875 ], [ 14.4169067, 40.6210934 ], [ 14.4177693, 40.6212301 ], [ 14.4178555, 40.6212477 ], [ 14.4179243, 40.6212663 ], [ 14.4179899, 40.6212882 ], [ 14.4181066, 40.6213359 ], [ 14.4184245, 40.621486 ], [ 14.4185119, 40.6215239 ], [ 14.4185558, 40.6215397 ], [ 14.4186013, 40.6215541 ], [ 14.4186833, 40.6215751 ], [ 14.4187812, 40.621593 ], [ 14.4191127, 40.6216593 ], [ 14.4191907, 40.62168 ], [ 14.4192441, 40.6216965 ], [ 14.4193116, 40.6217202 ], [ 14.4196101, 40.6218462 ], [ 14.4197437, 40.6218875 ], [ 14.4198177, 40.6219035 ], [ 14.419891, 40.6219149 ], [ 14.4200016, 40.6219243 ], [ 14.4201263, 40.6219238 ], [ 14.4202128, 40.6219167 ], [ 14.4203067, 40.6218989 ], [ 14.4204247, 40.6218642 ], [ 14.4208418, 40.6217207 ], [ 14.4209245, 40.6216968 ], [ 14.4210051, 40.6216786 ], [ 14.4211369, 40.621659 ], [ 14.4215944, 40.6215941 ] ] } },
{ "type": "Feature", "properties": { "name": "Strada Statale Amalfitana", "name_manual": "Strada Statale Amalfitana", "name_original": "Strada Statale Amalfitana", "highway": "primary", "status": "unexplored", "description": "unexplored" }, "geometry": { "type": "LineString", "coordinates": [ [ 14.4386907, 40.6167878 ], [ 14.4387386, 40.6168309 ], [ 14.4387634, 40.6168605 ], [ 14.4388356, 40.6169739 ], [ 14.4388947, 40.6170673 ], [ 14.4389424, 40.6171362 ], [ 14.4389775, 40.6171767 ], [ 14.439024, 40.6172071 ], [ 14.4391032, 40.6172355 ], [ 14.4391725, 40.6172555 ], [ 14.4393957, 40.6173109 ], [ 14.4394698, 40.6173185 ], [ 14.4395578, 40.6173206 ], [ 14.4396514, 40.6173207 ], [ 14.4400972, 40.6172748 ], [ 14.4401727, 40.6172718 ], [ 14.4402328, 40.6172785 ], [ 14.4402938, 40.6173073 ], [ 14.4403434, 40.6173807 ], [ 14.4404331, 40.6175559 ], [ 14.4404559, 40.6175988 ], [ 14.4404713, 40.6176276 ], [ 14.4405876, 40.6178331 ], [ 14.4406158, 40.617863 ], [ 14.4406497, 40.6178866 ], [ 14.4406865, 40.6179053 ], [ 14.4407379, 40.6179163 ], [ 14.4407849, 40.6179142 ], [ 14.4408337, 40.617904 ], [ 14.4410352, 40.617825 ], [ 14.4411034, 40.6178047 ], [ 14.4411667, 40.617804 ], [ 14.4412129, 40.6178153 ], [ 14.441258, 40.6178352 ], [ 14.44133, 40.6178776 ], [ 14.4414598, 40.6179565 ], [ 14.4415125, 40.6179766 ], [ 14.4415607, 40.6179912 ], [ 14.4416072, 40.6179956 ], [ 14.4416623, 40.6179897 ], [ 14.4417267, 40.6179739 ], [ 14.442046, 40.6178025 ], [ 14.442103, 40.6177682 ], [ 14.4421692, 40.6177452 ], [ 14.4422281, 40.6177375 ], [ 14.4422999, 40.6177443 ], [ 14.4423758, 40.617762 ], [ 14.4424446, 40.6177786 ], [ 14.4424951, 40.6177876 ], [ 14.4425163, 40.6177929 ], [ 14.4425808, 40.6177939 ], [ 14.442665, 40.6177895 ], [ 14.4428719, 40.617767 ], [ 14.4429783, 40.6177548 ], [ 14.4430312, 40.6177549 ], [ 14.4430821, 40.6177589 ], [ 14.4431324, 40.6177809 ], [ 14.4431665, 40.6178064 ], [ 14.4432322, 40.6178707 ], [ 14.4434758, 40.6181265 ], [ 14.4435284, 40.6181743 ], [ 14.4435835, 40.6182224 ], [ 14.4436408, 40.6182631 ], [ 14.443699, 40.6182913 ], [ 14.4437681, 40.6183084 ], [ 14.443826, 40.618314 ], [ 14.4438937, 40.6183069 ], [ 14.443985, 40.6182947 ], [ 14.4441307, 40.6182714 ], [ 14.4442172, 40.6182602 ], [ 14.444321, 40.6182576 ], [ 14.4444198, 40.6182667 ], [ 14.4445568, 40.6182852 ], [ 14.4446835, 40.6183058 ], [ 14.4448105, 40.618338 ], [ 14.4448977, 40.6183772 ], [ 14.4449661, 40.6184175 ], [ 14.4451318, 40.6185365 ], [ 14.4455588, 40.6188179 ], [ 14.445619, 40.618845 ], [ 14.4456808, 40.6188659 ], [ 14.4457651, 40.6188823 ], [ 14.4459467, 40.6188936 ], [ 14.4461148, 40.6188989 ], [ 14.4464065, 40.6189037 ], [ 14.4465555, 40.6188969 ], [ 14.4469852, 40.6188556 ], [ 14.4471255, 40.6188363 ], [ 14.4472266, 40.6188256 ], [ 14.4473059, 40.6188275 ], [ 14.4473752, 40.6188454 ], [ 14.4474256, 40.6188731 ], [ 14.4474524, 40.6188944 ], [ 14.4474755, 40.6189219 ], [ 14.4475053, 40.6189676 ], [ 14.4475558, 40.6190502 ], [ 14.4475919, 40.6191003 ], [ 14.4476385, 40.6191451 ], [ 14.4476846, 40.6191703 ], [ 14.4477445, 40.6191872 ], [ 14.447819, 40.6191937 ], [ 14.4479068, 40.6191898 ], [ 14.4479871, 40.6191845 ], [ 14.4480609, 40.6191849 ], [ 14.4481752, 40.6191999 ], [ 14.4482534, 40.6192182 ], [ 14.4483327, 40.6192477 ], [ 14.4484058, 40.6192913 ], [ 14.4484593, 40.6193678 ], [ 14.4485114, 40.6194462 ], [ 14.4485541, 40.6195055 ], [ 14.4486068, 40.6195591 ], [ 14.4486626, 40.6195998 ], [ 14.448728, 40.619631 ], [ 14.4487998, 40.6196568 ], [ 14.4488912, 40.6196717 ], [ 14.448974, 40.6196762 ], [ 14.4490752, 40.6196678 ], [ 14.449385, 40.6196195 ], [ 14.4494859, 40.619609 ], [ 14.4495787, 40.6196021 ], [ 14.4496539, 40.6196073 ], [ 14.4497239, 40.6196268 ], [ 14.4497774, 40.6196481 ], [ 14.4498455, 40.6196844 ], [ 14.4498936, 40.6197191 ], [ 14.4499329, 40.6197617 ], [ 14.4499674, 40.619835 ], [ 14.450024, 40.6199719 ], [ 14.4500474, 40.6200265 ] ] } },
{ "type": "Feature", "properties": { "name": "Via Mortora San Liborio", "name_manual": "Via Mortora San Liborio", "name_original": "Via Mortora San Liborio", "highway": "secondary_link", "status": "unexplored", "description": "unexplored" }, "geometry": { "type": "LineString", "coordinates": [ [ 14.4227301, 40.6215821 ], [ 14.4226939, 40.6216583 ], [ 14.422617, 40.6216693 ], [ 14.4225512, 40.6216675 ], [ 14.4223999, 40.6216433 ], [ 14.4221963, 40.6216118 ], [ 14.4221277, 40.6216127 ], [ 14.4220155, 40.6216252 ], [ 14.4217014, 40.6216683 ], [ 14.421525, 40.6217032 ] ] } },
{ "type": "Feature", "properties": { "name": "Via Meta Amalfi", "name_manual": "Via Meta Amalfi", "name_original": "Via Meta Amalfi", "highway": "primary", "status": "unexplored", "description": "unexplored" }, "geometry": { "type": "LineString", "coordinates": [ [ 14.4215944, 40.6215941 ], [ 14.4216566, 40.6215864 ] ] } },
{ "type": "Feature", "properties": { "name": "Via Nastro Azzurro", "name_manual": "Via Nastro Azzurro", "name_original": "Via Nastro Azzurro", "highway": "primary", "status": "unexplored", "description": "unexplored" }, "geometry": { "type": "LineString", "coordinates": [ [ 14.4276371, 40.6175615 ], [ 14.4276031, 40.6175137 ], [ 14.4275741, 40.6174707 ], [ 14.4275138, 40.61744 ] ] } },
{ "type": "Feature", "properties": { "name": "Piazza della Repubblica", "name_manual": "Piazza della Repubblica", "name_original": "Piazza della Repubblica", "highway": "residential", "status": "unexplored", "description": "unexplored" }, "geometry": { "type": "LineString", "coordinates": [ [ 14.4080337, 40.6313337 ], [ 14.4080926, 40.6313459 ] ] } },
{ "type": "Feature", "properties": { "name": "Piazza della Repubblica", "name_manual": "Piazza della Repubblica", "name_original": "Piazza della Repubblica", "highway": "pedestrian", "status": "unexplored", "description": "unexplored" }, "geometry": { "type": "LineString", "coordinates": [ [ 14.4084833, 40.6318932 ], [ 14.4087161, 40.6320075 ], [ 14.4087357, 40.6320245 ] ] } },
{ "type": "Feature", "properties": { "name": "Corso Italia", "name_manual": "Corso Italia", "name_original": "Corso Italia", "highway": "residential", "status": "unexplored", "description": "unexplored" }, "geometry": { "type": "LineString", "coordinates": [ [ 14.4079567, 40.6313369 ], [ 14.4080337, 40.6313337 ] ] } },
{ "type": "Feature", "properties": { "name": "Corso Italia", "name_manual": "Corso Italia", "name_original": "Corso Italia", "highway": "residential", "status": "unexplored", "description": "unexplored" }, "geometry": { "type": "LineString", "coordinates": [ [ 14.4070975, 40.6320651 ], [ 14.4071263, 40.6320591 ], [ 14.4071513, 40.6320472 ], [ 14.4072547, 40.6319826 ] ] } },
{ "type": "Feature", "properties": { "name": "Piazza della Repubblica", "name_manual": "Piazza della Repubblica", "name_original": "Piazza della Repubblica", "highway": "residential", "status": "unexplored", "description": "unexplored" }, "geometry": { "type": "LineString", "coordinates": [ [ 14.4082592, 40.6317888 ], [ 14.4084833, 40.6318932 ] ] } },
{ "type": "Feature", "properties": { "name": "Piazza della Repubblica", "name_manual": "Piazza della Repubblica", "name_original": "Piazza della Repubblica", "highway": "residential", "status": "unexplored", "description": "unexplored" }, "geometry": { "type": "LineString", "coordinates": [ [ 14.4081093, 40.6316124 ], [ 14.4081531, 40.6316383 ], [ 14.4082372, 40.6317413 ], [ 14.4082592, 40.6317888 ] ] } },
{ "type": "Feature", "properties": { "name": "Via Mercato", "name_manual": "Via Mercato", "name_original": "Via Mercato", "highway": "residential", "status": "unexplored", "description": "unexplored" }, "geometry": { "type": "LineString", "coordinates": [ [ 14.4076604, 40.6322352 ], [ 14.4077479, 40.6322915 ], [ 14.4079821, 40.6324347 ], [ 14.4080294, 40.6324618 ], [ 14.4080926, 40.6324973 ], [ 14.4081895, 40.6325547 ], [ 14.4082729, 40.6326009 ], [ 14.4082907, 40.632611 ], [ 14.4083574, 40.6326456 ] ] } },
{ "type": "Feature", "properties": { "name": "Piazza della Repubblica", "name_manual": "Piazza della Repubblica", "name_original": "Piazza della Repubblica", "highway": "residential", "status": "unexplored", "description": "unexplored" }, "geometry": { "type": "LineString", "coordinates": [ [ 14.4077839, 40.6315763 ], [ 14.4078489, 40.6316036 ], [ 14.4080366, 40.6316894 ], [ 14.4080744, 40.6317079 ] ] } },
{ "type": "Feature", "properties": { "name": "Via Ripa di Cassano", "name_manual": "Via Ripa di Cassano", "name_original": "Via Ripa di Cassano", "highway": "residential", "status": "unexplored", "description": "unexplored" }, "geometry": { "type": "LineString", "coordinates": [ [ 14.401257, 40.6367861 ], [ 14.4013427, 40.6367797 ], [ 14.401558, 40.6367802 ] ] } },
{ "type": "Feature", "properties": { "name": "Via Francesco Ciampa", "name_manual": "Via Francesco Ciampa", "name_original": "Via Francesco Ciampa", "highway": "unclassified", "status": "unexplored", "description": "unexplored" }, "geometry": { "type": "LineString", "coordinates": [ [ 14.4061933, 40.6365909 ], [ 14.4066952, 40.6361068 ], [ 14.407001, 40.6357782 ], [ 14.407239, 40.6354441 ], [ 14.4075045, 40.6351998 ], [ 14.4076579, 40.635021 ] ] } },
{ "type": "Feature", "properties": { "name": "Via delle Rose", "name_manual": "Via delle Rose", "name_original": "Via delle Rose", "highway": "service", "status": "unexplored", "description": "unexplored" }, "geometry": { "type": "LineString", "coordinates": [ [ 14.4055822, 40.6351005 ], [ 14.4058205, 40.6348917 ], [ 14.4059781, 40.6347453 ], [ 14.4059978, 40.6347283 ], [ 14.4060517, 40.6346792 ], [ 14.4062087, 40.6345393 ], [ 14.4062771, 40.6344857 ], [ 14.4063571, 40.6344447 ], [ 14.4063756, 40.6344454 ], [ 14.4064039, 40.6344497 ], [ 14.4064377, 40.6344632 ], [ 14.4065441, 40.6345148 ], [ 14.4065872, 40.6345377 ] ] } },
{ "type": "Feature", "properties": { "name": "Traversa 1 San Michele", "name_manual": "Traversa 1 San Michele", "name_original": "Traversa 1 San Michele", "highway": "living_street", "status": "unexplored", "description": "unexplored" }, "geometry": { "type": "LineString", "coordinates": [ [ 14.4100788, 40.6322948 ], [ 14.4101682, 40.6323865 ] ] } },
{ "type": "Feature", "properties": { "name": "Piazza delle Rose", "name_manual": "Piazza delle Rose", "name_original": "Piazza delle Rose", "highway": "residential", "status": "unexplored", "description": "unexplored" }, "geometry": { "type": "LineString", "coordinates": [ [ 14.4101309, 40.6320286 ], [ 14.410178, 40.6320397 ], [ 14.4102075, 40.6320647 ], [ 14.4102248, 40.6320925 ] ] } },
{ "type": "Feature", "properties": { "name": "Piazza delle Rose", "name_manual": "Piazza delle Rose", "name_original": "Piazza delle Rose", "highway": "residential", "status": "unexplored", "description": "unexplored" }, "geometry": { "type": "LineString", "coordinates": [ [ 14.41036, 40.6319907 ], [ 14.4103145, 40.6320197 ], [ 14.4102248, 40.6320925 ], [ 14.4101955, 40.6321428 ], [ 14.4100746, 40.6322734 ], [ 14.4100621, 40.6322851 ] ] } },
{ "type": "Feature", "properties": { "name": "Piazza Cota", "name_manual": "Piazza Cota", "name_original": "Piazza Cota", "highway": "residential", "status": "unexplored", "description": "unexplored" }, "geometry": { "type": "LineString", "coordinates": [ [ 14.4115115, 40.6332745 ], [ 14.4112806, 40.6331584 ], [ 14.4112026, 40.6331369 ], [ 14.4111744, 40.6331386 ] ] } },
{ "type": "Feature", "properties": { "name": "Via Savino", "name_manual": "Via Savino", "name_original": "Via Savino", "highway": "service", "status": "unexplored", "description": "unexplored" }, "geometry": { "type": "LineString", "coordinates": [ [ 14.4033414, 40.6362096 ], [ 14.4030139, 40.6364934 ], [ 14.4028471, 40.6366314 ], [ 14.4027236, 40.636724 ], [ 14.4026862, 40.6367521 ], [ 14.4024727, 40.6369233 ], [ 14.4024089, 40.6369671 ], [ 14.4021593, 40.6371103 ] ] } },
{ "type": "Feature", "properties": { "name": "Via Bagnulo", "name_manual": "Via Bagnulo", "name_original": "Via Bagnulo", "highway": "unclassified", "status": "unexplored", "description": "unexplored" }, "geometry": { "type": "LineString", "coordinates": [ [ 14.4116188, 40.635686 ], [ 14.4111966, 40.6361656 ], [ 14.4109364, 40.6364984 ], [ 14.4107801, 40.636693 ], [ 14.4105167, 40.6370577 ], [ 14.4104456, 40.6371208 ], [ 14.4103201, 40.6372159 ], [ 14.4102163, 40.6372983 ], [ 14.4100277, 40.6374667 ] ] } },
{ "type": "Feature", "properties": { "name": "Via Mario d'Esposito", "name_manual": "Via Mario d'Esposito", "name_original": "Via Mario d'Esposito", "highway": "residential", "status": "unexplored", "description": "unexplored" }, "geometry": { "type": "LineString", "coordinates": [ [ 14.4085414, 40.6392527 ], [ 14.4081523, 40.6390722 ], [ 14.4077816, 40.6388791 ] ] } },
{ "type": "Feature", "properties": { "name": "Traversa Seconda Bagnulo", "name_manual": "Traversa Seconda Bagnulo", "name_original": "Traversa Seconda Bagnulo", "highway": "residential", "status": "unexplored", "description": "unexplored" }, "geometry": { "type": "LineString", "coordinates": [ [ 14.4093811, 40.6371643 ], [ 14.4095993, 40.6372679 ], [ 14.4098018, 40.6373655 ], [ 14.409983, 40.6374467 ], [ 14.4100277, 40.6374667 ] ] } },
{ "type": "Feature", "properties": { "name": "Traversa Gottola", "name_manual": "Traversa Gottola", "name_original": "Traversa Gottola", "highway": "residential", "status": "unexplored", "description": "unexplored" }, "geometry": { "type": "LineString", "coordinates": [ [ 14.4061933, 40.6365909 ], [ 14.4063196, 40.6366554 ], [ 14.4065491, 40.6367435 ] ] } },
{ "type": "Feature", "properties": { "name": "Largo Annunziata", "name_manual": "Largo Annunziata", "name_original": "Largo Annunziata", "highway": "residential", "status": "unexplored", "description": "unexplored" }, "geometry": { "type": "LineString", "coordinates": [ [ 14.4084246, 40.6353675 ], [ 14.4087952, 40.634844 ], [ 14.4086693, 40.634772 ] ] } },
{ "type": "Feature", "properties": { "name": "Via Carlo Amalfi", "name_manual": "Via Carlo Amalfi", "name_original": "Via Carlo Amalfi", "highway": "residential", "status": "unexplored", "description": "unexplored" }, "geometry": { "type": "LineString", "coordinates": [ [ 14.4085014, 40.6354051 ], [ 14.4088389, 40.6355957 ], [ 14.4092822, 40.6358499 ], [ 14.4100177, 40.6362868 ], [ 14.4107801, 40.636693 ] ] } },
{ "type": "Feature", "properties": { "name": "Via Cassano", "name_manual": "Via Cassano", "name_original": "Via Cassano", "highway": "residential", "status": "unexplored", "description": "unexplored" }, "geometry": { "type": "LineString", "coordinates": [ [ 14.4063747, 40.6406 ], [ 14.4064944, 40.6405027 ], [ 14.4065563, 40.6404287 ], [ 14.4067474, 40.6401648 ], [ 14.4069151, 40.6400025 ] ] } },
{ "type": "Feature", "properties": { "name": "Via Legittimo", "name_manual": "Via Legittimo", "name_original": "Via Legittimo", "highway": "residential", "status": "unexplored", "description": "unexplored" }, "geometry": { "type": "LineString", "coordinates": [ [ 14.4067991, 40.627791 ], [ 14.4064724, 40.6282198 ], [ 14.4064556, 40.6282362 ], [ 14.4065832, 40.62834 ], [ 14.4067306, 40.6284554 ], [ 14.4067681, 40.6284927 ], [ 14.4069795, 40.6286853 ], [ 14.4071132, 40.6287952 ], [ 14.4072307, 40.6289118 ], [ 14.4072577, 40.6289481 ], [ 14.4072765, 40.6289881 ], [ 14.4072839, 40.6290163 ], [ 14.407287, 40.6290504 ], [ 14.4072773, 40.6291191 ], [ 14.4072441, 40.6293384 ], [ 14.4072418, 40.6293747 ], [ 14.4072369, 40.6294505 ], [ 14.4072295, 40.6295662 ], [ 14.4072337, 40.6296342 ], [ 14.407268, 40.6297275 ], [ 14.4072926, 40.6297867 ], [ 14.4073307, 40.6298399 ], [ 14.4074752, 40.6300264 ], [ 14.4076201, 40.630149 ], [ 14.4076839, 40.6301805 ] ] } },
{ "type": "Feature", "properties": { "name": "Via Enrico de Martino", "name_manual": "Via Enrico de Martino", "name_original": "Via Enrico de Martino", "highway": "footway", "status": "unexplored", "description": "unexplored" }, "geometry": { "type": "LineString", "coordinates": [ [ 14.4109754, 40.6314873 ], [ 14.4109279, 40.6315298 ], [ 14.410836, 40.6315975 ] ] } },
{ "type": "Feature", "properties": { "name": "Via Vincenzo Iaccarino", "name_manual": "Via Vincenzo Iaccarino", "name_original": "Via Vincenzo Iaccarino", "highway": "residential", "status": "unexplored", "description": "unexplored" }, "geometry": { "type": "LineString", "coordinates": [ [ 14.4106798, 40.6307932 ], [ 14.410838, 40.6308017 ], [ 14.4109547, 40.6307807 ], [ 14.4111841, 40.6307304 ], [ 14.411749, 40.6306309 ] ] } },
{ "type": "Feature", "properties": { "name": "Via dei Platani", "name_manual": "Via dei Platani", "name_original": "Via dei Platani", "highway": "primary", "status": "unexplored", "description": "unexplored" }, "geometry": { "type": "LineString", "coordinates": [ [ 14.4158987, 40.6317016 ], [ 14.4159162, 40.6317277 ], [ 14.4159375, 40.6317596 ] ] } },
{ "type": "Feature", "properties": { "name": "Via dei Platani", "name_manual": "Via dei Platani", "name_original": "Via dei Platani", "highway": "primary", "status": "unexplored", "description": "unexplored" }, "geometry": { "type": "LineString", "coordinates": [ [ 14.4159375, 40.6317596 ], [ 14.415986, 40.6318302 ], [ 14.4160569, 40.6319332 ], [ 14.4161317, 40.6320422 ], [ 14.4162525, 40.6321733 ], [ 14.4162871, 40.6321996 ], [ 14.4163776, 40.6322811 ], [ 14.416607, 40.6324534 ], [ 14.4167411, 40.6325454 ], [ 14.4167656, 40.6325622 ], [ 14.4168198, 40.6325993 ], [ 14.4172505, 40.6328947 ], [ 14.4173837, 40.6329838 ], [ 14.4175148, 40.6330716 ], [ 14.4176185, 40.6331411 ], [ 14.4178886, 40.6333219 ], [ 14.4179141, 40.6333369 ], [ 14.4179884, 40.6333783 ], [ 14.418028, 40.6334007 ] ] } },
{ "type": "Feature", "properties": { "name": "Via dei Platani", "name_manual": "Via dei Platani", "name_original": "Via dei Platani", "highway": "primary", "status": "unexplored", "description": "unexplored" }, "geometry": { "type": "LineString", "coordinates": [ [ 14.4141685, 40.6302071 ], [ 14.4142926, 40.6303025 ] ] } },
{ "type": "Feature", "properties": { "name": "Via Mortora", "name_manual": "Via Mortora", "name_original": "Via Mortora", "highway": "primary_link", "status": "unexplored", "description": "unexplored" }, "geometry": { "type": "LineString", "coordinates": [ [ 14.4113563, 40.6288268 ], [ 14.4113948, 40.6288317 ], [ 14.4114228, 40.6288524 ], [ 14.4114302, 40.6288815 ] ] } },
{ "type": "Feature", "properties": { "name": "Via Mortora", "name_manual": "Via Mortora", "name_original": "Via Mortora", "highway": "primary_link", "status": "unexplored", "description": "unexplored" }, "geometry": { "type": "LineString", "coordinates": [ [ 14.4113205, 40.6288397 ], [ 14.4113563, 40.6288268 ] ] } },
{ "type": "Feature", "properties": { "name": "Via Mortora", "name_manual": "Via Mortora", "name_original": "Via Mortora", "highway": "primary_link", "status": "unexplored", "description": "unexplored" }, "geometry": { "type": "LineString", "coordinates": [ [ 14.41138, 40.6289243 ], [ 14.4113543, 40.628925 ], [ 14.4113303, 40.628918 ] ] } },
{ "type": "Feature", "properties": { "name": "Via Mortora", "name_manual": "Via Mortora", "name_original": "Via Mortora", "highway": "primary_link", "status": "unexplored", "description": "unexplored" }, "geometry": { "type": "LineString", "coordinates": [ [ 14.4114302, 40.6288815 ], [ 14.4114219, 40.6289007 ], [ 14.4114042, 40.6289158 ], [ 14.41138, 40.6289243 ] ] } },
{ "type": "Feature", "properties": { "name": "Via Mortora", "name_manual": "Via Mortora", "name_original": "Via Mortora", "highway": "primary_link", "status": "unexplored", "description": "unexplored" }, "geometry": { "type": "LineString", "coordinates": [ [ 14.4113303, 40.628918 ], [ 14.4113049, 40.6288953 ], [ 14.4113012, 40.6288656 ], [ 14.4113205, 40.6288397 ] ] } },
{ "type": "Feature", "properties": { "name": "Via dei Platani", "name_manual": "Via dei Platani", "name_original": "Via dei Platani", "highway": "primary", "status": "unexplored", "description": "unexplored" }, "geometry": { "type": "LineString", "coordinates": [ [ 14.4124958, 40.6293445 ], [ 14.4129251, 40.6294961 ] ] } },
{ "type": "Feature", "properties": { "name": "Via delle Acacie", "name_manual": "Via delle Acacie", "name_original": "Via delle Acacie", "highway": "residential", "status": "unexplored", "description": "unexplored" }, "geometry": { "type": "LineString", "coordinates": [ [ 14.4086228, 40.6291444 ], [ 14.4086225, 40.6290707 ], [ 14.4085949, 40.6290394 ], [ 14.4079203, 40.6284866 ], [ 14.4078003, 40.6283494 ], [ 14.4077885, 40.6283155 ] ] } },
{ "type": "Feature", "properties": { "name": "Via Sant'Andrea", "name_manual": "Via Sant'Andrea", "name_original": "Via Sant'Andrea", "highway": "residential", "status": "unexplored", "description": "unexplored" }, "geometry": { "type": "LineString", "coordinates": [ [ 14.4109829, 40.6287514 ], [ 14.4111436, 40.6288004 ], [ 14.4112075, 40.6288194 ], [ 14.4112628, 40.6288359 ] ] } },
{ "type": "Feature", "properties": { "name": "Via Mortora San Liborio", "name_manual": "Via Mortora San Liborio", "name_original": "Via Mortora San Liborio", "highway": "secondary", "status": "unexplored", "description": "unexplored" }, "geometry": { "type": "LineString", "coordinates": [ [ 14.4126102, 40.628678 ], [ 14.4129051, 40.6284741 ], [ 14.4131825, 40.6282618 ] ] } },
{ "type": "Feature", "properties": { "name": "Via Mortora San Liborio", "name_manual": "Via Mortora San Liborio", "name_original": "Via Mortora San Liborio", "highway": "secondary", "status": "unexplored", "description": "unexplored" }, "geometry": { "type": "LineString", "coordinates": [ [ 14.411644, 40.6287585 ], [ 14.4117491, 40.6287464 ], [ 14.4119168, 40.6287391 ], [ 14.4123129, 40.6287479 ], [ 14.4123891, 40.6287493 ], [ 14.4124704, 40.6287376 ], [ 14.4125364, 40.6287169 ], [ 14.4125914, 40.6286899 ], [ 14.4126102, 40.628678 ] ] } },
{ "type": "Feature", "properties": { "name": "Via Giuseppe Mastellone", "name_manual": "Via Giuseppe Mastellone", "name_original": "Via Giuseppe Mastellone", "highway": "service", "status": "unexplored", "description": "unexplored" }, "geometry": { "type": "LineString", "coordinates": [ [ 14.411644, 40.6287585 ], [ 14.4115744, 40.6286025 ], [ 14.4116011, 40.6284253 ], [ 14.4116948, 40.628228 ], [ 14.4117168, 40.6282211 ], [ 14.4117755, 40.6281057 ], [ 14.4120078, 40.628176 ], [ 14.4121367, 40.6279392 ], [ 14.4121413, 40.6279308 ], [ 14.4122758, 40.6279749 ], [ 14.4125758, 40.6280731 ], [ 14.4131825, 40.6282618 ] ] } },
{ "type": "Feature", "properties": { "name": "Traversa Breccioni", "name_manual": "Traversa Breccioni", "name_original": "Traversa Breccioni", "highway": "residential", "status": "unexplored", "description": "unexplored" }, "geometry": { "type": "LineString", "coordinates": [ [ 14.4112673, 40.6242519 ], [ 14.4113317, 40.6242791 ], [ 14.41139, 40.6242899 ], [ 14.4115808, 40.6242927 ], [ 14.4121378, 40.6245416 ], [ 14.4122038, 40.6245489 ], [ 14.412282, 40.6245482 ], [ 14.4123694, 40.6245352 ], [ 14.4125196, 40.6245358 ], [ 14.4126128, 40.6245423 ], [ 14.4126885, 40.6245437 ], [ 14.4127448, 40.6245371 ], [ 14.4128562, 40.6245022 ], [ 14.4129224, 40.6244769 ] ] } },
{ "type": "Feature", "properties": { "name": "Via Cepano", "name_manual": "Via Cepano", "name_original": "Via Cepano", "highway": "service", "status": "unexplored", "description": "unexplored" }, "geometry": { "type": "LineString", "coordinates": [ [ 14.4096066, 40.6217422 ], [ 14.4095483, 40.6215864 ], [ 14.4096229, 40.6214079 ], [ 14.4097455, 40.6212586 ], [ 14.4098669, 40.6212459 ], [ 14.4100459, 40.6210866 ], [ 14.4103277, 40.6209455 ], [ 14.4107862, 40.6206366 ], [ 14.411, 40.6204511 ], [ 14.4110775, 40.6202386 ], [ 14.4111491, 40.6201029 ], [ 14.4113112, 40.6200253 ], [ 14.4114916, 40.6199434 ], [ 14.4115681, 40.619808 ] ] } },
{ "type": "Feature", "properties": { "name": "Via Formiello", "name_manual": "Via Formiello", "name_original": "Via Formiello", "highway": "residential", "status": "unexplored", "description": "unexplored" }, "geometry": { "type": "LineString", "coordinates": [ [ 14.4147794, 40.6268613 ], [ 14.4150361, 40.6269272 ], [ 14.4159038, 40.6273853 ], [ 14.4160071, 40.6273965 ] ] } },
{ "type": "Feature", "properties": { "name": "Traversa Prima Pontecorvo", "name_manual": "Traversa Prima Pontecorvo", "name_original": "Traversa Prima Pontecorvo", "highway": "path", "status": "unexplored", "description": "unexplored" }, "geometry": { "type": "LineString", "coordinates": [ [ 14.4207644, 40.6156841 ], [ 14.4204126, 40.6156159 ], [ 14.4202732, 40.615566 ], [ 14.4202329, 40.61551 ], [ 14.4201967, 40.6154734 ], [ 14.4201364, 40.6154327 ], [ 14.4200787, 40.6154123 ], [ 14.4199017, 40.6154205 ], [ 14.4198655, 40.6153187 ], [ 14.4198319, 40.6153176 ], [ 14.4197595, 40.6152922 ], [ 14.41962, 40.615227 ], [ 14.4194271, 40.6151461 ], [ 14.4192901, 40.6150896 ], [ 14.4189924, 40.6150631 ], [ 14.4189093, 40.6150774 ], [ 14.4186075, 40.6152474 ], [ 14.4185746, 40.6152672 ], [ 14.4185445, 40.61534 ], [ 14.4184982, 40.615368 ], [ 14.4183078, 40.6153975 ], [ 14.4181462, 40.6154607 ], [ 14.4180503, 40.6155049 ], [ 14.4179544, 40.6155701 ], [ 14.4178498, 40.6156088 ], [ 14.4176848, 40.6156393 ], [ 14.4175983, 40.6156587 ], [ 14.4175386, 40.6156882 ], [ 14.4173864, 40.6157533 ], [ 14.4173214, 40.6157701 ], [ 14.4172805, 40.6157539 ], [ 14.4172545, 40.6156998 ] ] } },
{ "type": "Feature", "properties": { "name": "Via Nastro Azzurro", "name_manual": "Via Nastro Azzurro", "name_original": "Via Nastro Azzurro", "highway": "primary", "status": "unexplored", "description": "unexplored" }, "geometry": { "type": "LineString", "coordinates": [ [ 14.4134726, 40.6150668 ], [ 14.4134092, 40.6150379 ] ] } },
{ "type": "Feature", "properties": { "name": "Via Michele Paturzo", "name_manual": "Via Michele Paturzo", "name_original": "Via Michele Paturzo", "highway": "tertiary", "status": "unexplored", "description": "unexplored" }, "geometry": { "type": "LineString", "coordinates": [ [ 14.4134886, 40.6153852 ], [ 14.4135311, 40.6152399 ], [ 14.4135321, 40.6152082 ], [ 14.4135328, 40.6151901 ], [ 14.4135274, 40.6151614 ], [ 14.413505, 40.6151171 ], [ 14.4134726, 40.6150668 ] ] } },
{ "type": "Feature", "properties": { "name": "Via Michele Paturzo", "name_manual": "Via Michele Paturzo", "name_original": "Via Michele Paturzo", "highway": "tertiary", "status": "unexplored", "description": "unexplored" }, "geometry": { "type": "LineString", "coordinates": [ [ 14.4137974, 40.6152108 ], [ 14.413745, 40.6152204 ], [ 14.4136622, 40.6152514 ], [ 14.4136164, 40.6152778 ], [ 14.4135689, 40.6153148 ], [ 14.4134886, 40.6153852 ] ] } },
{ "type": "Feature", "properties": { "name": "Via Michele Paturzo", "name_manual": "Via Michele Paturzo", "name_original": "Via Michele Paturzo", "highway": "tertiary", "status": "unexplored", "description": "unexplored" }, "geometry": { "type": "LineString", "coordinates": [ [ 14.4134886, 40.6153852 ], [ 14.4135625, 40.6152524 ], [ 14.4136121, 40.6151639 ], [ 14.4136275, 40.6151367 ] ] } },
{ "type": "Feature", "properties": { "name": "Via Nastro d'Argento", "name_manual": "Via Nastro d'Argento", "name_original": "Via Nastro d'Argento", "highway": "tertiary", "status": "unexplored", "description": "unexplored" }, "geometry": { "type": "LineString", "coordinates": [ [ 14.4110615, 40.6168602 ], [ 14.4111634, 40.6169058 ], [ 14.4112571, 40.6169473 ], [ 14.4114379, 40.6170343 ], [ 14.4115196, 40.6170784 ], [ 14.4115677, 40.6171064 ], [ 14.4116091, 40.6171319 ], [ 14.4116529, 40.6171632 ], [ 14.411692, 40.6171958 ], [ 14.4117098, 40.6172123 ], [ 14.4117284, 40.617231 ], [ 14.4119335, 40.6174925 ], [ 14.4119487, 40.6175117 ], [ 14.4119669, 40.6175307 ], [ 14.4119932, 40.6175529 ], [ 14.4120158, 40.6175685 ], [ 14.4120388, 40.6175818 ], [ 14.4120709, 40.6175968 ], [ 14.4121159, 40.6176128 ], [ 14.412339, 40.6176774 ], [ 14.4124598, 40.6177147 ], [ 14.412581, 40.6177494 ], [ 14.4127093, 40.6178062 ], [ 14.4128408, 40.6178729 ], [ 14.4128924, 40.6178952 ], [ 14.412946, 40.6179059 ], [ 14.4129889, 40.617908 ], [ 14.4130302, 40.6179031 ], [ 14.4130862, 40.6178861 ], [ 14.413115, 40.6178667 ], [ 14.4131334, 40.6178421 ], [ 14.4131465, 40.6178077 ], [ 14.4131512, 40.6177756 ], [ 14.4131492, 40.6177463 ], [ 14.4131304, 40.6176891 ], [ 14.413113, 40.617657 ], [ 14.4130607, 40.6175919 ], [ 14.4130164, 40.6175491 ], [ 14.4129734, 40.6175159 ], [ 14.4129105, 40.6174824 ], [ 14.4128019, 40.6174361 ], [ 14.4127388, 40.6174152 ], [ 14.4126764, 40.6174002 ], [ 14.4125794, 40.6173738 ], [ 14.4125437, 40.6173598 ], [ 14.4125043, 40.6173412 ], [ 14.4124766, 40.6173258 ], [ 14.4124382, 40.6173008 ], [ 14.4123762, 40.6172499 ], [ 14.4123315, 40.6172 ], [ 14.4122954, 40.6171463 ], [ 14.4122849, 40.6171241 ], [ 14.4122763, 40.6171011 ], [ 14.4122689, 40.6170736 ], [ 14.4122641, 40.6170432 ], [ 14.4122629, 40.6170126 ], [ 14.4122662, 40.6169757 ], [ 14.4122735, 40.6169363 ], [ 14.4122808, 40.6169078 ], [ 14.4123408, 40.6167357 ], [ 14.4123488, 40.6166453 ], [ 14.4123472, 40.616584 ], [ 14.4123385, 40.616552 ], [ 14.4123306, 40.6165217 ], [ 14.41231, 40.6164667 ], [ 14.4122897, 40.6164167 ], [ 14.4122703, 40.616378 ], [ 14.4122477, 40.6163382 ], [ 14.4122238, 40.616298 ], [ 14.4121943, 40.6162598 ], [ 14.4121622, 40.6162232 ], [ 14.4121239, 40.6161926 ], [ 14.4120494, 40.6161416 ], [ 14.4118363, 40.6160358 ], [ 14.4116268, 40.6159376 ], [ 14.4115748, 40.6159118 ], [ 14.4115308, 40.6158814 ], [ 14.4114906, 40.6158487 ], [ 14.4114626, 40.6158129 ], [ 14.4114462, 40.6157794 ], [ 14.4114356, 40.6157449 ], [ 14.4114295, 40.6157183 ], [ 14.4114268, 40.615697 ], [ 14.4114265, 40.6156629 ], [ 14.4114296, 40.6156359 ], [ 14.4114354, 40.6156099 ], [ 14.4114438, 40.6155904 ], [ 14.411454, 40.615574 ], [ 14.4114856, 40.6155412 ], [ 14.4115299, 40.615512 ], [ 14.4115769, 40.6154925 ], [ 14.4116045, 40.6154854 ], [ 14.4116334, 40.6154813 ], [ 14.4116686, 40.6154794 ], [ 14.4117022, 40.6154808 ], [ 14.4117406, 40.6154866 ], [ 14.4117765, 40.615495 ], [ 14.4118177, 40.6155083 ], [ 14.4118581, 40.6155261 ], [ 14.4119206, 40.6155651 ], [ 14.4119823, 40.6156066 ], [ 14.4125429, 40.6160524 ], [ 14.4126463, 40.6161392 ], [ 14.4127215, 40.6162126 ], [ 14.4127871, 40.6162899 ], [ 14.4128558, 40.6163814 ], [ 14.4129594, 40.6165303 ], [ 14.4130602, 40.6166815 ], [ 14.4130844, 40.616706 ], [ 14.4131311, 40.6167485 ], [ 14.4131593, 40.6167698 ], [ 14.4132182, 40.616806 ], [ 14.4132744, 40.6168286 ], [ 14.4133274, 40.6168353 ], [ 14.4133692, 40.6168258 ] ] } },
{ "type": "Feature", "properties": { "name": "Via Cesina", "name_manual": "Via Cesina", "name_original": "Via Cesina", "highway": "service", "status": "unexplored", "description": "unexplored" }, "geometry": { "type": "LineString", "coordinates": [ [ 14.4191563, 40.6231441 ], [ 14.4191869, 40.6230898 ], [ 14.4191815, 40.6230776 ], [ 14.4189367, 40.6229944 ], [ 14.4188432, 40.6229855 ], [ 14.4187547, 40.6229883 ], [ 14.4187061, 40.6229817 ], [ 14.4185921, 40.622945 ], [ 14.418408, 40.6228112 ], [ 14.4183628, 40.6227488 ], [ 14.4182675, 40.6226073 ], [ 14.4181837, 40.6225442 ], [ 14.4179363, 40.6224781 ], [ 14.4173073, 40.6222663 ], [ 14.4172852, 40.6222002 ], [ 14.4170813, 40.6220088 ], [ 14.4167916, 40.6218266 ], [ 14.4167474, 40.6218118 ], [ 14.4165214, 40.6218398 ], [ 14.4163739, 40.6218785 ], [ 14.4162344, 40.6219269 ], [ 14.4161177, 40.6219477 ], [ 14.4160037, 40.6219625 ], [ 14.4159454, 40.6219803 ], [ 14.4158797, 40.6220154 ], [ 14.4158596, 40.622076 ], [ 14.41581, 40.6220923 ], [ 14.4150348, 40.6222037 ], [ 14.4149021, 40.6222057 ], [ 14.4148375, 40.6221755 ], [ 14.4147719, 40.6221247 ], [ 14.4147372, 40.6220811 ], [ 14.4147169, 40.6220407 ], [ 14.4146978, 40.6219456 ] ] } },
{ "type": "Feature", "properties": { "name": "Via Mortora", "name_manual": "Via Mortora", "name_original": "Via Mortora", "highway": "primary_link", "status": "unexplored", "description": "unexplored" }, "geometry": { "type": "LineString", "coordinates": [ [ 14.4112628, 40.6288359 ], [ 14.4113205, 40.6288397 ] ] } },
{ "type": "Feature", "properties": { "name": "Via Breccioni", "name_manual": "Via Breccioni", "name_original": "Via Breccioni", "highway": "residential", "status": "unexplored", "description": "unexplored" }, "geometry": { "type": "LineString", "coordinates": [ [ 14.4129224, 40.6244769 ], [ 14.4134045, 40.6244743 ], [ 14.413629, 40.6244819 ], [ 14.4136991, 40.6244935 ], [ 14.4137547, 40.6245212 ], [ 14.4137385, 40.6245894 ], [ 14.4136856, 40.6246798 ], [ 14.4136513, 40.6247253 ], [ 14.4135234, 40.6248478 ] ] } },
{ "type": "Feature", "properties": { "name": "Via Breccioni", "name_manual": "Via Breccioni", "name_original": "Via Breccioni", "highway": "path", "status": "unexplored", "description": "unexplored" }, "geometry": { "type": "LineString", "coordinates": [ [ 14.4120015, 40.6233971 ], [ 14.4121139, 40.6237647 ], [ 14.4121782, 40.6239316 ], [ 14.412248, 40.6240446 ], [ 14.4122949, 40.6241088 ], [ 14.4124961, 40.6242228 ], [ 14.4127335, 40.6243357 ], [ 14.4128877, 40.6243948 ], [ 14.4129132, 40.6244111 ], [ 14.4129224, 40.6244769 ] ] } },
{ "type": "Feature", "properties": { "name": "Via Marina di Cassano", "name_manual": "Via Marina di Cassano", "name_original": "Via Marina di Cassano", "highway": "service", "status": "unexplored", "description": "unexplored" }, "geometry": { "type": "LineString", "coordinates": [ [ 14.4019477, 40.6385203 ], [ 14.4019213, 40.6385006 ], [ 14.401742, 40.638343 ], [ 14.4017056, 40.6383109 ], [ 14.4015419, 40.6381878 ], [ 14.4013911, 40.6381018 ], [ 14.4011021, 40.6379827 ], [ 14.40086, 40.6378433 ], [ 14.4007447, 40.6377838 ], [ 14.4006152, 40.6377319 ], [ 14.4004906, 40.6376985 ], [ 14.4001761, 40.6376876 ] ] } },
{ "type": "Feature", "properties": { "name": "Via Ripa di Cassano", "name_manual": "Via Ripa di Cassano", "name_original": "Via Ripa di Cassano", "highway": "residential", "status": "unexplored", "description": "unexplored" }, "geometry": { "type": "LineString", "coordinates": [ [ 14.4038373, 40.6390172 ], [ 14.4042383, 40.6390876 ], [ 14.4043118, 40.6391104 ] ] } },
{ "type": "Feature", "properties": { "name": "Via delle Rose", "name_manual": "Via delle Rose", "name_original": "Via delle Rose", "highway": "unclassified", "status": "unexplored", "description": "unexplored" }, "geometry": { "type": "LineString", "coordinates": [ [ 14.4066038, 40.6345215 ], [ 14.4068361, 40.6343038 ], [ 14.4071781, 40.6339723 ], [ 14.4072724, 40.6338838 ], [ 14.4074059, 40.6337606 ], [ 14.4075438, 40.6336344 ], [ 14.4076584, 40.6335051 ], [ 14.4078762, 40.6332477 ], [ 14.4080237, 40.6330564 ], [ 14.4080387, 40.6330374 ], [ 14.4080824, 40.6329826 ], [ 14.408277, 40.6327444 ], [ 14.4083574, 40.6326456 ] ] } },
{ "type": "Feature", "properties": { "name": "Via delle Rose", "name_manual": "Via delle Rose", "name_original": "Via delle Rose", "highway": "unclassified", "status": "unexplored", "description": "unexplored" }, "geometry": { "type": "LineString", "coordinates": [ [ 14.4083574, 40.6326456 ], [ 14.4083763, 40.6326266 ], [ 14.4083985, 40.632598 ], [ 14.4085616, 40.6324828 ], [ 14.4086093, 40.6324555 ], [ 14.4086523, 40.6324293 ], [ 14.408755, 40.6323819 ], [ 14.4088406, 40.6323455 ], [ 14.4090369, 40.6322702 ], [ 14.4092668, 40.6322135 ], [ 14.4093329, 40.6322006 ], [ 14.4095088, 40.6321634 ], [ 14.409537, 40.6321571 ], [ 14.4095839, 40.6321496 ], [ 14.4096717, 40.6321336 ], [ 14.4098833, 40.6320899 ], [ 14.4099668, 40.6320743 ], [ 14.410064, 40.6320509 ], [ 14.4101309, 40.6320286 ], [ 14.4101502, 40.6320221 ], [ 14.4101992, 40.6319996 ], [ 14.4102277, 40.6319808 ], [ 14.4102728, 40.6319522 ] ] } },
{ "type": "Feature", "properties": { "name": "Via Carlo Amalfi", "name_manual": "Via Carlo Amalfi", "name_original": "Via Carlo Amalfi", "highway": "residential", "status": "unexplored", "description": "unexplored" }, "geometry": { "type": "LineString", "coordinates": [ [ 14.4076579, 40.635021 ], [ 14.4081697, 40.6352731 ], [ 14.4084246, 40.6353675 ], [ 14.4085014, 40.6354051 ] ] } },
{ "type": "Feature", "properties": { "name": "Via Salvatore d'Esposito", "name_manual": "Via Salvatore d'Esposito", "name_original": "Via Salvatore d'Esposito", "highway": "residential", "status": "unexplored", "description": "unexplored" }, "geometry": { "type": "LineString", "coordinates": [ [ 14.4220857, 40.6321944 ], [ 14.422317, 40.632287 ], [ 14.4226144, 40.63234 ] ] } },
{ "type": "Feature", "properties": { "name": "Via Piana", "name_manual": "Via Piana", "name_original": "Via Piana", "highway": "residential", "status": "unexplored", "description": "unexplored" }, "geometry": { "type": "LineString", "coordinates": [ [ 14.4251125, 40.6238788 ], [ 14.4250541, 40.6239331 ], [ 14.4249964, 40.624014 ], [ 14.4249709, 40.6243061 ], [ 14.4249737, 40.6244284 ], [ 14.4250004, 40.6245229 ], [ 14.4250687, 40.6246622 ], [ 14.4250728, 40.6246705 ], [ 14.4252955, 40.6252802 ], [ 14.4254369, 40.6260046 ], [ 14.425545, 40.6264102 ], [ 14.4256832, 40.6267084 ], [ 14.4257422, 40.6267735 ], [ 14.425824, 40.6268387 ], [ 14.4259165, 40.6268845 ], [ 14.4260345, 40.6269191 ], [ 14.4261847, 40.6269507 ], [ 14.4263656, 40.6269553 ], [ 14.4264595, 40.6269577 ], [ 14.4268177, 40.6269802 ], [ 14.4270055, 40.6270117 ], [ 14.427145, 40.6270494 ] ] } },
{ "type": "Feature", "properties": { "name": "Via Piana", "name_manual": "Via Piana", "name_original": "Via Piana", "highway": "service", "status": "unexplored", "description": "unexplored" }, "geometry": { "type": "LineString", "coordinates": [ [ 14.4263656, 40.6269553 ], [ 14.4266109, 40.6267733 ], [ 14.4267847, 40.6266741 ], [ 14.4268981, 40.6266021 ], [ 14.4269622, 40.626445 ], [ 14.4270213, 40.6263224 ], [ 14.4271212, 40.6262214 ], [ 14.427221, 40.6261419 ], [ 14.4273738, 40.626011 ], [ 14.4276166, 40.6258875 ], [ 14.4278298, 40.6256929 ] ] } },
{ "type": "Feature", "properties": { "name": "Via Lavinola", "name_manual": "Via Lavinola", "name_original": "Via Lavinola", "highway": "residential", "status": "unexplored", "description": "unexplored" }, "geometry": { "type": "LineString", "coordinates": [ [ 14.427145, 40.6270494 ], [ 14.4273207, 40.6270329 ], [ 14.4276773, 40.6270049 ], [ 14.4279203, 40.626985 ], [ 14.4280668, 40.6270227 ], [ 14.4282111, 40.6271185 ], [ 14.4284403, 40.6271343 ], [ 14.4291269, 40.627473 ], [ 14.429702, 40.627929 ], [ 14.4306874, 40.6280634 ], [ 14.4311354, 40.6279616 ], [ 14.4322045, 40.6276225 ], [ 14.4327168, 40.6277173 ], [ 14.4329937, 40.6276467 ], [ 14.433667, 40.6277323 ], [ 14.4337407, 40.6277288 ], [ 14.4337875, 40.6276969 ] ] } },
{ "type": "Feature", "properties": { "name": "Via Badessa", "name_manual": "Via Badessa", "name_original": "Via Badessa", "highway": "residential", "status": "unexplored", "description": "unexplored" }, "geometry": { "type": "LineString", "coordinates": [ [ 14.4429164, 40.6278484 ], [ 14.4429356, 40.628145 ], [ 14.4428496, 40.6283405 ], [ 14.4425288, 40.628627 ], [ 14.442282, 40.6288774 ], [ 14.4421571, 40.6290402 ], [ 14.4420634, 40.6292815 ], [ 14.4420768, 40.6293823 ], [ 14.4421466, 40.6294535 ], [ 14.4421774, 40.629539 ], [ 14.4421814, 40.6296204 ], [ 14.4421653, 40.6296917 ], [ 14.4419011, 40.6297253 ], [ 14.4417925, 40.6297365 ], [ 14.44148, 40.6298382 ], [ 14.441248, 40.6300204 ], [ 14.4410402, 40.6302342 ], [ 14.4407773, 40.6305314 ], [ 14.4404031, 40.6309008 ], [ 14.4402677, 40.631081 ], [ 14.4401886, 40.6313853 ], [ 14.4401765, 40.6314932 ], [ 14.4402328, 40.6317028 ], [ 14.4402972, 40.6318402 ], [ 14.4404085, 40.6319593 ], [ 14.4405252, 40.6320479 ], [ 14.4405265, 40.632114 ], [ 14.4405024, 40.632168 ], [ 14.4402824, 40.6323501 ], [ 14.4401983, 40.6324681 ], [ 14.4401423, 40.6326138 ], [ 14.4399753, 40.6330341 ], [ 14.4399297, 40.6331053 ], [ 14.4397061, 40.6331784 ], [ 14.439395, 40.6332227 ], [ 14.4391415, 40.6332572 ], [ 14.439058, 40.6332946 ], [ 14.4390231, 40.6333374 ], [ 14.4390059, 40.6335633 ], [ 14.4390193, 40.6337987 ], [ 14.439036, 40.6338594 ] ] } },
{ "type": "Feature", "properties": { "name": "Ponte Orazio", "name_manual": "Ponte Orazio", "name_original": "Ponte Orazio", "highway": "residential", "status": "unexplored", "description": "unexplored" }, "geometry": { "type": "LineString", "coordinates": [ [ 14.4203013, 40.6348876 ], [ 14.4203951, 40.6349528 ] ] } },
{ "type": "Feature", "properties": { "name": "Corso Italia", "name_manual": "Corso Italia", "name_original": "Corso Italia", "highway": "primary", "status": "unexplored", "description": "unexplored" }, "geometry": { "type": "LineString", "coordinates": [ [ 14.4167916, 40.6349057 ], [ 14.4166875, 40.634851 ], [ 14.4164613, 40.6347649 ], [ 14.4158827, 40.634561 ], [ 14.4155357, 40.6344338 ] ] } },
{ "type": "Feature", "properties": { "name": "Via Ponte di Mortora", "name_manual": "Via Ponte di Mortora", "name_original": "Via Ponte di Mortora", "highway": "footway", "status": "unexplored", "description": "unexplored" }, "geometry": { "type": "LineString", "coordinates": [ [ 14.4126102, 40.628678 ], [ 14.4126352, 40.6287069 ], [ 14.4129608, 40.6290081 ], [ 14.4129001, 40.629041 ], [ 14.4128123, 40.6290586 ], [ 14.4127577, 40.6290974 ], [ 14.4125852, 40.6292354 ], [ 14.4125812, 40.6292764 ], [ 14.412691, 40.6294001 ], [ 14.4127091, 40.6294437 ] ] } },
{ "type": "Feature", "properties": { "name": "Via Artemano", "name_manual": "Via Artemano", "name_original": "Via Artemano", "highway": "footway", "status": "unexplored", "description": "unexplored" }, "geometry": { "type": "LineString", "coordinates": [ [ 14.4260411, 40.6184652 ], [ 14.4261344, 40.6184195 ], [ 14.4262739, 40.6183299 ], [ 14.4264093, 40.6182541 ], [ 14.4266361, 40.6181512 ] ] } },
{ "type": "Feature", "properties": { "name": "Via Artemano", "name_manual": "Via Artemano", "name_original": "Via Artemano", "highway": "residential", "status": "unexplored", "description": "unexplored" }, "geometry": { "type": "LineString", "coordinates": [ [ 14.4266361, 40.6181512 ], [ 14.4267103, 40.6181175 ], [ 14.4269498, 40.6180204 ], [ 14.4271365, 40.6179399 ], [ 14.4272824, 40.6178663 ], [ 14.4278108, 40.6175825 ], [ 14.427826, 40.6175424 ], [ 14.4278225, 40.6175098 ] ] } },
{ "type": "Feature", "properties": { "name": "Via San Pietro", "name_manual": "Via San Pietro", "name_original": "Via San Pietro", "highway": "service", "status": "unexplored", "description": "unexplored" }, "geometry": { "type": "LineString", "coordinates": [ [ 14.4311131, 40.6185672 ], [ 14.4312549, 40.6186047 ], [ 14.4320908, 40.6187083 ] ] } },
{ "type": "Feature", "properties": { "name": "Via Antonino Aversa", "name_manual": "Via Antonino Aversa", "name_original": "Via Antonino Aversa", "highway": "service", "status": "unexplored", "description": "unexplored" }, "geometry": { "type": "LineString", "coordinates": [ [ 14.4310455, 40.6185839 ], [ 14.4311131, 40.6185672 ], [ 14.4312581, 40.6184124 ], [ 14.4313435, 40.6183515 ], [ 14.4317222, 40.6181507 ], [ 14.4317615, 40.6181247 ], [ 14.43192, 40.61802 ], [ 14.4321, 40.61778 ] ] } },
{ "type": "Feature", "properties": { "name": "Ponte Orazio", "name_manual": "Ponte Orazio", "name_original": "Ponte Orazio", "highway": "residential", "status": "unexplored", "description": "unexplored" }, "geometry": { "type": "LineString", "coordinates": [ [ 14.420293, 40.6348833 ], [ 14.4203003, 40.6348868 ], [ 14.4203013, 40.6348876 ] ] } },
{ "type": "Feature", "properties": { "name": "Via Traversa Petrulo", "name_manual": "Via Traversa Petrulo", "name_original": "Via Traversa Petrulo", "highway": "residential", "status": "unexplored", "description": "unexplored" }, "geometry": { "type": "LineString", "coordinates": [ [ 14.4202228, 40.6262269 ], [ 14.420414, 40.6263817 ], [ 14.4205441, 40.6264947 ], [ 14.42065, 40.6266341 ], [ 14.4206797, 40.6266989 ] ] } },
{ "type": "Feature", "properties": { "name": "Via Nastro Azzurro", "name_manual": "Via Nastro Azzurro", "name_original": "Via Nastro Azzurro", "highway": "primary", "status": "unexplored", "description": "unexplored" }, "geometry": { "type": "LineString", "coordinates": [ [ 14.4136275, 40.6151367 ], [ 14.4134726, 40.6150668 ] ] } },
{ "type": "Feature", "properties": { "name": "Via Nastro Azzurro", "name_manual": "Via Nastro Azzurro", "name_original": "Via Nastro Azzurro", "highway": "primary", "status": "unexplored", "description": "unexplored" }, "geometry": { "type": "LineString", "coordinates": [ [ 14.4139203, 40.6152612 ], [ 14.4137974, 40.6152108 ] ] } },
{ "type": "Feature", "properties": { "name": "Via Nastro Azzurro", "name_manual": "Via Nastro Azzurro", "name_original": "Via Nastro Azzurro", "highway": "primary", "status": "unexplored", "description": "unexplored" }, "geometry": { "type": "LineString", "coordinates": [ [ 14.4137974, 40.6152108 ], [ 14.4136275, 40.6151367 ] ] } },
{ "type": "Feature", "properties": { "name": "Via Nastro Azzurro", "name_manual": "Via Nastro Azzurro", "name_original": "Via Nastro Azzurro", "highway": "primary", "status": "unexplored", "description": "unexplored" }, "geometry": { "type": "LineString", "coordinates": [ [ 14.4275138, 40.61744 ], [ 14.4273675, 40.6174297 ] ] } },
{ "type": "Feature", "properties": { "name": "Via Nastro Azzurro", "name_manual": "Via Nastro Azzurro", "name_original": "Via Nastro Azzurro", "highway": "primary", "status": "unexplored", "description": "unexplored" }, "geometry": { "type": "LineString", "coordinates": [ [ 14.427703, 40.617428 ], [ 14.4277845, 40.6174527 ], [ 14.4278519, 40.6174823 ], [ 14.427883, 40.6174929 ] ] } },
{ "type": "Feature", "properties": { "name": "Via Meta Amalfi", "name_manual": "Via Meta Amalfi", "name_original": "Via Meta Amalfi", "highway": "primary", "status": "unexplored", "description": "unexplored" }, "geometry": { "type": "LineString", "coordinates": [ [ 14.427883, 40.6174929 ], [ 14.4278225, 40.6175098 ] ] } },
{ "type": "Feature", "properties": { "name": "Via San Michele", "name_manual": "Via San Michele", "name_original": "Via San Michele", "highway": "residential", "status": "unexplored", "description": "unexplored" }, "geometry": { "type": "LineString", "coordinates": [ [ 14.4085122, 40.6339979 ], [ 14.4084878, 40.6340255 ], [ 14.4084649, 40.634064 ], [ 14.4084191, 40.6341277 ], [ 14.4082651, 40.634314 ], [ 14.4081037, 40.6344833 ], [ 14.4079839, 40.634631 ], [ 14.407936, 40.6346833 ], [ 14.4078701, 40.6347558 ], [ 14.4077828, 40.634852 ], [ 14.4076579, 40.635021 ] ] } },
{ "type": "Feature", "properties": { "name": "Via San Michele", "name_manual": "Via San Michele", "name_original": "Via San Michele", "highway": "residential", "status": "unexplored", "description": "unexplored" }, "geometry": { "type": "LineString", "coordinates": [ [ 14.4100621, 40.6322851 ], [ 14.4098486, 40.6325084 ], [ 14.4096436, 40.632719 ] ] } },
{ "type": "Feature", "properties": { "name": "Traversa Seconda San Michele", "name_manual": "Traversa Seconda San Michele", "name_original": "Traversa Seconda San Michele", "highway": "service", "status": "unexplored", "description": "unexplored" }, "geometry": { "type": "LineString", "coordinates": [ [ 14.4094478, 40.6329353 ], [ 14.4094668, 40.6329419 ], [ 14.4096171, 40.6330107 ], [ 14.4097193, 40.6330496 ], [ 14.4098424, 40.6330887 ], [ 14.4099889, 40.6331435 ], [ 14.4101555, 40.6332225 ] ] } },
{ "type": "Feature", "properties": { "name": "Via della Stazione", "name_manual": "Via della Stazione", "name_original": "Via della Stazione", "highway": "residential", "status": "unexplored", "description": "unexplored" }, "geometry": { "type": "LineString", "coordinates": [ [ 14.4102619, 40.6347878 ], [ 14.4102336, 40.6347981 ], [ 14.4102109, 40.6347957 ], [ 14.4098921, 40.6346146 ], [ 14.4097477, 40.6345348 ], [ 14.4095068, 40.6344359 ], [ 14.4092144, 40.6343155 ], [ 14.4091247, 40.6342772 ] ] } },
{ "type": "Feature", "properties": { "name": "Via Cavoniello", "name_manual": "Via Cavoniello", "name_original": "Via Cavoniello", "highway": "service", "status": "unexplored", "description": "unexplored" }, "geometry": { "type": "LineString", "coordinates": [ [ 14.4127002, 40.6329945 ], [ 14.4127212, 40.6329746 ], [ 14.4128901, 40.6327889 ], [ 14.412936, 40.6326616 ], [ 14.4130578, 40.6325426 ], [ 14.4131752, 40.6325116 ], [ 14.4133511, 40.6324885 ], [ 14.4135252, 40.6324999 ], [ 14.4137418, 40.632569 ] ] } },
{ "type": "Feature", "properties": { "name": "Via Trinità", "name_manual": "Via Trinità", "name_original": "Via Trinità", "highway": "service", "status": "unexplored", "description": "unexplored" }, "geometry": { "type": "LineString", "coordinates": [ [ 14.420485, 40.6343982 ], [ 14.4204851, 40.6344641 ], [ 14.420475, 40.634549 ], [ 14.420414, 40.6347388 ], [ 14.4203737, 40.6347958 ], [ 14.420293, 40.6348833 ] ] } },
{ "type": "Feature", "properties": { "name": "Via Trinità", "name_manual": "Via Trinità", "name_original": "Via Trinità", "highway": "residential", "status": "unexplored", "description": "unexplored" }, "geometry": { "type": "LineString", "coordinates": [ [ 14.4213612, 40.6319333 ], [ 14.421401, 40.6319563 ], [ 14.4216019, 40.6320378 ], [ 14.421794, 40.6320855 ], [ 14.4220857, 40.6321944 ] ] } },
{ "type": "Feature", "properties": { "name": "Via della Stazione", "name_manual": "Via della Stazione", "name_original": "Via della Stazione", "highway": "residential", "status": "unexplored", "description": "unexplored" }, "geometry": { "type": "LineString", "coordinates": [ [ 14.4091247, 40.6342772 ], [ 14.4087431, 40.634098 ], [ 14.4085442, 40.6340105 ], [ 14.4085369, 40.6340073 ], [ 14.4085122, 40.6339979 ] ] } },
{ "type": "Feature", "properties": { "name": "Via Santa Margherita", "name_manual": "Via Santa Margherita", "name_original": "Via Santa Margherita", "highway": "service", "status": "unexplored", "description": "unexplored" }, "geometry": { "type": "LineString", "coordinates": [ [ 14.4091247, 40.6342772 ], [ 14.4089831, 40.6344386 ], [ 14.408907, 40.6345188 ], [ 14.4086693, 40.634772 ] ] } }
]
}
